-1.0,0.132001770626769,0.1479746880203618
-0.998,0.13178772052347826,0.14885826466351174
-0.996,0.1316108039856051,0.14978512909029784
-0.994,0.13142412801903003,0.15065418070079659
-0.992,0.13123877342560167,0.15150958510642426
-0.99,0.13102542164613376,0.15240901034553853
-0.988,0.1308162717237133,0.153328976286884
-0.986,0.13059149573889445,0.15416177413445062
-0.984,0.13037426025464616,0.15501763722365536
-0.982,0.13021018324267747,0.15594435681441865
-0.98,0.12999332866500427,0.15679086457865454
-0.978,0.12978446087868412,0.15766512181842768
-0.976,0.12959276149600954,0.1585433367220396
-0.974,0.12937455764189998,0.15941825927269881
-0.972,0.12915732340991745,0.16028376735602085
-0.97,0.1289520739489041,0.1611271085932071
-0.968,0.12875254746778808,0.16200664916569635
-0.966,0.12853656692919913,0.1628603773137345
-0.964,0.12831952773858685,0.16373862740311032
-0.962,0.1281054464303409,0.16458616453134836
-0.96,0.12787226312091696,0.16544256698254925
-0.958,0.12766483276186916,0.16627928146170212
-0.956,0.12743726351611642,0.1671435155631653
-0.954,0.12723152591949574,0.1680269736483543
-0.952,0.1269783343247502,0.16886854894803996
-0.95,0.12678296987307505,0.16968924450386513
-0.948,0.1265604459280265,0.17054868306423973
-0.946,0.1263364489692011,0.17142762942196965
-0.944,0.12604804237790423,0.17225242620229583
-0.942,0.12585773264374753,0.1731007192158343
-0.94,0.1256563796653968,0.17399454739393175
-0.938,0.12540981670917248,0.174794524069697
-0.936,0.12515880222572476,0.17564848075377235
-0.934,0.12495847414301021,0.17648976348527534
-0.932,0.12471157952337635,0.17734350381282887
-0.93,0.12449348241746509,0.17814315618448107
-0.928,0.12424123672421082,0.1789611027643625
-0.926,0.12402430620026265,0.1798200376587214
-0.924,0.12377993633696086,0.18062775379846988
-0.922,0.1235687827547307,0.18147642250015134
-0.92,0.12330765216154933,0.1823092215330295
-0.918,0.12308282138251893,0.18314946791016892
-0.916,0.12283491854265285,0.18395935188205373
-0.914,0.12259027119100606,0.18481661442868363
-0.912,0.12233993920985252,0.18560532680746364
-0.91,0.12210508571775945,0.18640036982052494
-0.908,0.1218493775121585,0.18725903933791
-0.906,0.12160418343743713,0.18805660142222097
-0.904,0.12135613076984272,0.18891267838635856
-0.902,0.12110865361377914,0.18967433003244735
-0.9,0.12088176900387697,0.19050958688842287
-0.898,0.12059426882182668,0.19131078726528808
-0.896,0.12035339846544747,0.19211421357336575
-0.894,0.12008214356189935,0.19291375560853585
-0.892,0.1198354864870717,0.19372474832856668
-0.89,0.11959481871259141,0.194556589659645
-0.888,0.11932720339994154,0.19531364039172136
-0.886,0.11908184677225225,0.1961577512465949
-0.884,0.11884065659395338,0.196951299765048
-0.882,0.11857385371024207,0.19770917679615557
-0.88,0.11830089294723382,0.1985398509538235
-0.878,0.11803842399866293,0.19934057535974672
-0.876,0.11778397667363504,0.20012933260468238
-0.874,0.11750832890866594,0.2008703786033495
-0.872,0.11723087097583763,0.2016883483218384
-0.87,0.11696662361281956,0.20246676097893138
-0.868,0.11672815049989058,0.20326434634964022
-0.866,0.11645540101694389,0.20405878962098578
-0.864,0.11616559292158692,0.2048422919910164
-0.862,0.1159316748981344,0.20559549402908978
-0.86,0.11563897061060205,0.20638248996438335
-0.858,0.11536628441418716,0.2071127911274062
-0.856,0.11509554137011721,0.20790553751801757
-0.854,0.11483445991633748,0.20870731102068088
-0.852,0.11454488746220982,0.20944447958552237
-0.85,0.11428657368561909,0.210256180227161
-0.848,0.11399471400927548,0.21103226446884882
-0.846,0.1137211496495993,0.21174108374225012
-0.844,0.11345645896153508,0.21252782811868262
-0.842,0.11317198642994762,0.21328311692271304
-0.84,0.1128723909513339,0.21402396577183994
-0.838,0.11257984875849626,0.21476005103608445
-0.836,0.11233788819623512,0.2155549238641974
-0.834,0.11200798407273,0.21628910354083777
-0.832,0.11173623928648704,0.21708973840940943
-0.83,0.11144912209253124,0.21783841927651088
-0.828,0.11117951097257762,0.21860100745970681
-0.826,0.11089259971761282,0.2192704671577282
-0.824,0.11059340121220436,0.22001049462374442
-0.822,0.11031633920967567,0.2207862564758288
-0.82,0.11001551413565619,0.22157142273397457
-0.818,0.10971970363072611,0.22224523768868254
-0.816,0.10942850139954433,0.22299955249817285
-0.814,0.10914893824534899,0.22371503778310237
-0.812,0.10885648431969842,0.22447333830198
-0.81,0.10855297499510412,0.22517026702206402
-0.808,0.10825207809404748,0.22592342041703786
-0.806,0.10796287938642371,0.22666195957589938
-0.804,0.1076487058370796,0.22736683295459767
-0.802,0.1073592320175121,0.22806253178104366
-0.8,0.10705805407657693,0.22887104671144787
-0.798,0.10675827353080489,0.22950172916864525
-0.796,0.10646796284167583,0.2302519507747401
-0.794,0.10614671404810598,0.23096807093087754
-0.792,0.10583995834035194,0.23166976785291785
-0.79,0.10554185807445016,0.23240494913955853
-0.788,0.1052445344556331,0.233043347035814
-0.786,0.10493714957565241,0.23380652314526307
-0.784,0.1046214243463219,0.2344779853701822
-0.782,0.10432907438938681,0.23516554906404755
-0.78,0.10400566373525111,0.23588169098517325
-0.778,0.10369555586631539,0.23661666061635997
-0.776,0.10338037995977209,0.23732644488765586
-0.774,0.10308576364417533,0.23797799348767862
-0.772,0.1027575407114939,0.23865680509827553
-0.77,0.10244755278150386,0.2393676690899412
-0.768,0.1021209064417725,0.24006355311737446
-0.766,0.10182201586260778,0.2407211039249743
-0.764,0.10149242281832377,0.2414094410773779
-0.762,0.1011766497931619,0.24207322065516712
-0.76,0.10086240548706886,0.2427530454876759
-0.758,0.1005348474493824,0.24344914141433122
-0.756,0.10022561646066826,0.2441047738543942
-0.754,0.09990272204463468,0.24481190567601357
-0.752,0.09956679913278635,0.24546923045133906
-0.75,0.0992500944829285,0.24618399153910503
-0.748,0.09893457434732768,0.24681518319829535
-0.746,0.09859886502655708,0.24744101052961626
-0.744,0.09829041307307752,0.24813843096464222
-0.742,0.09795047380811446,0.24877954920060205
-0.74,0.09760763866610615,0.24945375913829132
-0.738,0.09728162608482427,0.2500502884026702
-0.736,0.09697041537432151,0.2507401909007129
-0.734,0.09663708061300928,0.25138752669010456
-0.732,0.09631164266856115,0.2520148296012538
-0.73,0.09597375338852257,0.2527133092692274
-0.728,0.095649038624153,0.2533168916122007
-0.726,0.09529897327732928,0.2539662297584694
-0.724,0.09496809670771618,0.2546274792057439
-0.722,0.09462647357480106,0.2552360242214433
-0.72,0.09432278292477994,0.25586148106642953
-0.718,0.09397884351188208,0.25649337021065255
-0.716,0.09364129324728084,0.25714633871906256
-0.714,0.09329787769244241,0.2577801829297213
-0.712,0.09294441492070801,0.2583870448634513
-0.71,0.09262533700607452,0.2590137605196274
-0.708,0.09226925182739285,0.2596209238606405
-0.706,0.09193264605094077,0.2602364195530757
-0.704,0.09159401890230488,0.26085069982800035
-0.702,0.09124733296225308,0.26146675624304705
-0.7,0.09089279745877973,0.26208334023234187
-0.698,0.09056120173240359,0.2627180756081603
-0.696,0.0902252481008235,0.26326079754510573
-0.694,0.08984024077205986,0.2639136054186531
-0.692,0.08951966948686609,0.2645502341447532
-0.69,0.08915810084502593,0.26512944711146014
-0.688,0.08882029011785851,0.2657500063924942
-0.686,0.08846349046602241,0.26626949072191175
-0.684,0.08812458022204013,0.26691557822321793
-0.682,0.08776922077778126,0.2675540207570406
-0.68,0.08743066206310426,0.2680725049255837
-0.678,0.08707175221129673,0.268690338304495
-0.676,0.0866996471307362,0.26923842044906654
-0.674,0.08635643114204732,0.2698019289938953
-0.672,0.086008713781659,0.2704003827753991
-0.67,0.0856453975717371,0.2709967247556332
-0.668,0.08530023521694526,0.27158279287111614
-0.666,0.08493219785734824,0.27212059567381913
-0.664,0.08457869540928252,0.2726963650807915
-0.662,0.08422503724332069,0.27323944031214104
-0.66,0.08384471977928619,0.2738449949870325
-0.658,0.08349900747986876,0.27441857694082716
-0.656,0.08314684060828499,0.27494077872147393
-0.654,0.08277031483308296,0.2754655991955066
-0.652,0.08243434970717717,0.2760974039119403
-0.65,0.08205909686527528,0.2766483373112571
-0.648,0.08167023593986704,0.2771406778440329
-0.646,0.08131806319357124,0.27770787100173366
-0.644,0.08096353879053089,0.27828131058362054
-0.642,0.08058948520846167,0.27877205230725627
-0.64,0.08023504199218391,0.27931554624038246
-0.638,0.07986535850691881,0.2798661219140173
-0.636,0.07948839178046088,0.28040182426414934
-0.634,0.07911910972947203,0.2809148349655144
-0.632,0.07875677105183479,0.2814728456103262
-0.63,0.07840116954726815,0.2820037381335463
-0.628,0.07802700655273999,0.28252586753038517
-0.626,0.07763538401457318,0.283023216772592
-0.624,0.0772739292808689,0.28358019006173346
-0.622,0.07688587865405044,0.2840785724595753
-0.62,0.07649891765034682,0.28461969808569504
-0.618,0.07613665869542385,0.2850674640041875
-0.616,0.07577234622002416,0.2856047024821148
-0.614,0.07538184035378173,0.286151989393781
-0.612,0.0750322531680395,0.2866663386190054
-0.61,0.07464053530828756,0.2870862478027525
-0.608,0.07426221678604047,0.2876022523580262
-0.606,0.07388216469114114,0.2880822923893944
-0.604,0.07350180524082067,0.2885860221090539
-0.602,0.0731233778420858,0.2891090213517619
-0.6,0.07275002344753434,0.2896291553585536
-0.598,0.0723742641522045,0.29012274904689717
-0.596,0.07198409848764913,0.2905454850670834
-0.594,0.07159891481623581,0.2911227031133135
-0.592,0.07122173412429988,0.291516408052031
-0.59,0.0708325762322949,0.29202610690285474
-0.588,0.07045894958732682,0.29247713218292754
-0.586,0.0700653964756926,0.2929600928654012
-0.584,0.06968096286540303,0.29342049945528864
-0.582,0.06929059648578137,0.2938487234594808
-0.58,0.0689181716454149,0.29437602445841987
-0.578,0.06851536066455113,0.29480243228553765
-0.576,0.06813859217184454,0.2952555201705622
-0.574,0.06774404450587668,0.29577285718540064
-0.572,0.06735922485769262,0.2961677679864772
-0.57,0.06697856204068021,0.29665115088605265
-0.568,0.06657457158659928,0.2970679772405907
-0.566,0.06618365250438167,0.2975812358075212
-0.564,0.06579629016061243,0.29797753483525685
-0.562,0.06540835903329964,0.29843997003870676
-0.56,0.06501337566788815,0.29885716484097463
-0.558,0.06461537788209475,0.299256542905854
-0.556,0.06422723733828696,0.2997233073018508
-0.554,0.06383364980701003,0.30015718503800565
-0.552,0.06345120583528775,0.30052202188404337
-0.55,0.06304595134219623,0.3009791546958831
-0.548,0.0626471051583589,0.3014625051658809
-0.546,0.06224822309249067,0.30182652516031605
-0.544,0.061845265409101645,0.30226467625750214
-0.542,0.06144963799119165,0.3027024085864569
-0.54,0.0610660798680986,0.3030861517426032
-0.538,0.060665045809527945,0.303510908125905
-0.536,0.060268628931614526,0.30390133652812723
-0.534,0.05986243132322138,0.30425736282877874
-0.532,0.05945709431555329,0.30469375844270224
-0.53,0.05904726947611573,0.30508000059205853
-0.528,0.05865083668563172,0.30550207434712007
-0.526,0.0582484474439463,0.3059437127471185
-0.524,0.057868072021429406,0.3062694653427681
-0.522,0.057441508705043165,0.30660917997143133
-0.52,0.05705100900603368,0.30704493658913307
-0.518,0.05664904560731795,0.3074313097056108
-0.516,0.05623504817618664,0.30784060934574076
-0.514,0.05582890003125754,0.308167765471853
-0.512,0.05542492759727077,0.3085637665762716
-0.51,0.05501772120833393,0.30894886534200544
-0.508,0.054617542290935864,0.30935550257571537
-0.506,0.05421338993586823,0.3096248769460068
-0.504,0.05380884334842945,0.3099938565182701
-0.502,0.053399305061016956,0.31035821361300825
-0.5,0.052997176075090385,0.31067711655410457
-0.498,0.05258456088461507,0.3110645747654221
-0.496,0.05217429864118141,0.3114214901905687
-0.494,0.05176266168162213,0.31175765524359367
-0.492,0.05135368934209121,0.31217572048047276
-0.49,0.05094451082065591,0.3124688560934629
-0.488,0.050535487764033625,0.3128320395465875
-0.486,0.050109175128952174,0.3131151635092462
-0.484,0.0497110908673388,0.31341360954251424
-0.482,0.04929082087103517,0.31392139479817366
-0.48,0.048881564517361205,0.31411451021448966
-0.478,0.04847716986096391,0.31454583125749536
-0.476,0.04805664427360515,0.3147608484467365
-0.474,0.04764085503970371,0.31513301012712874
-0.472,0.047228018489752624,0.31546026768817037
-0.47,0.046819365188833305,0.3157634741880803
-0.468,0.04639883932198517,0.3161044963712046
-0.466,0.04598378794395623,0.31635389349435883
-0.464,0.04556631715510095,0.3167172376977327
-0.462,0.04514804852658045,0.3169531127618825
-0.46,0.044732893805769926,0.31728762484279704
-0.458,0.04432152292201577,0.3176213141622396
-0.456,0.04389480905411215,0.3178978767151255
-0.454,0.043469537553097945,0.31822615422067624
-0.452,0.043061201559088845,0.31851335094044236
-0.45,0.042646554994922516,0.3187164366416592
-0.448,0.04222873215280276,0.3190706950535446
-0.446,0.04180548839733447,0.31932363607825787
-0.444,0.04138402212446182,0.319552104247815
-0.442,0.040968473772350494,0.3199182559320275
-0.44,0.04054823416391347,0.3201427515719058
-0.438,0.040131665619078875,0.32042307168518774
-0.436,0.039710408754146775,0.3206986698270394
-0.434,0.039287023146773466,0.32094259498927663
-0.432,0.038865920966484654,0.3211946576348719
-0.43,0.03843729067128775,0.32155918330037764
-0.428,0.03801346938042351,0.3217292908144749
-0.426,0.03758903731281186,0.3219671319765577
-0.424,0.03716657221917324,0.3222444270077903
-0.422,0.03674384811112659,0.3224531905991191
-0.42,0.03631811191749596,0.3227214746000051
-0.418,0.0359001317469899,0.32298379534175015
-0.416,0.03547850472492233,0.3232219713115467
-0.414,0.03505351866726806,0.32346288007947616
-0.412,0.03461996851191502,0.32364972901802946
-0.41,0.03419308833107282,0.3239381496632967
-0.408,0.03376999192228982,0.3241322542981802
-0.406,0.03334689585011091,0.32438495737589307
-0.404,0.032915071496796885,0.32458296498196326
-0.402,0.03248980502691247,0.3248361288886256
-0.4,0.032068644138955785,0.32504889326323216
-0.398,0.03163873084894417,0.32527008537445257
-0.396,0.031217708825988382,0.3254605128938397
-0.394,0.03078556840763279,0.3256878119830898
-0.392,0.030354883200939903,0.3258769975046837
-0.39,0.02992276132373476,0.3261139036870072
-0.388,0.02950221023737371,0.3262356794684924
-0.386,0.029069846751523742,0.32646343801768046
-0.384,0.0286448050013162,0.32664544811739127
-0.382,0.028206564816458272,0.3268356545637873
-0.38,0.0277817805664972,0.32702528448506113
-0.378,0.027350796083923417,0.32717474191871937
-0.376,0.026921029238302214,0.32743953446900825
-0.374,0.026491852553272886,0.3275497487068604
-0.372,0.0260582829868213,0.32774826685980835
-0.37,0.025630139810349773,0.32798617088260307
-0.368,0.02519987849181556,0.3281326078655776
-0.366,0.024764594973707043,0.32827088154778
-0.364,0.02433876660909283,0.328489951105297
-0.362,0.023903261503841977,0.32849540666210647
-0.36,0.023477378229216986,0.3287821811291015
-0.358,0.023040350620453634,0.328902745137078
-0.356,0.02260772616034135,0.3291014450452159
-0.354,0.022174369272350884,0.32919323296592595
-0.352,0.021740365459361838,0.3293562482192497
-0.35,0.02131076708450892,0.32952170271028913
-0.348,0.020872883764113052,0.32970485883430156
-0.346,0.02044483189792946,0.3297590058077171
-0.344,0.020009188262775764,0.3299142083049304
-0.342,0.019578055107907062,0.3300415524760604
-0.34,0.01914348822014467,0.33019087924844576
-0.338,0.01871042586390697,0.3302946618696632
-0.336,0.018273894095539905,0.33042400856333587
-0.334,0.017841579471054237,0.33052480367496995
-0.332,0.01740467469550184,0.33064935847919513
-0.33,0.016972915767214904,0.33077481532341557
-0.328,0.016538367461234115,0.33085001276744
-0.326,0.01610335808402906,0.3310374554493253
-0.324,0.01566528430361489,0.3311931577653922
-0.322,0.015234052690693476,0.33124468078493546
-0.32,0.014796125488282836,0.3313417849105055
-0.318,0.01436005893189182,0.3314252282881282
-0.316,0.013927312560250663,0.3315267908869899
-0.314,0.013488942097430866,0.33159226785610474
-0.312,0.01305255299510306,0.3317473683066519
-0.31,0.012619787528057392,0.33177072396486457
-0.308,0.012179594851289841,0.3318584446028347
-0.306,0.011745470796189282,0.33196834373215145
-0.304,0.011306641648587502,0.3320933647855074
-0.302,0.010873297036522588,0.33210372758449835
-0.3,0.010435646133816265,0.3321213291225821
-0.298,0.00999998466070132,0.3322238791041739
-0.296,0.009564633950308144,0.33239715922389823
-0.294,0.0091267561751791,0.33237560930003146
-0.292,0.008690137695441061,0.3324089104941572
-0.29,0.008253144953066062,0.3325512947295113
-0.288,0.007817910249808144,0.332497780115283
-0.286,0.007380798704286125,0.3326151948405814
-0.284,0.006941787847866552,0.3326125788474862
-0.282,0.006505591014593689,0.33271414955513134
-0.28,0.006068021573025544,0.33261426626884416
-0.278,0.0056306269145319655,0.33277401337193563
-0.276,0.005193318995127084,0.3328032213472681
-0.274,0.004756768230929523,0.33288570810725804
-0.272,0.004318756196431151,0.3328890728706093
-0.27,0.0038816466482689115,0.3328992021509749
-0.268,0.0034438480870252934,0.3329001351442619
-0.266,0.003005952428564365,0.3328922964074011
-0.264,0.0025691849888674714,0.3329445195827044
-0.262,0.002131557061368575,0.3329776357174411
-0.26,0.001693867003297782,0.33298162843214835
-0.258,0.0012564410371179201,0.33301549276488923
-0.256,0.0008187859566414128,0.33306668669268735
-0.254,0.00038120090373283704,0.33300356725650593
-0.252,-5.632100282564984e-05,0.33297425269356834
-0.25,-0.0004939408117901888,0.3330266766108513
-0.248,-0.0009315318505302408,0.33299330750532957
-0.246,-0.0013688840796211499,0.33302064995845826
-0.244,-0.001806634429594563,0.33304625406965466
-0.242,-0.0022446128081572117,0.3329466847490841
-0.24,-0.002681047904692239,0.3329161962602243
-0.238,-0.0031191731522403213,0.3329119083254833
-0.236,-0.0035563351210409996,0.3328637716592851
-0.234,-0.0039932243614090234,0.3329058677589175
-0.232,-0.004430917474944399,0.3328363175901612
-0.23,-0.00486912486483914,0.3328707158231734
-0.228,-0.005306283327026006,0.33275666219376704
-0.226,-0.005742745027584213,0.33273550030945165
-0.224,-0.006181235142957033,0.33275210964061114
-0.222,-0.0066186607010680085,0.332663258973576
-0.22,-0.0070546771905068755,0.3326337238127116
-0.218,-0.0074905019471525405,0.3326297451910829
-0.216,-0.007929302327972055,0.33257761441433487
-0.214,-0.008365126872623176,0.3324933400056711
-0.212,-0.00880154385012257,0.33240988255831383
-0.21,-0.009239159811253662,0.33239598710715335
-0.208,-0.009673939559628251,0.3323434994165219
-0.206,-0.01011316987953144,0.3322577277521554
-0.204,-0.010549482337745523,0.3321671929132569
-0.202,-0.010983049193240835,0.332084051510084
-0.2,-0.011420283754963019,0.3320215874190364
-0.198,-0.01185926510012582,0.331928012064184
-0.196,-0.012294126728177137,0.33187874514536625
-0.194,-0.012731053466045614,0.33181064658753434
-0.192,-0.013166232132974501,0.33166831977488803
-0.19,-0.013601691104109408,0.3315978474470651
-0.188,-0.014037387439023451,0.33152325126581594
-0.186,-0.014472825332692705,0.331372646448189
-0.184,-0.014911026393849985,0.3312668619611614
-0.182,-0.015342529998383661,0.3311913639829828
-0.18,-0.01577675315892131,0.3311254444675088
-0.178,-0.016216133784159068,0.33097706823078366
-0.176,-0.016647449798334896,0.33089004723572446
-0.174,-0.017081539626835937,0.3307986532356151
-0.172,-0.017520030660214566,0.3306466361428938
-0.17,-0.01795012169903888,0.3304827628264189
-0.168,-0.01838475612954552,0.3303692697301137
-0.166,-0.018821900653752048,0.3303485676526468
-0.164,-0.019255326878906447,0.3301191486434685
-0.162,-0.01968780040493087,0.3300559967465155
-0.16,-0.020120920564159584,0.32990406914942316
-0.158,-0.02055161092439029,0.3297469446692992
-0.156,-0.02098953863216807,0.3296309541754851
-0.154,-0.021420939944265718,0.32946300555815344
-0.152,-0.021854687613293188,0.329314183875384
-0.15,-0.02228451849735246,0.32910136254205835
-0.148,-0.02271747823956004,0.3290790289917595
-0.146,-0.02315087371509439,0.3289156901439154
-0.144,-0.023581356411671205,0.32870931680339405
-0.142,-0.0240144608595128,0.3285509066262753
-0.14,-0.02444236972128005,0.3284061274747889
-0.138,-0.024883709904925843,0.32823515430002115
-0.136,-0.025309582548735495,0.32804827181600654
-0.134,-0.025739434016935618,0.32796254308155826
-0.132,-0.026173004370353577,0.3277362352941565
-0.13,-0.026598610313763257,0.32755648208577987
-0.128,-0.027031695987594407,0.32738019547883207
-0.126,-0.02746533303543918,0.3271519469822616
-0.124,-0.027892574914631773,0.3269936228757027
-0.122,-0.028317118581165448,0.3267240809547761
-0.12,-0.02874952824435048,0.3265510081331224
-0.118,-0.029176702505350906,0.32647985378377403
-0.116,-0.02960782173012505,0.3262134283387137
-0.114,-0.030038461817218802,0.326024718305864
-0.112,-0.030465207778756158,0.3257925559758637
-0.11,-0.03089453531086159,0.3256421207663371
-0.108,-0.03132071893446599,0.3253915017810759
-0.106,-0.03175014336389246,0.3251661153600345
-0.104,-0.03217734412179034,0.3249642133527602
-0.102,-0.032608475392295014,0.3247626966334498
-0.1,-0.0330303481414552,0.32455958045596145
-0.098,-0.03345407607595248,0.32433188536695107
-0.096,-0.033880864746473664,0.32405717000890877
-0.094,-0.03430740622221407,0.3238506382910875
-0.092,-0.03472937467177444,0.3236729926657244
-0.09,-0.035160138897125645,0.32340518048317285
-0.088,-0.03557669481441059,0.3231813297238391
-0.086,-0.03601195743723475,0.32293190967484336
-0.084,-0.03642920449217663,0.32271660660609586
-0.082,-0.03685182508326202,0.32238538540651973
-0.08,-0.03727746187554784,0.3221624471692501
-0.078,-0.03770075757686453,0.3219566218019078
-0.076,-0.038127165621257536,0.3216687742799068
-0.074,-0.03855131359020379,0.32137467952531856
-0.072,-0.03897151941509801,0.32109913798447814
-0.07,-0.03939182734620921,0.3208964888037275
-0.068,-0.03981519541482282,0.32063084497580563
-0.066,-0.04023430138882118,0.32034078762693674
-0.064,-0.040653245630424314,0.32007653533509767
-0.062,-0.04107872535943258,0.3198486787478326
-0.06,-0.04149769407703914,0.31951261256139696
-0.058,-0.04191405698542466,0.3192459481074875
-0.056,-0.042325785114121876,0.3189254459924889
-0.054,-0.042749920651386705,0.3187142397862351
-0.052,-0.04316724818014796,0.3184157896435098
-0.05,-0.04359107727525448,0.3181848099604089
-0.048,-0.0440100461370116,0.317797341825585
-0.046,-0.04442539702043538,0.31755315218539626
-0.044,-0.04484618114289464,0.31726388750893353
-0.042,-0.045251440857692074,0.3168787907752044
-0.04,-0.045675117005483934,0.3166277460394588
-0.038,-0.04608408958851368,0.316277134375391
-0.036,-0.04650311582946711,0.315963840546232
-0.034,-0.046919873320833236,0.31571706162626795
-0.032,-0.047333741640591495,0.31532947510402487
-0.03,-0.047747696670151454,0.31506166029344834
-0.028,-0.04815458786791763,0.3147403634579756
-0.026,-0.04858025304693693,0.31440191498051784
-0.024,-0.048985568820702485,0.3140566315675643
-0.022,-0.04940520651980809,0.3136273815926515
-0.02,-0.049823059690430285,0.3134494295508976
-0.018,-0.05022593296288131,0.3130577580470247
-0.016,-0.05063795779828803,0.3127239120981304
-0.014,-0.05104926825186789,0.3123557424954632
-0.012,-0.05145034579705535,0.3120552420705416
-0.01,-0.05187032603753484,0.31168098610590245
-0.008,-0.0522757263677497,0.3113366794720773
-0.006,-0.05268722743774171,0.31101704947953185
-0.004,-0.05309265850159199,0.3106857310547867
-0.002,-0.0535058894074441,0.31027870078666214
0.0,-0.05391511988351161,0.30991306171309774
0.002,-0.05432033349639946,0.30960160476383175
0.004,-0.05471365412153429,0.309208001129529
0.006,-0.055128238959897796,0.308841506749903
0.008,-0.05553680358141583,0.3084198914597696
0.01,-0.05594989857756239,0.3080985728637913
0.012,-0.05634733192985376,0.3076945149228992
0.014,-0.05675308043073244,0.30736003549160196
0.016,-0.057166107615737996,0.30697046624183777
0.018,-0.05754731877475325,0.306610996467333
0.02,-0.05795163529420983,0.30620659197788697
0.022,-0.058353922461115905,0.3057660582521895
0.024,-0.05877301034639835,0.30531592675001595
0.026,-0.059171508101362534,0.30499079701328796
0.028,-0.05956094729202792,0.3045541385050106
0.03,-0.05995602092503669,0.30422218899489617
0.032,-0.06035929394317889,0.3037454834675
0.034,-0.060750742835951985,0.3033713680539919
0.036,-0.06117117454720836,0.30295607911265515
0.038,-0.06155420659615843,0.30260191105716827
0.04,-0.0619618548423934,0.3021527410001068
0.042,-0.06234777363231694,0.3016892712545428
0.044,-0.06273968610840566,0.301307182926324
0.046,-0.06314922184457245,0.30086676893287306
0.048,-0.06354225364172625,0.30045062986218835
0.05,-0.06392717981715387,0.2999798314750614
0.052,-0.0643349139210607,0.2996450183566925
0.054,-0.0647183692550934,0.29912435278982397
0.056,-0.0651106297906627,0.29875179871597
0.058,-0.06550918706700117,0.29827599639754654
0.06,-0.06590039361306696,0.2978353729991542
0.062,-0.06629273748667043,0.29746899652663855
0.064,-0.06667732789059422,0.29700173067366664
0.066,-0.06706222265368902,0.29650772874834835
0.068,-0.06746836639891739,0.29606539841193186
0.07,-0.06784164444152599,0.29565369711313005
0.072,-0.06822783174813049,0.29515920754178726
0.074,-0.06861474181890725,0.2947292249177714
0.076,-0.06900368788721181,0.294216336629799
0.078,-0.06939674697704153,0.2937938021665126
0.08,-0.06978094380101202,0.2933221633581192
0.082,-0.07016848820244422,0.29285667538708154
0.084,-0.07054594044696487,0.2923537797803679
0.086,-0.07093753629551479,0.2918866580277959
0.088,-0.07131786128464768,0.291365822241639
0.09,-0.07169113738832396,0.29088671019795137
0.092,-0.07207649347210354,0.2904724166443288
0.094,-0.07246132870476583,0.2899464946317388
0.096,-0.07284940217586555,0.289478344469762
0.098,-0.0732245234412689,0.28900243891675736
0.1,-0.07360243311859992,0.2885060151409098
0.102,-0.0739785863812356,0.28795788548046386
0.104,-0.0743639625941174,0.28749645023382736
0.106,-0.07473751289532873,0.28707453406273215
0.108,-0.07511449821093648,0.28643536854144885
0.11,-0.07548607524180562,0.2859513302767558
0.112,-0.07586082105420286,0.2854587605323761
0.114,-0.07626493289397782,0.28494666590195045
0.116,-0.07661051977254874,0.2844528609433934
0.118,-0.076990930579091,0.28392169905066383
0.12,-0.07735688837462104,0.28343580741744734
0.122,-0.07771303630826663,0.28292498975546937
0.124,-0.07809940854468159,0.2823647730223179
0.126,-0.07847656643927735,0.28184670841495796
0.128,-0.07884301229112173,0.28133453963812743
0.13,-0.0792117410163463,0.280789392194021
0.132,-0.0795804121575603,0.280292774319742
0.134,-0.07994931423622109,0.27975831558972103
0.136,-0.08032347916806652,0.2792155544869375
0.138,-0.08068375135086087,0.2786311116444325
0.14,-0.08106590128707378,0.27816058459150406
0.142,-0.08143489880584742,0.27756027220613516
0.144,-0.08178933705962191,0.27702379127472265
0.146,-0.08214476205064582,0.2764647279808565
0.148,-0.08250581228566392,0.2759259701034637
0.15,-0.08285232349609678,0.2753490809974836
0.152,-0.08325408839961335,0.2747741903819132
0.154,-0.08360073392411889,0.27421981545458934
0.156,-0.08394248433448857,0.2736794020510046
0.158,-0.08430756233062527,0.2731182532893193
0.16,-0.08467190498408662,0.27255260988240765
0.162,-0.08503108840570198,0.2719616071050934
0.164,-0.08536755390459805,0.2714252207367256
0.166,-0.0857327537215052,0.2707665445971391
0.168,-0.08610486481087433,0.2702868401076306
0.17,-0.08644689246293956,0.26970135876322776
0.172,-0.08680937691437818,0.2691001180556531
0.174,-0.08715070734031688,0.26846395192928224
0.176,-0.0875010188235166,0.26796582551500325
0.178,-0.08785871367083528,0.26732370903150515
0.18,-0.08820780649909044,0.2667770251674455
0.182,-0.08856922525704224,0.2661140545117344
0.184,-0.08891179335878685,0.2655995503924489
0.186,-0.0892664030530811,0.2649854251616314
0.188,-0.08961480418278596,0.26436142447158506
0.19,-0.0899631028744397,0.263768546704881
0.192,-0.09031459505388463,0.26317374518912084
0.194,-0.09064618837967967,0.26257549688401755
0.196,-0.09098853596186833,0.26193403560997797
0.198,-0.09133636950261033,0.26128889473656214
0.2,-0.09168448259146475,0.26069495605331866
0.202,-0.09202581931367354,0.26009577696756536
0.204,-0.09236204792424456,0.2594393046553931
0.206,-0.09271200094678848,0.2588767898981582
0.208,-0.09302843507640111,0.2582533108102516
0.21,-0.0933727698728706,0.2576647932496249
0.212,-0.09372593112566428,0.2569927550802474
0.214,-0.09404477567810834,0.25631849069097
0.216,-0.09439251549482994,0.2556985875479189
0.218,-0.09473162746781993,0.2550814429372893
0.22,-0.09505369731901109,0.2544807445237575
0.222,-0.09541911426945088,0.25379713260337394
0.224,-0.09573828380580872,0.25317752410754857
0.226,-0.09604381105165859,0.2525185826429982
0.228,-0.09639229369503838,0.2518729777932193
0.23,-0.09672766032903217,0.2512420173452876
0.232,-0.09704836992209923,0.25056102046372747
0.234,-0.09738262476513497,0.2499513814202094
0.236,-0.0977093864383586,0.24929738603845858
0.238,-0.09804563975182416,0.2486185265938201
0.24,-0.09837913901696128,0.24798065133542718
0.242,-0.09869941764509255,0.24725974058980454
0.244,-0.09902373929134092,0.2465985654683468
0.246,-0.09937098383426589,0.24593704062008212
0.248,-0.09966637017015635,0.24531503255410567
0.25,-0.09999563999777143,0.24463391944240007
0.252,-0.10030869653461896,0.24391958768537067
0.254,-0.10063315422516775,0.24326579193724407
0.256,-0.10094023510385115,0.24260321863398598
0.258,-0.10125260755706507,0.24192731728568093
0.26,-0.10158457111465924,0.2412358210022133
0.262,-0.10188861373707872,0.2405331191208268
0.264,-0.10220517991672584,0.23986028203480123
0.266,-0.10253258815998809,0.23918332329309436
0.268,-0.10283132687230513,0.23845525306628437
0.27,-0.10313741857855245,0.2377915085063629
0.272,-0.10346749484896214,0.23712940134016416
0.274,-0.10377176474302503,0.23637659412093273
0.276,-0.10409093563050442,0.23574983910349775
0.278,-0.10439403278684024,0.2350541444847441
0.28,-0.104708852847518,0.23431000624735532
0.282,-0.104996536157563,0.23357898588376633
0.284,-0.10530861904299658,0.2328724796700837
0.286,-0.10563391194827877,0.23218825948544167
0.288,-0.10593919671973362,0.23150146361910193
0.29,-0.10623380095234379,0.23076892638012084
0.292,-0.10651825884994802,0.23007355250689146
0.294,-0.10683118203152978,0.2293465444102851
0.296,-0.10714580941935273,0.22864666953871177
0.298,-0.10743545695154173,0.2279058988629681
0.3,-0.10772139758277247,0.22716723908221775
0.302,-0.10802996294189773,0.2264913825132354
0.304,-0.10832985127779836,0.22569416017987015
0.306,-0.10863065344714216,0.2250174960386472
0.308,-0.10893090860991266,0.2242600538280295
0.31,-0.10921136007797107,0.22354039165126097
0.312,-0.10951180991191445,0.22282562393754515
0.314,-0.10979092249891646,0.22205831425213274
0.316,-0.11011951777255326,0.22133330263065012
0.318,-0.1103801035132695,0.22056556428207763
0.32,-0.11068130526096849,0.2198940677692395
0.322,-0.11095404425993087,0.21909884522909248
0.324,-0.11125514630265768,0.21836896651061072
0.326,-0.1115502141760513,0.21763887104486698
0.328,-0.11181038822473767,0.21687298469720445
0.33,-0.11211210906053903,0.21613500771554037
0.332,-0.11239376517079842,0.21536701782591647
0.334,-0.1126657100075786,0.21461731874933185
0.336,-0.11295428079486981,0.21385928457062214
0.338,-0.1132101060107046,0.21308065818782365
0.34,-0.1135069733111783,0.2123575383859586
0.342,-0.11378576250732875,0.21158199013409937
0.344,-0.11407111832446516,0.21080757267399597
0.346,-0.11432799214029353,0.21000126961928642
0.348,-0.11462168803880789,0.20926666862852863
0.35,-0.1149098435820917,0.20847991006963704
0.352,-0.11515535041995081,0.20772782666525222
0.354,-0.1154316487709303,0.20696341076603492
0.356,-0.1157201735511259,0.20617475532940893
0.358,-0.1159826971937932,0.2054483297625802
0.36,-0.11625155486976876,0.20465306321073004
0.362,-0.11653218737450556,0.20385404471071944
0.364,-0.11677069392103284,0.2030518364905013
0.366,-0.11704831257856706,0.2022971084712901
0.368,-0.1173105155687213,0.2014272478068082
0.37,-0.11758499799077472,0.20071265571127722
0.372,-0.11784706365263911,0.19989302911044993
0.374,-0.11810608867007026,0.19909969859902954
0.376,-0.11838099378882619,0.1983586797828892
0.378,-0.11864475931671459,0.19755313864646415
0.38,-0.11888310015035233,0.19674163013643947
0.382,-0.11915164768851329,0.1959168696118066
0.384,-0.11941240549497503,0.19514112588221527
0.386,-0.11968515274423576,0.19431816014817846
0.388,-0.11992160534129837,0.19351897844492516
0.39,-0.12016370143586479,0.19278293673749305
0.392,-0.1204215093528537,0.19191945698274415
0.394,-0.12066686262448058,0.19114958815320765
0.396,-0.1209217932081399,0.19028692670649341
0.398,-0.12117003224861161,0.1894840717952951
0.4,-0.12143299940461977,0.18865224229425534
0.402,-0.1216603196295476,0.18784138894758526
0.404,-0.12191137661951595,0.18705611630704744
0.406,-0.12216016779344194,0.18623451715532285
0.408,-0.12240187494027165,0.18541776377232444
0.41,-0.12265744885885707,0.18456817564921482
0.412,-0.12288013706266179,0.18375548360376873
0.414,-0.12313838510945348,0.1829425295688267
0.416,-0.12337837794546422,0.1821346956815341
0.418,-0.12357572790291166,0.18125832914077553
0.42,-0.1238554667380952,0.18043199610677546
0.422,-0.12408322867451181,0.17962148900046518
0.424,-0.12431244848858926,0.17877757963168942
0.426,-0.12452367429767489,0.17791338247785124
0.428,-0.12477857685740201,0.17709715835127973
0.43,-0.12499093969144502,0.1762564010724593
0.432,-0.1252675569755736,0.1754150455013354
0.434,-0.1254979964529249,0.17461175272051474
0.436,-0.12571628450201583,0.17373867612095734
0.438,-0.12594518052250472,0.17290141703897027
0.44,-0.12617404668524962,0.17206464760409082
0.442,-0.12636955233172847,0.17118731502088805
0.444,-0.12661668577226046,0.170326593339577
0.446,-0.12682992708487267,0.16949556996576937
0.448,-0.12706393349547973,0.1686593195547213
0.45,-0.127283339674087,0.1677882017696566
0.452,-0.12750553333616732,0.16693801194879365
0.454,-0.127722744965417,0.16611710408544916
0.456,-0.12793147455104736,0.16520526854769083
0.458,-0.12815487425855518,0.16433937593259823
0.46,-0.1283491276137588,0.1635098554606222
0.462,-0.12857878505280554,0.16260210385008
0.464,-0.12879096301483822,0.16175828868907638
0.466,-0.129013733772483,0.1609228982413951
0.468,-0.12919462976338617,0.16005750185896583
0.47,-0.12943663994340696,0.15918323843629845
0.472,-0.12964680660580197,0.1583187662614086
0.474,-0.1298503620472618,0.1574383724121602
0.476,-0.13004494038400072,0.1565741695795644
0.478,-0.1302597797212998,0.155685862327628
0.48,-0.13045656890955168,0.1548188336534078
0.482,-0.13065559694198045,0.1539369137277893
0.484,-0.13086089096842116,0.1530515448685818
0.486,-0.13105649537629183,0.15218606361880077
0.488,-0.13125787838925862,0.15131814448510963
0.49,-0.13145982407435175,0.15043942379094444
0.492,-0.13165997774285995,0.14955628118486608
0.494,-0.131846076246847,0.1486494848222695
0.496,-0.13203393420659484,0.14776014471231405
0.498,-0.13224043353592801,0.14689301302989966
0.5,-0.1324420761077674,0.14598236767517522
0.502,-0.13262724507387558,0.14511133956609756
0.504,-0.13279925310827112,0.1442241053876168
0.506,-0.1330146095803008,0.1433204172089958
0.508,-0.13320695790602333,0.14245186764244022
0.51,-0.13337637852920614,0.14151432154736168
0.512,-0.13357813819072048,0.1406695772397885
0.514,-0.13374641355627243,0.13974167000354537
0.516,-0.13392974244462516,0.13885979384443178
0.518,-0.13412834503313323,0.13795320184645135
0.52,-0.13429777552723826,0.13704195637048494
0.522,-0.13447259594852012,0.13614340527339955
0.524,-0.13465564791843262,0.13524784323980305
0.526,-0.13484098742930478,0.1343428312912637
0.528,-0.13501474862921298,0.13344105629490893
0.53,-0.13516146227995124,0.1325552118425789
0.532,-0.13535439455462359,0.13159671175684026
0.534,-0.13550150195345317,0.13072568861429
0.536,-0.1357215855659768,0.12980508079631684
0.538,-0.13586828048680805,0.1288595238796453
0.54,-0.13605556867144816,0.12797994859259412
0.542,-0.13622072243034655,0.12706639919446022
0.544,-0.13636038525547384,0.12614166817946182
0.546,-0.13650807382993274,0.1252179585988381
0.548,-0.13667462879187064,0.12427742884853181
0.55,-0.1368930367184278,0.12342015353802861
0.552,-0.13702456743760671,0.1224833370511454
0.554,-0.13718017973098706,0.12157420479784302
0.556,-0.13735022627129898,0.12064201215031338
0.558,-0.1375037332553283,0.11969681288191596
0.56,-0.13768163259337554,0.11879151692906609
0.562,-0.13780274785531912,0.11787598444182273
0.564,-0.13797989313610112,0.11692818488181879
0.566,-0.13813162877660706,0.11600523525868407
0.568,-0.13826569015847065,0.11506762803606464
0.57,-0.13840655912509722,0.1141530496656197
0.572,-0.13854722453886748,0.11320930378199057
0.574,-0.13872062598444093,0.11230017273328512
0.576,-0.13889436464859795,0.11135492924953325
0.578,-0.13901361148795774,0.11042757641989157
0.58,-0.13914859943684166,0.10948920466234807
0.582,-0.1393137889099405,0.10856679501633157
0.584,-0.13943667851144081,0.10761441379384043
0.586,-0.1396157114039156,0.10669653950749383
0.588,-0.13969600986236436,0.10575133039870326
0.59,-0.13985517085832744,0.10481803105634695
0.592,-0.13999195287374339,0.10387653157524163
0.594,-0.14014862037962433,0.10294982789299148
0.596,-0.14026729262782556,0.10198432159097374
0.598,-0.14039505921020162,0.10105633355615198
0.6,-0.1405484256407236,0.10011113124862808
0.602,-0.14067850006206967,0.09917617509700423
0.604,-0.14079366093447132,0.09823358501915189
0.606,-0.1409459042874627,0.09729268923786084
0.608,-0.14105363476278504,0.09633388183142612
0.61,-0.14118628143594358,0.095379075994663
0.612,-0.14132076439853752,0.09444681662879785
0.614,-0.14142338120171152,0.0934912788632546
0.616,-0.14157304931722642,0.09253786429389298
0.618,-0.14167124816661916,0.0915940843554131
0.62,-0.14179598323944914,0.09063040110108736
0.622,-0.14191462399272814,0.08968460891683082
0.624,-0.142030242704986,0.08872539564655249
0.626,-0.1421358419345302,0.08775972741729246
0.628,-0.1422502121192665,0.08682010993797647
0.63,-0.14238247078687868,0.08586399834527804
0.632,-0.14248622118348342,0.08491469897591906
0.634,-0.14259638372753436,0.0839633065121752
0.636,-0.14270551965748965,0.08298934884033776
0.638,-0.14283406270619492,0.08203896024872782
0.64,-0.14294090148654962,0.08107870782733947
0.642,-0.14303210465007782,0.08011780999891577
0.644,-0.14311380494133083,0.07914457575059936
0.646,-0.14321589912597388,0.07819487900966805
0.648,-0.14332592176952383,0.07723906279749371
0.65,-0.14345507678221545,0.07628206620168013
0.652,-0.14352275363813763,0.07530235039765035
0.654,-0.14363690583832417,0.0743566270537019
0.656,-0.14375223759228659,0.07339247997760909
0.658,-0.14381277031815085,0.0724328557687245
0.66,-0.14392481932714724,0.07145302471546906
0.662,-0.14402181794602398,0.07048906636887801
0.664,-0.14409680493133384,0.06950738103908671
0.666,-0.14417750845293334,0.06856240758677594
0.668,-0.1442696272362664,0.06758747027406048
0.67,-0.14434487058572146,0.06661034869887758
0.672,-0.14443444187722054,0.06564943263267624
0.674,-0.14451229331479573,0.06467094625871306
0.676,-0.14461055947599818,0.06371611158826314
0.678,-0.14467729207807606,0.06273374350334861
0.68,-0.14478357100931225,0.061779406402818135
0.682,-0.1448736968780247,0.06079219295918792
0.684,-0.14494859205621324,0.05982075763545729
0.686,-0.14502794081043696,0.05885315368868263
0.688,-0.14510500919622002,0.0578782303084594
0.69,-0.1451910631801597,0.05690036706049267
0.692,-0.14526919880005268,0.05593412885468544
0.694,-0.14531743920883902,0.05494809326665136
0.696,-0.14541716719396353,0.05397791817395924
0.698,-0.145489569388325,0.052989516073567326
0.7,-0.1455346051267399,0.05202003051676628
0.702,-0.1455932108240791,0.051044691467232034
0.704,-0.14568051813399632,0.050061329440819174
0.706,-0.14573562937087473,0.04908517006179345
0.708,-0.14579738658013353,0.04810917930606337
0.71,-0.14586914070968346,0.04713050049803669
0.712,-0.1459417918662236,0.046153397815542146
0.714,-0.1459837095978044,0.04517925805981909
0.716,-0.14605008074522557,0.04419717333053191
0.718,-0.14609304463203301,0.043210721813141444
0.72,-0.14618794018580136,0.04223156565154597
0.722,-0.14621929910278625,0.04125373650960713
0.724,-0.14629110985109217,0.04026756466616144
0.726,-0.14632261871698304,0.03929499343527332
0.728,-0.1463800849971518,0.038303850835478444
0.73,-0.14643907868529307,0.03732219976176694
0.732,-0.1464852348849014,0.0363424007924821
0.734,-0.14654381722560583,0.03536530286200154
0.736,-0.14657609157505533,0.03438009069822379
0.738,-0.14660503196720545,0.033390700021332154
0.74,-0.14665606975476075,0.032402215527928956
0.742,-0.14673199514656948,0.03142210705794562
0.744,-0.14676188280712446,0.03043948059865209
0.746,-0.14677506927965225,0.029451336380810128
0.748,-0.1467989662058641,0.02846404305319529
0.75,-0.14685451725173712,0.027482335818919065
0.752,-0.14688421280652594,0.026499553202930737
0.754,-0.14693248323803276,0.025507309905505003
0.756,-0.1469524933675717,0.024526354649180397
0.758,-0.14697306035992053,0.02354240486681261
0.76,-0.14701380066412734,0.02255370367898549
0.762,-0.14703447555012006,0.021565929951017544
0.764,-0.14706014452953162,0.020576509711793964
0.766,-0.14707688768695354,0.019593987389415087
0.768,-0.1471485182705006,0.018606031220728375
0.77,-0.14714912244936407,0.017617094926987414
0.772,-0.14716176511818502,0.016631030724427245
0.774,-0.14720283936104187,0.015643170570462245
0.776,-0.14719996393893112,0.014652350214105233
0.778,-0.14723246643677004,0.013664614839100161
0.78,-0.14726529922635728,0.012675570411114282
0.782,-0.1472799510068028,0.011688321051065086
0.784,-0.14729144115804296,0.010701497626259545
0.786,-0.14730888628482589,0.009712216951279358
0.788,-0.1473189342012696,0.00872429924645893
0.79,-0.14728204336091397,0.007734652027943969
0.792,-0.14732001908472678,0.0067462888291127355
0.794,-0.14731146284545282,0.0057576518830526145
0.796,-0.1473016283481734,0.004769583367286314
0.798,-0.14734404369035325,0.00377976297569401
0.8,-0.14733088567748753,0.0027909063562233122
0.802,-0.1473456611381495,0.0018019128338020004
0.804,-0.1473647721470092,0.0008130165266542381
0.806,-0.14734892469769192,-0.00017589024738013536
0.808,-0.1473405872715738,-0.0011649514528041043
0.81,-0.147352048035181,-0.0021537888828229235
0.812,-0.14735595468535156,-0.003142885990129687
0.814,-0.14736098505565157,-0.004131172077405877
0.816,-0.14733281353628386,-0.005120335847778095
0.818,-0.14734133417386872,-0.006109361224600415
0.82,-0.1473168862434287,-0.007097250614536142
0.822,-0.14728105276237932,-0.008086675100475215
0.824,-0.14729215594813114,-0.00907457202709635
0.826,-0.14728432051086152,-0.010064115657237742
0.828,-0.147273744111276,-0.011054164127569975
0.83,-0.14724342621566566,-0.012041155366739605
0.832,-0.14725474218392143,-0.013029458059741
0.834,-0.14719437359662793,-0.01401712961486319
0.836,-0.14721715915772904,-0.015005729806842146
0.838,-0.14718946813027414,-0.015991051667667698
0.84,-0.14715276861600823,-0.01698106965049058
0.842,-0.14712001576423725,-0.017968177820262794
0.844,-0.14712376080381867,-0.01895508962420367
0.846,-0.14707897289095123,-0.0199383345709674
0.848,-0.147061118821276,-0.020926597095951766
0.85,-0.14702930678972964,-0.021916972496229002
0.852,-0.14699537833737272,-0.022904261207899405
0.854,-0.14696158067712256,-0.023889266419576737
0.856,-0.14694751154081293,-0.024872575014156413
0.858,-0.14689523510515187,-0.025861301667410175
0.86,-0.1468830554705597,-0.02684782125393549
0.862,-0.14680605309496272,-0.02782947562268981
0.864,-0.1467901413247099,-0.02882416981826903
0.866,-0.1467369437672776,-0.029807329990011143
0.868,-0.14667775603349806,-0.03078847624593382
0.87,-0.14667955178765515,-0.03177725967364335
0.872,-0.14663634575460183,-0.032756257957872625
0.874,-0.14658094308980077,-0.033744439321549476
0.876,-0.14654373405695464,-0.03472500079021915
0.878,-0.14651851978940572,-0.03570169226784197
0.88,-0.14646071913334038,-0.036695077129534154
0.882,-0.14641409330181293,-0.03767340374075597
0.884,-0.1463329082331888,-0.03865366616520504
0.886,-0.14631402972098106,-0.03964269847259268
0.888,-0.1462856846703228,-0.04062135100250634
0.89,-0.1461967145954397,-0.04160495084166505
0.892,-0.14613615054569767,-0.04258065871437659
0.894,-0.1460751707689658,-0.043559849613313585
0.896,-0.14600586079758635,-0.04454565630553022
0.898,-0.1459803197981806,-0.045523405899581086
0.9,-0.14592023033335533,-0.046505333989305876
0.902,-0.14585016980910637,-0.04748423675174675
0.904,-0.1457796584946544,-0.04846110485868466
0.906,-0.1457108845202141,-0.04944197349840734
0.908,-0.14566070032199555,-0.05042077804506581
0.91,-0.14559691070326689,-0.05139572373342552
0.912,-0.14550731660143196,-0.052365412088137775
0.914,-0.14547642528113705,-0.05334501032479065
0.916,-0.14539414613469526,-0.05432730520283926
0.918,-0.14529677495386098,-0.05529888031857677
0.92,-0.14522151148386803,-0.05627741267760029
0.922,-0.14513570078112456,-0.05724957850465859
0.924,-0.14510818703794623,-0.05821216459481939
0.926,-0.1449945184221999,-0.059191003548969334
0.928,-0.1449212868345868,-0.06017465330033624
0.93,-0.14485298697064203,-0.0611416084171371
0.932,-0.14479753355832847,-0.062116614803781646
0.934,-0.1447070234792,-0.06308678743908672
0.936,-0.14459187039706667,-0.06405002370016655
0.938,-0.14449575354810565,-0.06503568644493787
0.94,-0.14443386606921035,-0.06599671220859683
0.942,-0.14439173313588344,-0.06696888653344096
0.944,-0.14425233694356382,-0.06793482122308209
0.946,-0.14416089630929166,-0.06890431917122825
0.948,-0.1440865567946864,-0.06987366981259195
0.95,-0.14400383136298536,-0.07084206986597945
0.952,-0.14387553144962742,-0.07181144325782621
0.954,-0.14379811877852275,-0.07276509816028348
0.956,-0.1437117482769814,-0.0737193849304567
0.958,-0.14359989324926972,-0.07469530079720026
0.96,-0.14349579180205949,-0.07565148975463781
0.962,-0.14340615933440587,-0.07662064090372687
0.964,-0.14330156156363902,-0.07758906182392108
0.966,-0.14321274889767271,-0.07854236876675388
0.968,-0.14308233370993195,-0.07950603002564455
0.97,-0.14299735162106122,-0.08045300105135371
0.972,-0.14291393635433053,-0.08142007590179173
0.974,-0.1427875100809127,-0.08237227742984417
0.976,-0.142649977261691,-0.08333192377979635
0.978,-0.14254542782736143,-0.08431134581224879
0.98,-0.14243572670272273,-0.08525844925951565
0.982,-0.14232391388225918,-0.0862037615187108
0.984,-0.1421927164199814,-0.08716780790029591
0.986,-0.14211135428684438,-0.08812018532438885
0.988,-0.1419690113155793,-0.08906760811922321
0.99,-0.1418569293885847,-0.0900217645928739
0.992,-0.14176631334678227,-0.09097801265731102
0.994,-0.14161612898290343,-0.09191840887828345
0.996,-0.141503225012511,-0.0928997169276864
0.998,-0.1413888066664944,-0.0938372113255018
1.0,-0.14125155900050984,-0.0947812535998006
