-1.0, 0.65
-0.998, 0.6508719995981961
-0.996, 0.6517452924280447
-0.994, 0.6526198803444755
-0.992, 0.6534957652051396
-0.99, 0.6543729488704128
-0.988, 0.6552514332033997
-0.986, 0.656131220069938
-0.984, 0.657012311338601
-0.982, 0.6578947088807033
-0.98, 0.6587784145703028
-0.978, 0.6596634302842055
-0.976, 0.6605497579019696
-0.974, 0.6614373993059081
-0.972, 0.6623263563810933
-0.97, 0.663216631015362
-0.968, 0.6641082250993174
-0.966, 0.6650011405263332
-0.964, 0.6658953791925581
-0.962, 0.6667909429969208
-0.96, 0.6676878338411314
-0.958, 0.6685860536296858
-0.956, 0.6694856042698711
-0.954, 0.6703864876717701
-0.952, 0.6712887057482617
-0.95, 0.6721922604150271
-0.948, 0.6730971535905531
-0.946, 0.6740033871961386
-0.944, 0.6749109631558949
-0.942, 0.6758198833967508
-0.94, 0.6767301498484554
-0.938, 0.6776417644435856
-0.936, 0.6785547291175487
-0.934, 0.6794690458085834
-0.932, 0.6803847164577658
-0.93, 0.6813017430090126
-0.928, 0.6822201274090892
-0.926, 0.683139871607609
-0.924, 0.6840609775570379
-0.922, 0.6849834472126978
-0.92, 0.685907282532773
-0.918, 0.6868324854783153
-0.916, 0.6877590580132446
-0.914, 0.688687002104353
-0.912, 0.6896163197213089
-0.91, 0.6905470128366631
-0.908, 0.691479083425854
-0.906, 0.6924125334672082
-0.904, 0.6933473649419445
-0.902, 0.6942835798341783
-0.9, 0.6952211801309268
-0.898, 0.6961601678221162
-0.896, 0.6971005449005806
-0.894, 0.6980423133620662
-0.892, 0.698985475205237
-0.89, 0.699930032431678
-0.888, 0.7008759870459037
-0.886, 0.7018233410553579
-0.884, 0.7027720964704162
-0.882, 0.7037222553043927
-0.88, 0.7046738195735422
-0.878, 0.7056267912970696
-0.876, 0.7065811724971307
-0.874, 0.7075369651988328
-0.872, 0.7084941714302432
-0.87, 0.7094527932223891
-0.868, 0.7104128326092684
-0.866, 0.7113742916278515
-0.864, 0.7123371723180815
-0.862, 0.7133014767228812
-0.86, 0.7142672068881549
-0.858, 0.7152343648627962
-0.856, 0.7162029526986939
-0.854, 0.7171729724507312
-0.852, 0.7181444261767895
-0.85, 0.7191173159377555
-0.848, 0.7200916437975229
-0.846, 0.7210674118230024
-0.844, 0.7220446220841218
-0.842, 0.7230232766538273
-0.84, 0.7240033776080916
-0.838, 0.7249849270259144
-0.836, 0.7259679269893333
-0.834, 0.7269523795834256
-0.832, 0.7279382868963084
-0.83, 0.7289256510191452
-0.828, 0.729914474046149
-0.826, 0.7309047580745893
-0.824, 0.7318965052047987
-0.822, 0.7328897175401716
-0.82, 0.7338843971871688
-0.818, 0.7348805462553236
-0.816, 0.7358781668572445
-0.814, 0.7368772611086251
-0.812, 0.7378778311282445
-0.81, 0.738879879037968
-0.808, 0.7398834069627563
-0.806, 0.7408884170306651
-0.804, 0.7418949113728562
-0.802, 0.7429028921236003
-0.8, 0.7439123614202767
-0.798, 0.7449233214033797
-0.796, 0.745935774216522
-0.794, 0.7469497220064417
-0.792, 0.7479651669230091
-0.79, 0.748982111119226
-0.788, 0.7500005567512292
-0.786, 0.7510205059782983
-0.784, 0.7520419609628565
-0.782, 0.7530649238704822
-0.78, 0.7540893968699092
-0.778, 0.7551153821330272
-0.776, 0.7561428818348913
-0.774, 0.7571718981537212
-0.772, 0.7582024332709127
-0.77, 0.7592344893710412
-0.768, 0.7602680686418609
-0.766, 0.761303173274311
-0.764, 0.76233980546252
-0.762, 0.7633779674038119
-0.76, 0.7644176612987137
-0.758, 0.7654588893509552
-0.756, 0.7665016537674716
-0.754, 0.7675459567584118
-0.752, 0.7685918005371396
-0.75, 0.7696391873202449
-0.748, 0.7706881193275446
-0.746, 0.7717385987820828
-0.744, 0.7727906279101401
-0.742, 0.7738442089412336
-0.74, 0.7748993441081282
-0.738, 0.7759560356468398
-0.736, 0.7770142857966353
-0.734, 0.7780740968000387
-0.732, 0.7791354709028349
-0.73, 0.7801984103540767
-0.728, 0.7812629174060922
-0.726, 0.7823289943144847
-0.724, 0.783396643338135
-0.722, 0.7844658667392105
-0.72, 0.785536666783166
-0.718, 0.7866090457387558
-0.716, 0.7876830058780331
-0.714, 0.7887585494763517
-0.712, 0.7898356788123747
-0.71, 0.7909143961680754
-0.708, 0.7919947038287479
-0.706, 0.793076604083011
-0.704, 0.794160099222807
-0.702, 0.7952451915434097
-0.7, 0.7963318833434269
-0.698, 0.797420176924809
-0.696, 0.7985100745928554
-0.694, 0.7996015786562134
-0.692, 0.8006946914268834
-0.69, 0.8017894152202252
-0.688, 0.8028857523549617
-0.686, 0.8039837051531892
-0.684, 0.8050832759403771
-0.682, 0.80618446704537
-0.68, 0.8072872808003961
-0.678, 0.8083917195410694
-0.676, 0.8094977856064002
-0.674, 0.8106054813387973
-0.672, 0.8117148090840678
-0.67, 0.8128257711914265
-0.668, 0.8139383700134967
-0.666, 0.8150526079063212
-0.664, 0.8161684872293663
-0.662, 0.817286010345521
-0.66, 0.8184051796211045
-0.658, 0.8195259974258695
-0.656, 0.8206484661330107
-0.654, 0.8217725881191704
-0.652, 0.8228983657644395
-0.65, 0.8240258014523614
-0.648, 0.825154897569938
-0.646, 0.8262856565076357
-0.644, 0.8274180806593937
-0.642, 0.8285521724226245
-0.64, 0.829687934198216
-0.638, 0.8308253683905407
-0.636, 0.8319644774074577
-0.634, 0.8331052636603234
-0.632, 0.8342477295639931
-0.63, 0.8353918775368213
-0.628, 0.8365377100006722
-0.626, 0.8376852293809193
-0.624, 0.8388344381064583
-0.622, 0.8399853386097088
-0.62, 0.841137933326615
-0.618, 0.8422922246966539
-0.616, 0.8434482151628369
-0.614, 0.8446059071717213
-0.612, 0.8457653031734145
-0.61, 0.8469264056215722
-0.608, 0.848089216973408
-0.606, 0.8492537396896951
-0.604, 0.8504199762347758
-0.602, 0.851587929076568
-0.6, 0.8527576006865641
-0.598, 0.8539289935398374
-0.596, 0.8551021101150474
-0.594, 0.856276952894446
-0.592, 0.857453524363886
-0.59, 0.8586318270128209
-0.588, 0.859811863334309
-0.586, 0.860993635825021
-0.584, 0.8621771469852434
-0.582, 0.8633623993188897
-0.58, 0.8645493953334998
-0.578, 0.8657381375402431
-0.576, 0.8669286284539267
-0.574, 0.8681208705929987
-0.572, 0.8693148664795589
-0.57, 0.8705106186393601
-0.568, 0.8717081296018091
-0.566, 0.872907401899977
-0.564, 0.8741084380705996
-0.562, 0.8753112406540906
-0.56, 0.8765158121945427
-0.558, 0.8777221552397281
-0.556, 0.8789302723411084
-0.554, 0.880140166053836
-0.552, 0.8813518389367663
-0.55, 0.8825652935524594
-0.548, 0.8837805324671815
-0.546, 0.8849975582509135
-0.544, 0.8862163734773528
-0.542, 0.887436980723925
-0.54, 0.8886593825717873
-0.538, 0.8898835816058288
-0.536, 0.8911095804146788
-0.534, 0.8923373815907093
-0.532, 0.8935669877300462
-0.53, 0.8947984014325732
-0.528, 0.8960316253019324
-0.526, 0.897266661945532
-0.524, 0.8985035139745489
-0.522, 0.8997421840039397
-0.52, 0.9009826746524456
-0.518, 0.9022249885425926
-0.516, 0.9034691283006985
-0.514, 0.9047150965568768
-0.512, 0.9059628959450462
-0.51, 0.9072125291029369
-0.508, 0.9084639986720906
-0.506, 0.9097173072978668
-0.504, 0.9109724576294476
-0.502, 0.9122294523198463
-0.5, 0.9134882940259148
-0.498, 0.9147489854083427
-0.496, 0.9160115291316644
-0.494, 0.9172759278642635
-0.492, 0.9185421842783813
-0.49, 0.9198103010501243
-0.488, 0.9210802808594644
-0.486, 0.9223521263902439
-0.484, 0.9236258403301822
-0.482, 0.9249014253708828
-0.48, 0.9261788842078411
-0.478, 0.9274582195404453
-0.476, 0.928739434071981
-0.474, 0.9300225305096378
-0.472, 0.9313075115645161
-0.47, 0.932594379951636
-0.468, 0.933883138389937
-0.466, 0.9351737896022835
-0.464, 0.9364663363154712
-0.462, 0.9377607812602334
-0.46, 0.9390571271712509
-0.458, 0.940355376787151
-0.456, 0.9416555328505131
-0.454, 0.9429575981078755
-0.452, 0.9442615753097416
-0.45, 0.9455674672105895
-0.448, 0.9468752765688716
-0.446, 0.9481850061470198
-0.444, 0.9494966587114525
-0.442, 0.950810237032581
-0.44, 0.9521257438848185
-0.438, 0.9534431820465807
-0.436, 0.9547625543002903
-0.434, 0.9560838634323839
-0.432, 0.9574071122333196
-0.43, 0.9587323034975848
-0.428, 0.960059440023697
-0.426, 0.9613885246142091
-0.424, 0.9627195600757156
-0.422, 0.9640525492188605
-0.42, 0.9653874948583453
-0.418, 0.9667243998129293
-0.416, 0.9680632669054358
-0.414, 0.9694040989627571
-0.412, 0.9707468988158642
-0.41, 0.9720916692998128
-0.408, 0.9734384132537454
-0.406, 0.974787133520896
-0.404, 0.9761378329485968
-0.402, 0.9774905143882863
-0.4, 0.978845180695517
-0.398, 0.9802018347299553
-0.396, 0.9815604793553889
-0.394, 0.9829211174397313
-0.392, 0.9842837518550314
-0.39, 0.9856483854774805
-0.388, 0.9870150211874124
-0.386, 0.9883836618693107
-0.384, 0.9897543104118133
-0.382, 0.991126969707723
-0.38, 0.9925016426540135
-0.378, 0.9938783321518292
-0.376, 0.9952570411064938
-0.374, 0.9966377724275136
-0.372, 0.9980205290285898
-0.37, 0.9994053138276225
-0.368, 1.0007921297467115
-0.366, 1.0021809797121652
-0.364, 1.0035718666545035
-0.362, 1.004964793508471
-0.36, 1.0063597632130394
-0.358, 1.00775677871141
-0.356, 1.0091558429510208
-0.354, 1.0105569588835521
-0.352, 1.0119601294649376
-0.35, 1.0133653576553672
-0.348, 1.0147726464192892
-0.346, 1.0161819987254197
-0.344, 1.0175934175467447
-0.342, 1.0190069058605344
-0.34, 1.0204224666483446
-0.338, 1.0218401028960182
-0.336, 1.0232598175936958
-0.334, 1.0246816137358181
-0.332, 1.02610549432114
-0.33, 1.0275314623527305
-0.328, 1.028959520837976
-0.326, 1.0303896727885902
-0.324, 1.0318219212206174
-0.322, 1.0332562691544458
-0.32, 1.034692719614807
-0.318, 1.0361312756307806
-0.316, 1.0375719402358023
-0.314, 1.0390147164676704
-0.312, 1.0404596073685564
-0.31, 1.0419066159850041
-0.308, 1.0433557453679367
-0.306, 1.0448069985726631
-0.304, 1.0462603786588858
-0.302, 1.04771588869071
-0.3, 1.049173531736644
-0.298, 1.0506333108696055
-0.296, 1.0520952291669274
-0.294, 1.053559289710369
-0.292, 1.0550254955861211
-0.29, 1.0564938498848075
-0.288, 1.0579643557014935
-0.286, 1.0594370161356892
-0.284, 1.060911834291362
-0.282, 1.0623888132769421
-0.28, 1.0638679562053222
-0.278, 1.065349266193867
-0.276, 1.0668327463644183
-0.274, 1.0683183998433057
-0.272, 1.0698062297613515
-0.27, 1.0712962392538719
-0.268, 1.0727884314606857
-0.266, 1.07428280952612
-0.264, 1.0757793765990222
-0.262, 1.077278135832761
-0.26, 1.078779090385231
-0.258, 1.0802822434188606
-0.256, 1.0817875981006182
-0.254, 1.0832951576020233
-0.252, 1.0848049250991478
-0.25, 1.086316903772621
-0.248, 1.0878310968076361
-0.246, 1.08934750739396
-0.244, 1.090866138725941
-0.242, 1.0923869940025108
-0.24, 1.09391007642719
-0.238, 1.0954353892080948
-0.236, 1.0969629355579475
-0.234, 1.0984927186940834
-0.232, 1.1000247418384506
-0.23, 1.1015590082176199
-0.228, 1.1030955210627884
-0.226, 1.1046342836097927
-0.224, 1.106175299099113
-0.222, 1.1077185707758734
-0.22, 1.1092641018898535
-0.218, 1.110811895695491
-0.216, 1.1123619554518962
-0.214, 1.1139142844228531
-0.212, 1.1154688858768227
-0.21, 1.1170257630869522
-0.208, 1.1185849193310813
-0.206, 1.120146357891754
-0.204, 1.1217100820562185
-0.202, 1.1232760951164338
-0.2, 1.124844400369076
-0.198, 1.1264150011155483
-0.196, 1.1279879006619888
-0.194, 1.1295631023192725
-0.192, 1.1311406094030176
-0.19, 1.1327204252335916
-0.188, 1.1343025531361235
-0.186, 1.1358869964405083
-0.184, 1.1374737584814099
-0.182, 1.1390628425982685
-0.18, 1.140654252135307
-0.178, 1.1422479904415423
-0.176, 1.1438440608707907
-0.174, 1.145442466781668
-0.172, 1.147043211537601
-0.17, 1.1486462985068318
-0.168, 1.1502517310624305
-0.166, 1.1518595125822972
-0.164, 1.1534696464491665
-0.162, 1.1550821360506147
-0.16, 1.1566969847790693
-0.158, 1.1583141960318193
-0.156, 1.1599337732110135
-0.154, 1.161555719723671
-0.152, 1.1631800389816842
-0.15, 1.1648067344018327
-0.148, 1.166435809405789
-0.146, 1.1680672674201187
-0.144, 1.1697011118762908
-0.142, 1.1713373462106822
-0.14, 1.1729759738645915
-0.138, 1.1746169982842418
-0.136, 1.1762604229207827
-0.134, 1.1779062512303018
-0.132, 1.1795544866738286
-0.13, 1.181205132717348
-0.128, 1.1828581928318025
-0.126, 1.1845136704930954
-0.124, 1.1861715691821
-0.122, 1.1878318923846687
-0.12, 1.1894946435916425
-0.118, 1.191159826298851
-0.116, 1.1928274440071218
-0.114, 1.1944975002222842
-0.112, 1.196169998455184
-0.11, 1.1978449422216872
-0.108, 1.1995223350426827
-0.106, 1.201202180444091
-0.104, 1.202884481956871
-0.102, 1.2045692431170312
-0.1, 1.2062564674656344
-0.098, 1.2079461585488
-0.096, 1.2096383199177145
-0.094, 1.211332955128637
-0.092, 1.2130300677429122
-0.09, 1.214729661326971
-0.088, 1.2164317394523372
-0.086, 1.218136305695634
-0.084, 1.2198433636385964
-0.082, 1.221552916868077
-0.08, 1.2232649689760482
-0.078, 1.2249795235596117
-0.076, 1.2266965842210031
-0.074, 1.2284161545676058
-0.072, 1.230138238211955
-0.07, 1.2318628387717394
-0.068, 1.2335899598698128
-0.066, 1.2353196051341986
-0.064, 1.2370517781981043
-0.062, 1.2387864826999215
-0.06, 1.2405237222832326
-0.058, 1.2422635005968177
-0.056, 1.2440058212946659
-0.054, 1.2457506880359839
-0.052, 1.2474981044851958
-0.05, 1.2492480743119543
-0.048, 1.2510006011911436
-0.046, 1.2527556888028957
-0.044, 1.2545133408325924
-0.042, 1.2562735609708695
-0.04, 1.2580363529136258
-0.038, 1.25980172036203
-0.036, 1.2615696670225334
-0.034, 1.2633401966068718
-0.032, 1.265113312832071
-0.03, 1.266889019420455
-0.028, 1.268667320099656
-0.026, 1.270448218602624
-0.024, 1.2722317186676275
-0.022, 1.2740178240382622
-0.02, 1.2758065384634578
-0.018, 1.2775978656974902
-0.016, 1.2793918094999874
-0.014, 1.2811883736359317
-0.012, 1.282987561875669
-0.01, 1.2847893779949162
-0.008, 1.2865938257747744
-0.006, 1.2884009090017303
-0.004, 1.2902106314676616
-0.002, 1.2920229969698456
0.0, 1.2938380093109705
0.002, 1.2956556722991432
0.004, 1.2974759897478907
0.006, 1.2992989654761702
0.008, 1.3011246033083737
0.01, 1.3029529070743433
0.012, 1.3047838806093743
0.014, 1.306617527754219
0.016, 1.3084538523550955
0.018, 1.3102928582636966
0.02, 1.312134549337202
0.022, 1.313978929438279
0.024, 1.3158260024350903
0.026, 1.3176757722013
0.028, 1.3195282426160873
0.03, 1.321383417564154
0.032, 1.3232413009357242
0.034, 1.3251018966265566
0.036, 1.3269652085379489
0.038, 1.3288312405767526
0.04, 1.330699996655376
0.042, 1.332571480691789
0.044, 1.3344456966095313
0.046, 1.3363226483377222
0.048, 1.3382023398110725
0.05, 1.3400847749698839
0.052, 1.3419699577600597
0.054, 1.343857892133109
0.056, 1.3457485820461619
0.058, 1.3476420314619748
0.06, 1.3495382443489328
0.062, 1.3514372246810593
0.064, 1.3533389764380244
0.066, 1.3552435036051569
0.068, 1.3571508101734477
0.07, 1.3590609001395553
0.072, 1.3609737775058133
0.074, 1.3628894462802432
0.076, 1.3648079104765625
0.078, 1.3667291741141865
0.08, 1.3686532412182375
0.082, 1.3705801158195514
0.084, 1.3725098019546926
0.086, 1.374442303665957
0.088, 1.3763776250013768
0.09, 1.378315770014729
0.092, 1.3802567427655459
0.094, 1.382200547319126
0.096, 1.384147187746535
0.098, 1.3860966681246156
0.1, 1.3880489925359925
0.102, 1.3900041650690877
0.104, 1.3919621898181262
0.106, 1.3939230708831376
0.108, 1.395886812369968
0.11, 1.3978534183902855
0.112, 1.3998228930615961
0.114, 1.4017952405072438
0.116, 1.4037704648564182
0.118, 1.4057485702441623
0.12, 1.4077295608113851
0.122, 1.4097134407048697
0.124, 1.411700214077275
0.126, 1.4136898850871462
0.128, 1.4156824578989204
0.13, 1.4176779366829433
0.132, 1.4196763256154707
0.134, 1.4216776288786734
0.136, 1.4236818506606481
0.138, 1.4256889951554257
0.14, 1.4276990665629843
0.142, 1.4297120690892484
0.144, 1.4317280069461007
0.146, 1.433746884351386
0.148, 1.4357687055289288
0.15, 1.437793474708536
0.152, 1.439821196126001
0.154, 1.4418518740231145
0.156, 1.4438855126476724
0.158, 1.4459221162534899
0.16, 1.4479616891004015
0.162, 1.4500042354542702
0.164, 1.4520497595869943
0.166, 1.4540982657765222
0.168, 1.4561497583068586
0.17, 1.4582042414680663
0.172, 1.460261719556278
0.174, 1.462322196873703
0.176, 1.4643856777286426
0.178, 1.4664521664354908
0.18, 1.468521667314742
0.182, 1.4705941846929995
0.184, 1.4726697229029875
0.186, 1.4747482862835608
0.188, 1.4768298791797052
0.19, 1.4789145059425495
0.192, 1.4810021709293715
0.194, 1.483092878503614
0.196, 1.4851866330348866
0.198, 1.4872834388989726
0.2, 1.489383300477837
0.202, 1.4914862221596392
0.204, 1.493592208338743
0.206, 1.495701263415717
0.208, 1.4978133917973466
0.21, 1.499928597896639
0.212, 1.5020468861328413
0.214, 1.504168260931441
0.216, 1.5062927267241732
0.218, 1.5084202879490294
0.22, 1.5105509490502687
0.222, 1.512684714478429
0.224, 1.5148215886903287
0.226, 1.516961576149076
0.228, 1.5191046813240763
0.23, 1.521250908691048
0.232, 1.5234002627320264
0.234, 1.525552747935368
0.236, 1.527708368795761
0.238, 1.5298671298142361
0.24, 1.5320290354981771
0.242, 1.534194090361324
0.244, 1.5363622989237817
0.246, 1.5385336657120274
0.248, 1.5407081952589263
0.25, 1.5428858921037365
0.252, 1.5450667607921122
0.254, 1.5472508058761152
0.256, 1.5494380319142245
0.258, 1.5516284434713492
0.26, 1.5538220451188298
0.262, 1.5560188414344474
0.264, 1.558218837002431
0.266, 1.5604220364134744
0.268, 1.5626284442647396
0.27, 1.5648380651598615
0.272, 1.5670509037089584
0.274, 1.5692669645286421
0.276, 1.5714862522420316
0.278, 1.573708771478752
0.28, 1.575934526874948
0.282, 1.5781635230732871
0.284, 1.5803957647229783
0.286, 1.5826312564797764
0.288, 1.5848700030059852
0.29, 1.58711200897047
0.292, 1.5893572790486652
0.294, 1.5916058179225898
0.296, 1.593857630280847
0.298, 1.5961127208186356
0.3, 1.5983710942377556
0.302, 1.600632755246625
0.304, 1.6028977085602858
0.306, 1.6051659589004061
0.308, 1.6074375109952932
0.31, 1.6097123695799012
0.312, 1.611990539395847
0.314, 1.6142720251914087
0.316, 1.6165568317215389
0.318, 1.6188449637478686
0.32, 1.6211364260387258
0.322, 1.6234312233691395
0.324, 1.625729360520844
0.326, 1.6280308422822907
0.328, 1.6303356734486565
0.33, 1.632643858821859
0.332, 1.6349554032105569
0.334, 1.6372703114301599
0.336, 1.6395885883028363
0.338, 1.64191023865753
0.34, 1.6442352673299647
0.342, 1.6465636791626488
0.344, 1.6488954790048849
0.346, 1.6512306717127825
0.348, 1.6535692621492701
0.35, 1.6559112551840962
0.352, 1.65825665569384
0.354, 1.6606054685619185
0.356, 1.6629576986786043
0.358, 1.6653133509410287
0.36, 1.6676724302531871
0.362, 1.6700349415259497
0.364, 1.6724008896770732
0.366, 1.6747702796312125
0.368, 1.6771431163199229
0.37, 1.67951940468167
0.372, 1.6818991496618378
0.374, 1.6842823562127462
0.376, 1.6866690292936535
0.378, 1.6890591738707625
0.38, 1.6914527949172309
0.382, 1.6938498974131841
0.384, 1.6962504863457262
0.386, 1.6986545667089414
0.388, 1.7010621435039055
0.39, 1.7034732217386936
0.392, 1.7058878064283975
0.394, 1.7083059025951277
0.396, 1.7107275152680208
0.398, 1.7131526494832487
0.4, 1.7155813102840336
0.402, 1.7180135027206562
0.404, 1.7204492318504587
0.406, 1.7228885027378564
0.408, 1.7253313204543455
0.41, 1.7277776900785207
0.412, 1.7302276166960764
0.414, 1.732681105399815
0.416, 1.7351381612896555
0.418, 1.73759878947265
0.42, 1.7400629950629898
0.422, 1.7425307831820105
0.424, 1.7450021589582017
0.426, 1.7474771275272176
0.428, 1.7499556940318926
0.43, 1.7524378636222417
0.432, 1.7549236414554714
0.434, 1.757413032695987
0.436, 1.759906042515409
0.438, 1.7624026760925808
0.44, 1.764902938613571
0.442, 1.7674068352716852
0.444, 1.7699143712674779
0.446, 1.772425551808765
0.448, 1.7749403821106264
0.45, 1.7774588673954161
0.452, 1.77998101289277
0.454, 1.782506823839624
0.456, 1.7850363054802172
0.458, 1.7875694630660992
0.46, 1.7901063018561383
0.462, 1.792646827116537
0.464, 1.7951910441208419
0.466, 1.7977389581499463
0.468, 1.8002905744921012
0.47, 1.8028458984429243
0.472, 1.8054049353054171
0.474, 1.8079676903899673
0.476, 1.8105341690143562
0.478, 1.8131043765037687
0.48, 1.815678318190809
0.482, 1.8182559994155076
0.484, 1.8208374255253268
0.486, 1.8234226018751702
0.488, 1.8260115338273932
0.49, 1.8286042267518194
0.492, 1.8312006860257415
0.494, 1.8338009170339324
0.496, 1.8364049251686512
0.498, 1.8390127158296625
0.5, 1.8416242944242418
0.502, 1.8442396663671796
0.504, 1.846858837080793
0.506, 1.8494818119949377
0.508, 1.8521085965470212
0.51, 1.8547391961820046
0.512, 1.8573736163524142
0.514, 1.8600118625183488
0.516, 1.8626539401474986
0.518, 1.8652998547151476
0.52, 1.8679496117041818
0.522, 1.870603216605098
0.524, 1.8732606749160192
0.526, 1.8759219921427044
0.528, 1.8785871737985511
0.53, 1.8812562254046088
0.532, 1.883929152489585
0.534, 1.886605960589865
0.536, 1.889286655249513
0.538, 1.8919712420202808
0.54, 1.8946597264616172
0.542, 1.8973521141406848
0.544, 1.9000484106323672
0.546, 1.9027486215192726
0.548, 1.905452752391746
0.55, 1.9081608088478799
0.552, 1.9108727964935297
0.554, 1.9135887209423148
0.556, 1.9163085878156305
0.558, 1.9190324027426544
0.56, 1.9217601713603665
0.562, 1.924491899313552
0.564, 1.927227592254809
0.566, 1.929967255844558
0.568, 1.9327108957510564
0.57, 1.9354585176504095
0.572, 1.938210127226574
0.574, 1.940965730171368
0.576, 1.9437253321844818
0.578, 1.946488938973495
0.58, 1.9492565562538777
0.582, 1.9520281897490017
0.584, 1.954803845190147
0.586, 1.9575835283165208
0.588, 1.960367244875264
0.59, 1.9631550006214553
0.592, 1.9659468013181234
0.594, 1.9687426527362584
0.596, 1.971542560654826
0.598, 1.9743465308607702
0.6, 1.9771545691490235
0.602, 1.9799666813225165
0.604, 1.982782873192195
0.606, 1.985603150577025
0.608, 1.9884275193039995
0.61, 1.9912559852081475
0.612, 1.994088554132551
0.614, 1.9969252319283546
0.616, 1.9997660244547677
0.618, 2.002610937579078
0.62, 2.00545997717666
0.622, 2.0083131491309922
0.624, 2.011170459333661
0.626, 2.0140319136843674
0.628, 2.016897518090938
0.63, 2.019767278469343
0.632, 2.0226412007437014
0.634, 2.0255192908462867
0.636, 2.028401554717538
0.638, 2.0312879983060728
0.64, 2.0341786275687017
0.642, 2.0370734484704287
0.644, 2.039972466984463
0.646, 2.042875689092231
0.648, 2.0457831207833896
0.65, 2.0486947680558334
0.652, 2.0516106369157017
0.654, 2.054530733377387
0.656, 2.057455063463553
0.658, 2.0603836332051437
0.66, 2.063316448641385
0.662, 2.0662535158197985
0.664, 2.0691948407962126
0.666, 2.0721404296347785
0.668, 2.07509028840797
0.67, 2.0780444231965967
0.672, 2.0810028400898126
0.674, 2.083965545185134
0.676, 2.086932544588443
0.678, 2.0899038444139966
0.68, 2.0928794507844355
0.682, 2.0958593698308
0.684, 2.0988436076925416
0.686, 2.101832170517523
0.688, 2.1048250644620348
0.69, 2.1078222956908013
0.692, 2.110823870377001
0.694, 2.113829794702266
0.696, 2.1168400748566945
0.698, 2.119854717038858
0.7, 2.122873727455822
0.702, 2.1258971123231474
0.704, 2.1289248778649017
0.706, 2.1319570303136657
0.708, 2.134993575910551
0.71, 2.1380345209052103
0.712, 2.14107987155584
0.714, 2.1441296341291927
0.716, 2.1471838149005875
0.718, 2.150242420153928
0.72, 2.153305456181703
0.722, 2.156372929284998
0.724, 2.1594448457735025
0.726, 2.1625212119655304
0.728, 2.1656020341880255
0.73, 2.1686873187765667
0.732, 2.171777072075378
0.734, 2.1748713004373457
0.736, 2.177970010224028
0.738, 2.18107320780566
0.74, 2.184180899561164
0.742, 2.187293091878159
0.744, 2.1904097911529803
0.746, 2.1935310037906826
0.748, 2.1966567362050458
0.75, 2.1997869948185884
0.752, 2.2029217860625825
0.754, 2.2060611163770636
0.756, 2.2092049922108337
0.758, 2.212353420021473
0.76, 2.2155064062753533
0.762, 2.218663957447654
0.764, 2.22182608002236
0.766, 2.2249927804922773
0.768, 2.2281640653590413
0.77, 2.231339941133135
0.772, 2.234520414333892
0.774, 2.237705491489506
0.776, 2.2408951791370395
0.778, 2.2440894838224423
0.78, 2.247288412100559
0.782, 2.2504919705351334
0.784, 2.2537001656988207
0.786, 2.2569130041731995
0.788, 2.2601304925487873
0.79, 2.2633526374250432
0.792, 2.2665794454103767
0.794, 2.269810923122161
0.796, 2.2730470771867486
0.798, 2.2762879142394765
0.8, 2.2795334409246735
0.802, 2.28278366389567
0.804, 2.286038589814817
0.806, 2.289298225353493
0.808, 2.2925625771921085
0.81, 2.2958316520201176
0.812, 2.299105456536032
0.814, 2.302383997447435
0.816, 2.305667281470983
0.818, 2.3089553153324176
0.82, 2.3122481057665754
0.822, 2.315545659517407
0.824, 2.3188479833379785
0.826, 2.322155083990483
0.828, 2.325466968246247
0.83, 2.328783642885752
0.832, 2.3321051146986376
0.834, 2.33543139048371
0.836, 2.3387624770489532
0.838, 2.34209838121154
0.84, 2.3454391097978493
0.842, 2.3487846696434653
0.844, 2.352135067593191
0.846, 2.355490310501058
0.848, 2.3588504052303447
0.85, 2.3622153586535783
0.852, 2.365585177652546
0.854, 2.3689598691183016
0.856, 2.372339439951187
0.858, 2.375723897060836
0.86, 2.3791132473661825
0.862, 2.3825074977954697
0.864, 2.3859066552862656
0.866, 2.3893107267854745
0.868, 2.3927197192493415
0.87, 2.3961336396434625
0.872, 2.399552494942796
0.874, 2.4029762921316795
0.876, 2.4064050382038342
0.878, 2.4098387401623724
0.88, 2.413277405019808
0.882, 2.4167210397980754
0.884, 2.4201696515285347
0.886, 2.4236232472519785
0.888, 2.4270818340186415
0.89, 2.4305454188882174
0.892, 2.434014008929869
0.894, 2.4374876112222337
0.896, 2.440966232853431
0.898, 2.444449880921078
0.9, 2.4479385625323036
0.902, 2.4514322848037517
0.904, 2.4549310548615924
0.906, 2.4584348798415294
0.908, 2.461943766888821
0.91, 2.4654577231582824
0.912, 2.468976755814296
0.914, 2.4725008720308175
0.916, 2.4760300789913967
0.918, 2.479564383889184
0.92, 2.483103793926936
0.922, 2.486648316317027
0.924, 2.4901979582814597
0.926, 2.493752727051883
0.928, 2.4973126298695916
0.93, 2.50087767398554
0.932, 2.504447866660349
0.934, 2.508023215164327
0.936, 2.5116037267774716
0.938, 2.5151894087894786
0.94, 2.5187802684997527
0.942, 2.5223763132174226
0.944, 2.5259775502613513
0.946, 2.52958398696014
0.948, 2.5331956306521386
0.95, 2.5368124886854604
0.952, 2.540434568417995
0.954, 2.5440618772174117
0.956, 2.5476944224611686
0.958, 2.5513322115365256
0.96, 2.5549752518405606
0.962, 2.5586235507801733
0.964, 2.5622771157720927
0.966, 2.5659359542428883
0.968, 2.5696000736289877
0.97, 2.573269481376682
0.972, 2.5769441849421324
0.974, 2.5806241917913813
0.976, 2.5843095094003665
0.978, 2.5880001452549326
0.98, 2.5916961068508355
0.982, 2.5953974016937504
0.984, 2.599104037299287
0.986, 2.6028160211930045
0.988, 2.606533360910413
0.99, 2.6102560639969843
0.992, 2.613984138008161
0.994, 2.617717590509376
0.996, 2.621456429076055
0.998, 2.625200661293624
1.0, 2.6289502947575243
