-1.0,0.194,0.228,0.645,0.8420000000000001
-0.998,0.1939054865208606,0.2278127869631259,0.6443634825586892,0.8418727532549362
-0.996,0.1938109663950788,0.227625757920601,0.6437286909705939,0.8417447909869641
-0.994,0.1937164397090539,0.2274389125383699,0.6430956203515301,0.8416161161385938
-0.992,0.1936219065498083,0.2272522504834279,0.6424642658333438,0.841486731641282
-0.99,0.1935273670049792,0.2270657714238175,0.6418346225638493,0.8413566404154789
-0.988,0.1934328211628084,0.2268794750286247,0.641206685706766,0.8412258453706746
-0.986,0.1933382691121349,0.2266933609679751,0.6405804504416568,0.8410943494054459
-0.984,0.1932437109423852,0.2265074289130307,0.6399559119638677,0.8409621554075027
-0.982,0.1931491467435648,0.2263216785359854,0.6393330654844643,0.840829266253734
-0.98,0.193054576606249,0.2261361095100606,0.6387119062301667,0.8406956848102523
-0.978,0.1929600006215749,0.2259507215095022,0.6380924294432928,0.8405614139324397
-0.976,0.1928654188812354,0.225765514209583,0.6374746303817159,0.8404264564649988
-0.974,0.192770831477466,0.2255804872865875,0.6368585043187679,0.8402908152419885
-0.972,0.1926762385030394,0.2253956404178162,0.6362440465432038,0.8401544930868746
-0.97,0.1925816400512567,0.2252109732815799,0.6356312523591369,0.8400174928125734
-0.968,0.1924870362159394,0.2250264855571964,0.635020117085978,0.8398798172214961
-0.966,0.1923924270914211,0.2248421769249868,0.634410636058378,0.8397414691055929
-0.964,0.1922978127725395,0.2246580470662715,0.6338028046261669,0.8396024512463974
-0.962,0.1922031933546283,0.2244740956633675,0.6331966181542976,0.8394627664150701
-0.96,0.1921085689335097,0.2242903223995849,0.6325920720227868,0.8393224173724423
-0.958,0.1920139396054849,0.2241067269592198,0.6319891616266479,0.8391814068690575
-0.956,0.1919193054673292,0.2239233090275569,0.6313878823758505,0.8390397376452183
-0.954,0.1918246666162827,0.2237400682908632,0.6307882296952555,0.8388974124310276
-0.952,0.1917300231500426,0.2235570044363831,0.6301901990245518,0.8387544339464301
-0.95,0.1916353751667552,0.2233741171523356,0.6295937858182027,0.8386108049012562
-0.948,0.1915407227650095,0.223191406127912,0.6289989855453916,0.8384665279952638
-0.946,0.191446066043829,0.2230088710532714,0.6284057936899634,0.8383216059181806
-0.944,0.1913514051026647,0.2228265116195376,0.6278142057503693,0.8381760413497463
-0.942,0.1912567400413877,0.2226443275187958,0.62722421723961,0.8380298369597541
-0.94,0.1911620709602819,0.2224623184440889,0.6266358236851799,0.8378829954080917
-0.938,0.1910673979600369,0.2222804840894143,0.6260490206290126,0.8377355193447837
-0.936,0.1909727211417409,0.2220988241497206,0.6254638036274249,0.8375874114100318
-0.934,0.1908780406068734,0.2219173383209038,0.6248801682510616,0.8374386742342558
-0.932,0.190783356457298,0.2217360262998033,0.624298110084838,0.8372893104381338
-0.93,0.1906886687952574,0.2215548877842021,0.623717624727897,0.8371393226326459
-0.928,0.1905939777233623,0.2213739224728163,0.6231387077935319,0.8369887134191079
-0.926,0.1904992833445919,0.221193130065304,0.6225613549091727,0.836837485389222
-0.924,0.1904045857622748,0.2210125102622405,0.6219855617162613,0.8366856411250987
-0.922,0.1903098850800992,0.2208320627651454,0.6214113238702967,0.8365331831993228
-0.92,0.1902151814020911,0.2206517872764516,0.6208386370406942,0.836380114174968
-0.918,0.1901204748326157,0.2204716834995163,0.6202674969107752,0.8362264366056498
-0.916,0.1900257654763686,0.2202917511386138,0.6196978991777053,0.8360721530355604
-0.914,0.1899310534383698,0.2201119898989335,0.6191298395524426,0.8359172659995091
-0.912,0.1898363388239572,0.2199323994865756,0.6185633137596843,0.8357617780229605
-0.91,0.1897416217387803,0.2197529796085484,0.6179983175378153,0.8356056916220727
-0.908,0.1896469022887938,0.2195737299727652,0.6174348466388571,0.8354490093037364
-0.906,0.1895521805802515,0.2193946502880404,0.6168728968284135,0.8352917335656129
-0.904,0.1894574567197003,0.2192157402640875,0.6163124638856247,0.8351338668961724
-0.902,0.1893627308139736,0.2190369996115142,0.6157535436031085,0.8349754117747306
-0.9,0.1892680029701858,0.2188584280418213,0.6151961317869177,0.8348163706714883
-0.898,0.1891732732957247,0.2186800252673954,0.6146402242564749,0.8346567460475651
-0.896,0.1890785418982494,0.218501791001514,0.6140858168445499,0.8344965403550446
-0.894,0.1889838088856816,0.2183237249583359,0.6135329053971875,0.8343357560370046
-0.892,0.1888890743661942,0.2181458268528889,0.6129814857736299,0.8341743955275474
-0.89,0.1887943384482197,0.2179680964010926,0.6124315538463484,0.834012461251858
-0.888,0.1886996012404325,0.2177905333197327,0.6118831055009207,0.8338499556262223
-0.886,0.1886048628517459,0.2176131373264637,0.6113361366360033,0.8336868810580674
-0.884,0.1885101233913084,0.2174359081398083,0.6107906431632876,0.8335232399460005
-0.882,0.1884153829684969,0.217258845479153,0.6102466210074478,0.8333590346798441
-0.88,0.1883206416929111,0.2170819490647451,0.6097040661060924,0.8331942676406711
-0.878,0.1882258996743689,0.2169052186176896,0.6091629744097157,0.8330289412008415
-0.876,0.1881311570228998,0.2167286538599461,0.6086233418816495,0.8328630577240372
-0.874,0.1880364138487404,0.216552254514326,0.6080851644980146,0.8326966195652985
-0.872,0.1879416702623284,0.2163760203044889,0.6075484382476741,0.8325296290710573
-0.87,0.187846926374298,0.2161999509549405,0.6070131591321851,0.8323620885791744
-0.868,0.1877521822954741,0.2160240461910286,0.6064793231657505,0.8321940004189725
-0.866,0.1876574381368676,0.215848305738941,0.6059469263751747,0.832025366911273
-0.864,0.1875626940096693,0.2156727293257012,0.6054159647998107,0.8318561903684276
-0.862,0.1874679500252471,0.2154973166791689,0.6048864344915267,0.8316864730943574
-0.86,0.1873732062951367,0.2153220675280296,0.6043583315146339,0.8315162173845791
-0.858,0.1872784629310413,0.2151469816018005,0.6038316519458696,0.8313454255262487
-0.856,0.1871837200448264,0.2149720586308267,0.6033063918743469,0.831174099798193
-0.854,0.1870889777485072,0.214797298346264,0.6027825474014664,0.831002242470931
-0.852,0.1869942361542546,0.2146227004800965,0.602260114640932,0.8308298558067267
-0.85,0.1868994953743827,0.2144482647651196,0.6017390897186643,0.8306569420596084
-0.848,0.1868047555213515,0.2142739909349497,0.6012194687727898,0.8304835034754154
-0.846,0.1867100167077523,0.2140998787240046,0.6007012479535493,0.8303095422918142
-0.844,0.1866152790463099,0.2139259278675125,0.6001844234232866,0.8301350607383424
-0.842,0.1865205426498762,0.2137521381015059,0.599668991356395,0.8299600610364395
-0.84,0.1864258076314258,0.2135785091628191,0.5991549479392728,0.8297845453994792
-0.838,0.1863310741040511,0.2134050407890849,0.598642289370279,0.8296085160328015
-0.836,0.1862363421809579,0.2132317327187322,0.598131011859689,0.829431975133746
-0.834,0.1861416119754612,0.2130585846909828,0.5976211116296508,0.829254924891683
-0.832,0.1860468836009805,0.2128855964458489,0.5971125849141414,0.8290773674880461
-0.83,0.1859521571710355,0.2127127677241299,0.5966054279589228,0.8288993050963638
-0.828,0.1858574327992417,0.2125400982674099,0.5960996370214985,0.8287207398822918
-0.826,0.1857627105993062,0.212367587818055,0.5955952083710717,0.8285416740036442
-0.824,0.1856679906850237,0.2121952361192104,0.5950921382885012,0.828362109610425
-0.822,0.1855732731702714,0.2120230429147969,0.5945904230662565,0.8281820488448586
-0.82,0.1854785581690062,0.2118510079495104,0.5940900590083821,0.8280014938414232
-0.818,0.1853838457952586,0.2116791309688145,0.593591042430442,0.8278204467268777
-0.816,0.1852891361631317,0.2115074117189456,0.5930933696594992,0.8276389096202994
-0.814,0.1851944293867927,0.2113358499468997,0.5925970370340431,0.8274568846331052
-0.812,0.185099725580474,0.2111644454004404,0.5921020409039804,0.8272743738690922
-0.81,0.1850050248584642,0.2109931978280871,0.5916083776305655,0.827091379424459
-0.808,0.1849103273351116,0.2108221069791248,0.5911160435863955,0.8269079033878501
-0.806,0.1848156331248097,0.2106511726035832,0.5906250351553171,0.8267239478403647
-0.804,0.1847209423419895,0.2104803944522264,0.5901353487323615,0.8265395148555816
-0.802,0.1846262551011531,0.2103097722766184,0.589646980723903,0.8263546064996579
-0.8,0.1845315715168188,0.2101393058290276,0.589159927547348,0.8261692248312632
-0.798,0.1844368917035468,0.2099689948624781,0.5886741856312507,0.8259833719016647
-0.796,0.1843422157759293,0.209798839130735,0.5881897514152382,0.8257970497547442
-0.794,0.1842475438485868,0.2096288383883017,0.5877066213499704,0.8256102604270286
-0.792,0.1841528760361641,0.2094589923904179,0.5872247918971002,0.8254230059477173
-0.79,0.1840582124533272,0.209289300893056,0.5867442595292327,0.8252352883387128
-0.788,0.1839635532147592,0.2091197636529195,0.5862650207298865,0.8250471096146488
-0.786,0.1838688984351573,0.2089503804274396,0.5857870719934535,0.8248584717829189
-0.784,0.1837742482292288,0.2087811509747731,0.5853104098251594,0.8246693768437061
-0.782,0.1836796027116881,0.2086120750537995,0.5848350307410249,0.8244798267900102
-0.78,0.1835849619972528,0.2084431524241186,0.5843609312678264,0.8242898236076768
-0.778,0.1834903262006408,0.208274382846048,0.5838881079430569,0.8240993692754257
-0.776,0.1833956954365665,0.2081057660806205,0.5834165573148876,0.8239084657648785
-0.774,0.1833010698197376,0.2079373018895809,0.5829462759421284,0.8237171150405868
-0.772,0.1832064494648524,0.2077689900353854,0.5824772603941927,0.8235253190600609
-0.77,0.1831118344865951,0.207600830281196,0.5820095072510529,0.8233330797737954
-0.768,0.1830172249996342,0.2074328223908809,0.5815430131032091,0.8231403991252995
-0.766,0.1829226211186188,0.207264966129011,0.5810777745516487,0.822947279051123
-0.764,0.1828280229581738,0.2070972612608555,0.5806137882078033,0.822753721480882
-0.762,0.1827334306328996,0.2069297075523826,0.5801510506935206,0.8225597283372901
-0.76,0.1826388442573672,0.2067623047702555,0.5796895586410218,0.8223653015361825
-0.758,0.1825442639461165,0.206595052681831,0.5792293086928682,0.8221704429865461
-0.756,0.1824496898136495,0.2064279510551519,0.5787702975019094,0.8219751545905385
-0.754,0.1823551219744333,0.2062609996589533,0.5783125217312706,0.8217794382435266
-0.752,0.1822605605428919,0.2060941982626529,0.577855978054295,0.8215832958341031
-0.75,0.1821660056334064,0.2059275466363526,0.5774006631545211,0.8213867292441187
-0.748,0.1820714573603037,0.2057610445508212,0.5769465737256013,0.8211897403486921
-0.746,0.1819769158378777,0.2055946917775363,0.5764937064713906,0.8209923310162857
-0.744,0.1818823811803553,0.2054284880886247,0.5760420581057516,0.8207945031086665
-0.742,0.181787853501912,0.2052624332568938,0.5755916253526123,0.8205962584809714
-0.74,0.1816933329166651,0.2050965270558216,0.5751424049459088,0.8203975989817239
-0.738,0.1815988195386709,0.2049307692595545,0.5746943936295502,0.8201985264528606
-0.736,0.1815043134819217,0.2047651596429047,0.5742475881573822,0.8199990427297559
-0.734,0.1814098148603435,0.2045996979813476,0.5738019852931523,0.8197991496412481
-0.732,0.181315323787793,0.20443438405102,0.5733575818104742,0.8195988490096646
-0.73,0.1812208403780552,0.2042692176287175,0.5729143744927928,0.8193981426508479
-0.728,0.1811263647448407,0.2041041984918916,0.5724723601333493,0.8191970323741793
-0.726,0.1810318970017828,0.2039393264186485,0.5720315355351461,0.8189955199826058
-0.724,0.1809374372624356,0.2037746011877456,0.5715918975109122,0.8187936072726636
-0.722,0.1808429856402706,0.2036100225785898,0.5711534428830691,0.8185912960345039
-0.72,0.1807485422486751,0.2034455903712353,0.570716168483696,0.8183885880519173
-0.718,0.180654107200949,0.2032813043463809,0.5702800711544953,0.8181854851023582
-0.716,0.1805596806103028,0.2031171642853678,0.5698451477467593,0.8179819889569699
-0.714,0.1804652625898547,0.2029531699701772,0.5694113951213349,0.8177781013806084
-0.712,0.180370853252629,0.2027893211834287,0.5689788101485922,0.8175738241318673
-0.71,0.1802764527115526,0.2026256177083767,0.5685473897083866,0.8173691589631011
-0.708,0.1801820610794537,0.2024620593289098,0.5681171306900308,0.8171641076204507
-0.706,0.1800876784690593,0.2022986458295478,0.567688029992259,0.8169586718438668
-0.704,0.1799933049929911,0.2021353769954368,0.567260084523186,0.8167528533671307
-0.702,0.1798989407637672,0.2019722526123533,0.566833291200292,0.8165466539178854
-0.7,0.1798045858937954,0.2018092724666954,0.5664076469503709,0.8163400752176513
-0.698,0.1797102404953739,0.2016464363454842,0.5659831487095088,0.8161331189818544
-0.696,0.179615904680689,0.2014837440363623,0.5655597934230514,0.8159257869198511
-0.694,0.1795215785618097,0.2013211953275857,0.5651375780455573,0.8157180807349429
-0.692,0.1794272622506901,0.2011587900080293,0.5647164995407853,0.8155100021244108
-0.69,0.1793329558591652,0.2009965278671819,0.564296554881654,0.8153015527795335
-0.688,0.1792386594989463,0.2008344086951385,0.5638777410501968,0.8150927343856051
-0.686,0.179144373281622,0.2006724322826046,0.5634600550375457,0.8148835486219643
-0.684,0.1790500973186621,0.2005105984209033,0.5630434938439239,0.8146739971620309
-0.682,0.1789558317213979,0.2003489069019429,0.562628054478535,0.8144640816732891
-0.68,0.1788615766010449,0.2001873575182583,0.5622137339596462,0.8142538038173648
-0.678,0.1787673320686627,0.200025950062942,0.5618005293143804,0.8140431652499645
-0.676,0.1786730982352108,0.1998646843297415,0.5613884375789444,0.8138321676210248
-0.674,0.1785788752114908,0.1997035601129615,0.5609774557983515,0.8136208125746112
-0.672,0.1784846631081728,0.1995425772075109,0.5605675810265145,0.813409101749003
-0.67,0.1783904620357881,0.1993817354088898,0.5601588103261895,0.8131970367767037
-0.668,0.1782962721047269,0.1992210345131883,0.559751140768945,0.8129846192844616
-0.666,0.1782020934252364,0.1990604743170835,0.5593445694351307,0.8127718508932928
-0.664,0.1781079261074195,0.1989000546178383,0.5589390934138472,0.812558733218502
-0.662,0.1780137702612323,0.1987397752132984,0.5585347098029158,0.8123452678697054
-0.66,0.177919625996483,0.1985796359018909,0.5581314157088476,0.8121314564508514
-0.658,0.1778254934228295,0.1984196364826219,0.5577292082468138,0.8119173005602425
-0.656,0.177731372649778,0.1982597767550746,0.5573280845406153,0.811702801790557
-0.654,0.1776372637866815,0.1981000565194069,0.5569280417226528,0.81148796172887
-0.652,0.1775431669427375,0.1979404755763498,0.5565290769338966,0.8112727819566747
-0.65,0.1774490822269869,0.197781033727205,0.5561311873238576,0.811057264049904
-0.648,0.1773550097483119,0.1976217307738429,0.5557343700505567,0.8108414095789505
-0.646,0.1772609496154349,0.197462566518701,0.5553386222804968,0.8106252201086892
-0.644,0.1771669019369162,0.1973035407647811,0.5549439411886316,0.8104086971984967
-0.642,0.1770728668211528,0.1971446533156477,0.554550323958337,0.8101918424022728
-0.64,0.176978844376377,0.1969859039754263,0.5541577677813836,0.8099746572684616
-0.638,0.1768848347106544,0.196827292548801,0.5537662698579054,0.8097571433400714
-0.636,0.1767908379318825,0.1966688188410121,0.553375827396371,0.809539302154695
-0.634,0.1766968541477896,0.1965104826578551,0.5529864376135573,0.8093211352445315
-0.632,0.1766028834659326,0.1963522838056778,0.5525980977345177,0.8091026441364051
-0.63,0.1765089259936961,0.1961942220913793,0.5522108049925564,0.8088838303517865
-0.628,0.1764149818382908,0.1960362973224069,0.551824556629198,0.8086646954068129
-0.626,0.1763210511067504,0.1958785093067528,0.5514393498941542,0.8084452408123042
-0.624,0.1762271339059361,0.1957208578529605,0.5510551820453182,0.8082254680737961
-0.622,0.1761332303425244,0.1955633427701064,0.5506720503486945,0.8080053786915369
-0.62,0.1760393405230174,0.195405963867816,0.550289952078416,0.8077849741605319
-0.618,0.1759454645537367,0.1952487209562549,0.5499088845166997,0.8075642559705538
-0.616,0.1758516025408133,0.1950916138461117,0.5495288449537804,0.8073432256061419
-0.614,0.1757577545902074,0.1949346423486321,0.549149830687972,0.8071218845466703
-0.612,0.1756639208076817,0.1947778062755739,0.548771839025535,0.8069002342663086
-0.61,0.175570101298819,0.1946211054392366,0.548394867280725,0.8066782762340852
-0.608,0.1754762961690186,0.1944645396524567,0.5480189127757596,0.806456011913901
-0.606,0.1753825055234742,0.1943081087285696,0.547643972840702,0.8062334427645019
-0.604,0.1752887294672108,0.1941518124814722,0.5472700448135923,0.8060105702395828
-0.602,0.1751949681050488,0.193995650725563,0.5468971260402793,0.8057873957877296
-0.6,0.1751012215416228,0.1938396232757736,0.5465252138744714,0.805563920852485
-0.598,0.1750074898813681,0.1936837299475463,0.5461543056776649,0.805340146872335
-0.596,0.1749137732285272,0.1935279705568451,0.5457843988191458,0.8051160752807496
-0.594,0.1748200716871467,0.1933723449201502,0.5454154906759552,0.8048917075061941
-0.592,0.1747263853610756,0.1932168528544563,0.5450475786328625,0.8046670449721492
-0.59,0.1746327143539649,0.1930614941772704,0.5446806600823393,0.8044420890971284
-0.588,0.1745390587692658,0.1929062687066104,0.5443147324245332,0.8042168412946973
-0.586,0.174445418710229,0.1927511762610028,0.5439497930672416,0.8039913029734916
-0.584,0.1743517942799035,0.1925962166594812,0.5435858394258853,0.8037654755372357
-0.582,0.1742581855811356,0.1924413897215844,0.5432228689234836,0.8035393603847608
-0.58,0.1741645927165676,0.1922866952673546,0.5428608789906273,0.8033129589100231
-0.578,0.1740710157886371,0.1921321331173354,0.5424998670654538,0.8030862725021217
-0.576,0.1739774548995759,0.1919777030925703,0.5421398305936215,0.8028593025453175
-0.574,0.1738839101514086,0.1918234050146006,0.5417807670282836,0.8026320504190497
-0.572,0.1737903816459522,0.1916692387054641,0.5414226738300635,0.8024045174979549
-0.57,0.1736968694848149,0.1915152039876927,0.541065548467029,0.8021767051518844
-0.568,0.1736033737693949,0.1913613006843109,0.5407093884146675,0.8019486147459223
-0.566,0.1735098946008795,0.1912075286188341,0.5403541911558605,0.801720247640402
-0.564,0.1734164320802448,0.191053887615267,0.5399999541808589,0.8014916051909253
-0.562,0.1733229863082536,0.1909003774981012,0.5396466749872576,0.801262688748379
-0.56,0.1732295573854559,0.1907469980923143,0.5392943510799719,0.8010334996589528
-0.558,0.1731361454121865,0.1905937492233671,0.5389429799712108,0.8008040392641552
-0.556,0.1730427504885657,0.1904406307172034,0.5385925591804552,0.8005743089008337
-0.554,0.172949372714497,0.1902876424002464,0.5382430862344304,0.8003443099011888
-0.552,0.1728560121896674,0.1901347840993989,0.5378945586670842,0.8001140435927936
-0.55,0.1727626690135457,0.1899820556420396,0.5375469740195604,0.7998835112986087
-0.548,0.1726693432853818,0.1898294568560226,0.5372003298401755,0.7996527143370005
-0.546,0.1725760351042075,0.1896769875696774,0.536854623684399,0.7994216540217607
-0.544,0.1724827445688314,0.1895246476118005,0.5365098531148147,0.7991903316621132
-0.542,0.1723894717778444,0.1893724368116638,0.536166015701119,0.798958748562746
-0.54,0.1722962168296136,0.1892203549990049,0.5358231090200795,0.7987269060238159
-0.538,0.1722029798222848,0.1890684020040294,0.5354811306555198,0.7984948053409712
-0.536,0.172109760853779,0.1889165776574062,0.5351400781982887,0.798262447805363
-0.534,0.1720165600217919,0.1887648817902654,0.5347999492462369,0.7980298347036623
-0.532,0.1719233774238,0.1886133142342077,0.5344607414042175,0.797796967318092
-0.53,0.171830213157049,0.1884618748212851,0.5341224522840232,0.7975638469264172
-0.528,0.1717370673185589,0.1883105633840091,0.5337850795043846,0.797330474801976
-0.526,0.1716439400051263,0.1881593797553531,0.5334486206909581,0.7970968522137026
-0.524,0.1715508313133157,0.1880083237687384,0.5331130734762716,0.7968629804261236
-0.522,0.1714577413394688,0.1878573952580486,0.5327784354997418,0.7966288606993983
-0.52,0.1713646701796931,0.18770659405761,0.5324447044076069,0.79639449428931
-0.518,0.1712716179298678,0.1875559200022012,0.5321118778529315,0.7961598824472955
-0.516,0.1711785846856348,0.1874053729270377,0.5317799534955513,0.7959250264204423
-0.514,0.1710855705424341,0.1872549526678287,0.5314489290021847,0.795689927451592
-0.512,0.1709925755954403,0.1871046590606731,0.5311188020461761,0.7954545867792009
-0.51,0.1708995999396114,0.1869544919421389,0.5307895703076589,0.7952190056374785
-0.508,0.1708066436696727,0.1868044511492351,0.5304612314734694,0.7949831852563654
-0.506,0.1707137068801144,0.1866545365194082,0.5301337832371252,0.7947471268615407
-0.504,0.1706207896651936,0.1865047478905446,0.5298072232988094,0.794510831674448
-0.502,0.1705278921189335,0.1863550851009681,0.5294815493653461,0.7942743009123077
-0.5,0.1704350143351225,0.1862055479894384,0.529156759150179,0.7940375357881321
-0.498,0.1703421564073139,0.1860561363951491,0.5288328503733493,0.7938005375107414
-0.496,0.1702493184288254,0.1859068501577268,0.5285098207614735,0.7935633072847786
-0.494,0.1701565004927382,0.185757689117229,0.5281876680477222,0.7933258463107247
-0.492,0.1700637026918971,0.1856086531141427,0.5278663899717981,0.7930881557849132
-0.49,0.1699709251189098,0.185459741989383,0.5275459842799142,0.7928502368995465
-0.488,0.1698781678661463,0.1853109555842915,0.5272264487247724,0.7926120908427093
-0.486,0.1697854310257384,0.1851622937406344,0.5269077810655426,0.7923737187983846
-0.484,0.1696927146895795,0.1850137563006018,0.5265899790678401,0.7921351219464682
-0.482,0.169600018949324,0.184865343106805,0.5262730405037057,0.7918963014627832
-0.48,0.1695073438963871,0.1847170540022762,0.5259569631515836,0.7916572585190952
-0.478,0.1694146896219439,0.1845688888304661,0.5256417447963003,0.7914179942831265
-0.476,0.1693220562169296,0.1844208474352429,0.5253273832290446,0.7911785099185715
-0.474,0.1692294437720384,0.1842729296608902,0.5250138762473446,0.7909388065851097
-0.472,0.169136852377724,0.1841251353521065,0.5247012216550494,0.7906988854384221
-0.47,0.1690442821241984,0.1839774643540026,0.524389417262306,0.7904587476302042
-0.468,0.1689517331014319,0.1838299165121009,0.5240784608855402,0.7902183943081807
-0.466,0.1688592053991528,0.1836824916723336,0.5237683503474349,0.7899778266161204
-0.464,0.1687666991068469,0.183535189681041,0.5234590834769098,0.7897370456938493
-0.462,0.1686742143137572,0.1833880103849707,0.5231506581091022,0.7894960526772661
-0.46,0.1685817511088837,0.1832409536312755,0.5228430720853443,0.7892548486983555
-0.458,0.1684893095809828,0.1830940192675118,0.522536323253144,0.7890134348852017
-0.456,0.1683968898185669,0.1829472071416389,0.5222304094661653,0.7887718123620038
-0.454,0.1683044919099055,0.1828005171020177,0.5219253285842089,0.7885299822490901
-0.452,0.1682121159430218,0.182653948997407,0.5216210784731867,0.7882879456629279
-0.45,0.1681197620056967,0.1825075026769662,0.5213176570051119,0.788045703716145
-0.448,0.1680274301854639,0.1823611779902487,0.5210150620580664,0.7878032575175338
-0.446,0.167935120569614,0.182214974787206,0.5207132915161939,0.787560608172075
-0.444,0.1678428332451903,0.1820688929181807,0.520412343269668,0.787317756780942
-0.442,0.1677505682989911,0.1819229322339088,0.5201122152146805,0.7870747044415202
-0.44,0.1676583258175702,0.1817770925855199,0.5198129052534245,0.7868314522474235
-0.438,0.1675661058872324,0.1816313738245282,0.5195144112940597,0.7865880012884957
-0.436,0.1674739085940387,0.1814857758028407,0.5192167312507127,0.7863443526508389
-0.434,0.1673817340238006,0.1813402983727466,0.518919863043438,0.7861005074168124
-0.432,0.1672895822620863,0.1811949413869258,0.5186238045982202,0.7858564666650618
-0.43,0.1671974533942185,0.1810497046984449,0.5183285538469486,0.7856122314705287
-0.428,0.1671053475052649,0.1809045881607408,0.5180341087273668,0.7853678029044389
-0.426,0.1670132646800462,0.180759591627632,0.51774046718308,0.785123182034336
-0.424,0.1669212050031472,0.1806147149533359,0.5174476271635751,0.7848783699241255
-0.422,0.1668291685588974,0.180469957992436,0.5171555866241369,0.7846333676340367
-0.42,0.1667371554313792,0.1803253205998947,0.5168643435258564,0.7843881762206584
-0.418,0.1666451657044121,0.1801808026310261,0.5165738958355608,0.7841427967369095
-0.416,0.1665531994615932,0.1800364039415602,0.5162842415259301,0.7838972302321598
-0.414,0.1664612567862639,0.1798921243875882,0.5159953785753683,0.7836514777521544
-0.412,0.1663693377615044,0.1797479638255529,0.515707304967963,0.7834055403390155
-0.41,0.1662774424701564,0.1796039221122838,0.5154200186935501,0.7831594190313116
-0.408,0.166185570994811,0.1794599991049759,0.5151335177476494,0.7829131148640394
-0.406,0.1660937234178102,0.1793161946611921,0.5148478001314543,0.7826666288686424
-0.404,0.1660018998212469,0.1791725086388614,0.5145628638518135,0.7824199620730228
-0.402,0.1659101002869653,0.1790289408962782,0.514278706921213,0.7821731155015548
-0.4,0.1658183248965601,0.1788854912921004,0.5139953273577579,0.7819260901750957
-0.398,0.1657265737313769,0.1787421596853483,0.5137127231851536,0.7816788871110005
-0.396,0.165634846872512,0.1785989459354034,0.5134308924326885,0.7814315073231322
-0.394,0.1655431444008123,0.178455849902007,0.5131498331352157,0.7811839518218751
-0.392,0.1654514663968751,0.1783128714452587,0.512869543333135,0.7809362216141471
-0.39,0.1653598129410483,0.1781700104256157,0.5125900210723753,0.780688317703412
-0.388,0.1652681841134302,0.1780272667038908,0.5123112644043762,0.7804402410896912
-0.386,0.1651765799938696,0.1778846401412515,0.5120332713860715,0.7801919927695765
-0.384,0.1650850006619653,0.1777421305992187,0.5117560400798699,0.7799435737362417
-0.382,0.1649934461970669,0.1775997379396653,0.5114795685536385,0.7796949849794549
-0.38,0.1649019166782739,0.177457462024815,0.5112038548806853,0.7794462274855903
-0.378,0.1648104121844362,0.1773153027172412,0.510928897139741,0.7791973022376404
-0.376,0.1647189327941541,0.1771732598798654,0.5106546934149425,0.7789482102152279
-0.374,0.1646274785857779,0.177031333375956,0.5103812417958147,0.7786989523946168
-0.372,0.1645360496374083,0.1768895230691275,0.5101085403772538,0.778449529748726
-0.37,0.1644446460268962,0.1767478288233387,0.50983658725951,0.7781999432471389
-0.368,0.1643532678318428,0.1766062505028915,0.5095653805481698,0.7779501938561164
-0.366,0.1642619151295996,0.1764647879724302,0.5092949183541403,0.7777002825386086
-0.364,0.1641705879972682,0.1763234410969395,0.5090251987936303,0.7774502102542655
-0.362,0.164079286511701,0.176182209741744,0.5087562199881351,0.7771999779594503
-0.36,0.1639880107495003,0.1760410937725064,0.5084879800644188,0.7769495866072484
-0.358,0.1638967607870191,0.1759000930552266,0.5082204771544965,0.7766990371474816
-0.356,0.1638055367003607,0.1757592074562405,0.5079537093956201,0.7764483305267174
-0.354,0.1637143385653784,0.1756184368422176,0.5076876749302576,0.7761974676882804
-0.352,0.1636231664576774,0.175477781080163,0.5074223719060823,0.7759464495722672
-0.35,0.1635320204526127,0.1753372400374128,0.5071577984759513,0.7756952771155536
-0.348,0.1634409006252893,0.175196813581633,0.5068939527978878,0.775443951251805
-0.346,0.1633498070505643,0.1750565015808218,0.5066308330350723,0.7751924729114936
-0.344,0.163258739803045,0.1749163039033047,0.5063684373558178,0.7749408430219038
-0.342,0.1631676989570901,0.1747762204177358,0.50610676393356,0.7746890625071472
-0.34,0.1630766845868072,0.1746362509930918,0.5058458109468301,0.7744371322881654
-0.338,0.1629856967660577,0.1744963954986791,0.5055855765792555,0.7741850532827554
-0.336,0.1628947355684534,0.1743566538041265,0.5053260590195315,0.77393282640557
-0.334,0.1628038010673558,0.1742170257793834,0.5050672564614046,0.7736804525681273
-0.332,0.1627128933358826,0.1740775112947277,0.5048091671036726,0.7734279326788387
-0.33,0.1626220124468965,0.173938110220748,0.5045517891501381,0.7731752676429887
-0.328,0.1625311584730168,0.17379882242836,0.504295120809625,0.7729224583627778
-0.326,0.1624403314866119,0.1736596477887928,0.5040391602959393,0.7726695057373116
-0.324,0.1623495315597995,0.1735205861735891,0.5037839058278567,0.7724164106626124
-0.322,0.1622587587644603,0.1733816374546241,0.5035293556291428,0.7721631740316663
-0.32,0.1621680131722087,0.173242801504059,0.5032755079284535,0.7719097967343536
-0.318,0.1620772948544393,0.173104078194412,0.5030223609594557,0.771656279657587
-0.316,0.161986603882263,0.1729654673984574,0.5027699129606193,0.7714026236851463
-0.314,0.1618959403265751,0.1728269689893307,0.5025181621754112,0.7711488296978737
-0.312,0.1618053042580074,0.1726885828404513,0.5022671068521252,0.7708948985735546
-0.31,0.1617146957469488,0.1725503088255549,0.5020167452439361,0.7706408311869846
-0.308,0.1616241148635405,0.1724121468186839,0.5017670756088686,0.7703866284099632
-0.306,0.1615335616776773,0.1722740966941875,0.5015180962097827,0.7701322911113095
-0.304,0.1614430362590073,0.1721361583267212,0.501269805314359,0.7698778201568713
-0.302,0.1613525386769324,0.1719983315912447,0.5010222011950836,0.7696232164095353
-0.3,0.1612620690006082,0.1718606163630212,0.500775282129232,0.7693684807292371
-0.298,0.1611716272989441,0.1717230125176165,0.5005290463988549,0.7691136139729717
-0.296,0.1610812136406039,0.1715855199308976,0.5002834922907632,0.7688586169948035
-0.294,0.1609908280940056,0.1714481384790318,0.5000386180965125,0.7686034906458764
-0.292,0.160900470727322,0.1713108680384854,0.4997944221123889,0.768348235774424
-0.29,0.1608101416084803,0.1711737084860229,0.4995509026393932,0.7680928532257798
-0.288,0.160719840805163,0.1710366596987056,0.4993080579832271,0.7678373438423864
-0.286,0.1606295683848074,0.170899721553891,0.4990658864542776,0.7675817084638066
-0.284,0.1605393244146066,0.170762893929231,0.4988243863676031,0.7673259479267327
-0.282,0.1604491089615089,0.1706261767026717,0.4985835560429181,0.767070063064996
-0.28,0.1603589220922187,0.1704895697524517,0.4983433938045788,0.7668140547095779
-0.278,0.1602687638731964,0.1703530729571012,0.498103897981569,0.7665579236886182
-0.276,0.1601786343706585,0.1702166861954412,0.497865066907485,0.766301670827426
-0.274,0.1600885336505782,0.1700804093465821,0.4976268989205213,0.7660452969484888
-0.272,0.1599984617786853,0.1699442422899227,0.4973893923634568,0.7657888028714825
-0.27,0.1599084188204667,0.1698081849051495,0.4971525455836397,0.7655321894132812
-0.268,0.1598184048411664,0.1696722370722352,0.4969163569329735,0.7652754573879661
-0.266,0.159728419905786,0.1695363986714381,0.4966808247679031,0.7650186076068362
-0.264,0.1596384640790847,0.1694006695833008,0.4964459474494004,0.7647616408784169
-0.262,0.1595485374255795,0.1692650496886489,0.4962117233429495,0.7645045580084693
-0.26,0.159458640009546,0.1691295388685907,0.4959781508185342,0.7642473598000015
-0.258,0.1593687718950183,0.1689941370045159,0.4957452282506228,0.7639900470532759
-0.256,0.1592789331457887,0.168858843978094,0.4955129540181538,0.7637326205658193
-0.254,0.1591891238254088,0.1687236596712736,0.4952813265045226,0.7634750811324323
-0.252,0.15909934399719,0.1685885839662827,0.4950503440975691,0.7632174295452003
-0.25,0.1590095937242024,0.1684536167456253,0.4948200051895608,0.7629596665934997
-0.248,0.1589198730692763,0.1683187578920821,0.4945903081771808,0.7627017930640084
-0.246,0.1588301820950023,0.1681840072887092,0.4943612514615148,0.7624438097407169
-0.244,0.1587405208637311,0.1680493648188367,0.4941328334480354,0.7621857174049345
-0.242,0.1586508894375742,0.1679148303660682,0.4939050525465906,0.7619275168353006
-0.24,0.1585612878784034,0.1677804038142785,0.4936779071713872,0.7616692088077912
-0.238,0.1584717162478533,0.167646085047616,0.4934513957409833,0.7614107940957342
-0.236,0.158382174607319,0.1675118739504977,0.4932255166782681,0.7611522734698107
-0.234,0.1582926630179567,0.1673777704076093,0.4930002684104494,0.7608936476980663
-0.232,0.158203181540687,0.1672437743039078,0.4927756493690483,0.7606349175459268
-0.23,0.1581137302361908,0.1671098855246147,0.492551657989873,0.7603760837761955
-0.228,0.1580243091649104,0.1669761039552155,0.4923282927130095,0.7601171471490646
-0.226,0.1579349183870552,0.1668424294814678,0.4921055519828216,0.7598581084221396
-0.224,0.1578455579625993,0.1667088619893952,0.4918834342479297,0.7595989683504385
-0.222,0.1577562279512695,0.166575401365269,0.4916619379611679,0.7593397276863687
-0.22,0.1576669284125713,0.1664420474956444,0.4914410615796348,0.7590803871798062
-0.218,0.157577659405761,0.1663088002673187,0.4912208035646097,0.7588209475780254
-0.216,0.15748842098987,0.1661756595673651,0.4910011623815995,0.7585614096257756
-0.214,0.1573992132236943,0.1660426252831166,0.4907821365003014,0.7583017740652589
-0.212,0.1573100361657803,0.1659096973021424,0.4905637243945472,0.7580420416360979
-0.21,0.1572208898744669,0.1657768755123098,0.4903459245424025,0.7577822130754623
-0.208,0.157131774407826,0.165644159801694,0.4901287354259978,0.7575222891179089
-0.206,0.1570426898237181,0.1655115500586594,0.4899121555316586,0.7572622704955438
-0.204,0.1569536361797738,0.1653790461718311,0.4896961833498437,0.7570021579379833
-0.202,0.1568646135333753,0.1652466480300655,0.4894808173750863,0.7567419521723022
-0.2,0.1567756219416768,0.1651143555224791,0.4892660561060294,0.7564816539231036
-0.198,0.156686661461607,0.1649821685384507,0.489051898045418,0.7562212639125327
-0.196,0.1565977321498551,0.1648500869676004,0.4888383417000563,0.755960782860244
-0.194,0.1565088340628813,0.1647181106998019,0.488625385580815,0.755700211483437
-0.192,0.1564199672569141,0.1645862396251786,0.4884130282026136,0.755439550496859
-0.19,0.1563311317879512,0.1644544736341029,0.4882012680844085,0.7551788006128117
-0.188,0.1562423277117595,0.1643228126171945,0.4879901037491804,0.7549179625411614
-0.186,0.1561535550838758,0.1641912564653206,0.4877795337239222,0.7546570369893457
-0.184,0.1560648139596068,0.1640598050695942,0.4875695565396263,0.7543960246623826
-0.182,0.1559761043940297,0.1639284583213735,0.4873601707312729,0.7541349262628784
-0.18,0.1558874264419924,0.163797216112261,0.4871513748378174,0.753873742491035
-0.178,0.1557987801581142,0.1636660783341026,0.4869431674021782,0.7536124740446595
-0.176,0.1557101655967855,0.1635350448789868,0.4867355469712249,0.7533511216191714
-0.174,0.155621582812169,0.1634041156392437,0.486528512095766,0.7530896859076106
-0.172,0.1555330318581994,0.1632732905074444,0.4863220613305369,0.7528281676006455
-0.17,0.1554445127885841,0.1631425693763995,0.4861161932341879,0.7525665673865815
-0.168,0.1553560256568035,0.1630119521391591,0.4859109063692723,0.7523048859513678
-0.166,0.1552675705161114,0.1628814386890111,0.4857061993022346,0.7520431239786067
-0.164,0.1551791474195351,0.1627510289194812,0.4855020706033982,0.7517812821495603
-0.162,0.1550907564198765,0.1626207227243312,0.4852985188469543,0.7515193611431592
-0.16,0.1550023975697115,0.1624905199975587,0.4850955426109494,0.7512573616360101
-0.158,0.1549140709213913,0.1623604206333961,0.484893140477274,0.7509952843024031
-0.156,0.154825776527042,0.1622304245263096,0.4846913110316505,0.75073312981432
-0.154,0.1547375144385655,0.1621005315709988,0.484490052863622,0.7504708988414421
-0.152,0.1546492847076399,0.1619707416623952,0.4842893645665406,0.7502085920511578
-0.15,0.1545610873857197,0.1618410546956621,0.4840892447375556,0.7499462101085699
-0.148,0.1544729225240357,0.1617114705661929,0.4838896919776018,0.7496837536765035
-0.146,0.1543847901735968,0.1615819891696115,0.4836907048913889,0.7494212234155146
-0.144,0.1542966903851887,0.1614526104017699,0.4834922820873887,0.7491586199838958
-0.142,0.1542086232093753,0.1613233341587486,0.4832944221778243,0.7488959440376848
-0.14,0.1541205886964994,0.1611941603368557,0.4830971237786598,0.7486331962306731
-0.138,0.1540325868966819,0.1610650888326252,0.4829003855095869,0.7483703772144116
-0.136,0.1539446178598233,0.1609361195428175,0.4827042059940158,0.7481074876382197
-0.134,0.1538566816356036,0.160807252364417,0.4825085838590615,0.7478445281491906
-0.132,0.1537687782734825,0.1606784871946325,0.4823135177355343,0.747581499392201
-0.13,0.1536809078227006,0.1605498239308963,0.4821190062579287,0.747318402009918
-0.128,0.1535930703322788,0.1604212624708626,0.4819250480644111,0.7470552366428052
-0.126,0.1535052658510199,0.1602928027124083,0.4817316417968108,0.7467920039291325
-0.124,0.153417494427507,0.1601644445536291,0.4815387861006043,0.7465287045049787
-0.122,0.1533297561101066,0.1600361878928426,0.4813464796249105,0.7462653390042449
-0.12,0.1532420509469672,0.1599080326285856,0.4811547210224763,0.7460019080586591
-0.118,0.15315437898602,0.1597799786596128,0.4809635089496651,0.7457384122977821
-0.116,0.1530667402749796,0.1596520258848965,0.4807728420664474,0.7454748523490152
-0.114,0.1529791348613456,0.1595241742036284,0.4805827190363917,0.7452112288376138
-0.112,0.152891562792394,0.1593964235152049,0.4803931385266353,0.7449475423866644
-0.11,0.1528040241151998,0.1592687737192588,0.4802040992079209,0.7446837936171604
-0.108,0.1527165188766114,0.1591412247156209,0.4800155997545289,0.7444199831479295
-0.106,0.1526290471232617,0.1590137764043344,0.4798276388442903,0.744156111595675
-0.104,0.1525416089015795,0.1588864286856705,0.4796402151586008,0.7438921795750126
-0.102,0.1524542042577709,0.1587591814600996,0.4794533273823672,0.7436281876984243
-0.1,0.1523668332378286,0.1586320346283037,0.4792669742040167,0.7433641365762886
-0.098,0.152279495887547,0.1585049880911971,0.4790811543155199,0.7431000268169328
-0.096,0.1521921922524781,0.1583780417498602,0.4788958664122786,0.7428358590265081
-0.094,0.1521049223779867,0.1582511955056195,0.4787111091932414,0.7425716338091572
-0.092,0.1520176863092339,0.1581244492600217,0.4785268813608519,0.7423073517669743
-0.09,0.1519304840911305,0.1579978029147636,0.4783431816209327,0.7420430134998677
-0.088,0.1518433157684032,0.1578712563717887,0.4781600086828273,0.7417786196057663
-0.086,0.1517561813855898,0.1577448095332783,0.4779773612593728,0.7415141706806083
-0.084,0.1516690809869661,0.157618462301543,0.4777952380667279,0.7412496673181307
-0.082,0.1515820146166415,0.1574922145791612,0.4776136378245708,0.7409851101101593
-0.08,0.1514949823184964,0.1573660662688865,0.4774325592559554,0.7407204996464263
-0.078,0.1514079841362069,0.1572400172736821,0.4772520010873501,0.7404558365146503
-0.076,0.1513210201132406,0.1571140674967137,0.4770719620486192,0.7401911213005299
-0.074,0.1512340902928574,0.1569882168413491,0.4768924408730127,0.7399263545877505
-0.072,0.1511471947181098,0.156862465211157,0.4767134362971559,0.7396615369579904
-0.07,0.1510603334318433,0.1567368125099066,0.4765349470610401,0.7393966689909279
-0.068,0.1509735064766968,0.1566112586415669,0.4763569719080116,0.7391317512642483
-0.066,0.1508867138951031,0.1564858035103057,0.4761795095847624,0.7388667843536493
-0.064,0.1507999557292895,0.1563604470204894,0.4760025588413198,0.7386017688328486
-0.062,0.1507132320212778,0.1562351890766817,0.4758261184310365,0.73833670527359
-0.06,0.1506265428128853,0.1561100295836432,0.4756501871105811,0.7380715942456499
-0.058,0.1505398881457246,0.1559849684463307,0.4754747636399274,0.7378064363168442
-0.056,0.1504532680612047,0.1558600055698966,0.4752998467823454,0.7375412320530341
-0.054,0.150366682600531,0.1557351408596878,0.475125435304391,0.7372759820181328
-0.052,0.1502801318047057,0.1556103742212455,0.4749515279758964,0.7370106867741124
-0.05,0.1501936157145288,0.155485705560304,0.4747781235699601,0.7367453468810097
-0.048,0.1501071343705979,0.1553611347827907,0.4746052208629374,0.7364799628969325
-0.046,0.1500206878133088,0.1552366617948246,0.4744328186344307,0.7362145353780665
-0.044,0.1499342760828563,0.1551122865027162,0.4742609156672801,0.7359490648786812
-0.042,0.1498478992192342,0.1549880088129666,0.4740895107475531,0.7356835519511363
-0.04,0.1497615572622358,0.1548638286322668,0.4739186026645355,0.7354179971458881
-0.038,0.1496752502514549,0.1547397458674972,0.473748190210722,0.7351524010114956
-0.036,0.1495889782262854,0.1546157604257265,0.473578272181806,0.7348867640946265
-0.034,0.1495027412259224,0.1544918722142117,0.473408847376671,0.7346210869400642
-0.032,0.1494165392893623,0.1543680811403969,0.4732399145973805,0.7343553700907133
-0.03,0.1493303724554035,0.1542443871119128,0.4730714726491688,0.734089614087606
-0.028,0.1492442407626464,0.1541207900365756,0.4729035203404312,0.7338238194699074
-0.026,0.1491581442494944,0.1539972898223875,0.4727360564827155,0.7335579867749236
-0.024,0.1490720829541542,0.1538738863775347,0.472569079890712,0.7332921165381061
-0.022,0.148986056914636,0.153750579610388,0.4724025893822448,0.7330262092930586
-0.02,0.1489000661687538,0.1536273694295003,0.4722365837782605,0.7327602655715417
-0.018,0.1488141107541269,0.1535042557436086,0.472071061902823,0.7324942859034822
-0.016,0.1487281907081787,0.1533812384616306,0.4719060225830996,0.7322282708169745
-0.014,0.1486423060681388,0.1532583174926663,0.4717414646493554,0.731962220838291
-0.012,0.1485564568710422,0.1531354927459956,0.4715773869349424,0.7316961364918854
-0.01,0.1484706431537307,0.1530127641310793,0.4714137882762912,0.7314300183003997
-0.008,0.1483848649528527,0.1528901315575569,0.4712506675129011,0.7311638667846695
-0.006,0.1482991223048634,0.1527675949352468,0.4710880234873312,0.7308976824637298
-0.004,0.1482134152460261,0.1526451541741451,0.4709258550451918,0.730631465854821
-0.002,0.1481277438124121,0.1525228091844262,0.4707641610351352,0.730365217473396
0.0,0.1480421080399024,0.1524005598764418,0.4706029403088487,0.7300989378331268
0.002,0.1479565079641861,0.1522784061607195,0.4704421917210424,0.7298326274459075
0.004,0.1478709436207617,0.152156347947962,0.4702819141294409,0.7295662868218599
0.006,0.1477854150449362,0.1520343851490443,0.4701221063947726,0.7292999164693355
0.008,0.1476999222718306,0.1519125176750219,0.4699627673807702,0.7290335168949387
0.01,0.1476144653363721,0.1517907454371164,0.4698038959541461,0.7287670886035045
0.012,0.1475290442733068,0.1516690683467343,0.4696454909846078,0.7285006320981446
0.014,0.1474436591171842,0.1515474863154418,0.4694875513448172,0.7282341478802012
0.016,0.1473583099023716,0.1514259992549855,0.4693300759104091,0.7279676364492983
0.018,0.1472729966630411,0.1513046070772716,0.4691730635599576,0.7277010983033034
0.02,0.1471877194331929,0.1511833096943987,0.4690165131750101,0.7274345339384056
0.022,0.1471024782466234,0.1510621070186106,0.4688604236400179,0.7271679438490204
0.024,0.1470172731369601,0.1509409989623448,0.468704793842392,0.7269013285279016
0.026,0.1469321041376265,0.1508199854381813,0.4685496226724269,0.7266346884660377
0.028,0.1468469712818756,0.150699066358889,0.4683949090233557,0.726368024152759
0.03,0.1467618746027664,0.1505782416373914,0.4682406517912978,0.7261013360756687
0.032,0.1466768141331957,0.15045751118681,0.4680868498753047,0.725834624720747
0.034,0.1465917899058351,0.1503368749203739,0.4679335021772367,0.725567890572158
0.036,0.146506801953216,0.1502163327515392,0.4677806076019111,0.7253011341125191
0.038,0.1464218503076514,0.1500958845938763,0.4676281650569456,0.7250343558226604
0.04,0.1463369350013037,0.1499755303611666,0.4674761734528818,0.7247675561818413
0.042,0.1462520560661334,0.1498552699673257,0.4673246317030684,0.7245007356675948
0.044,0.1461672135339245,0.1497351033264407,0.4671735387237115,0.7242338947558088
0.046,0.1460824074362803,0.1496150303527615,0.4670228934338512,0.7239670339207185
0.048,0.1459976378046235,0.149495050960701,0.4668726947553545,0.723700153634911
0.05,0.1459129046701972,0.1493751650648335,0.4667229416129066,0.7234332543693295
0.052,0.1458282080640643,0.1492553725798949,0.4665736329340032,0.7231663365932801
0.054,0.1457435480171091,0.1491356734207815,0.4664247676489417,0.722899400774436
0.056,0.145658924560037,0.14901606750255,0.4662763446908134,0.7226324473788432
0.058,0.1455743377233751,0.1488965547404166,0.4661283629954957,0.722365476870926
0.06,0.1454897875374729,0.1487771350497564,0.465980821501643,0.7220984897134914
0.062,0.1454052740325025,0.1486578083461032,0.4658337191506796,0.7218314863677356
0.064,0.1453207972384592,0.1485385745451484,0.4656870548867912,0.721564467293248
0.066,0.1452363571851619,0.148419433562741,0.4655408276569168,0.7212974329480171
0.068,0.1451519539022535,0.1483003853148867,0.4653950364107408,0.7210303837884355
0.07,0.1450675874192016,0.1481814297177474,0.465249680100685,0.7207633202693051
0.072,0.1449832577652983,0.1480625666876406,0.465104757681901,0.7204962428438422
0.074,0.1448989649696616,0.1479437961410391,0.4649602681122614,0.7202291519636822
0.076,0.1448147090612352,0.1478251179945703,0.4648162103523528,0.7199620480788859
0.078,0.1447304900687891,0.1477065321650155,0.4646725833654674,0.719694931637943
0.08,0.1446463080209201,0.1475880385693097,0.4645293861175955,0.7194278030877785
0.082,0.1445621629460522,0.1474696371245406,0.4643866175774171,0.719160662873757
0.084,0.1444780548724372,0.1473513277479485,0.4642442767162948,0.7188935114396882
0.086,0.1443939838281547,0.1472331103569257,0.4641023625082657,0.7186263492278311
0.088,0.1443099498411133,0.1471149848690156,0.4639608739300335,0.7183591766789003
0.09,0.1442259529390505,0.1469969512019127,0.4638198099609609,0.7180919942320698
0.092,0.1441419931495331,0.1468790092734616,0.4636791695830621,0.7178248023249783
0.094,0.1440580704999582,0.1467611590016568,0.4635389517809948,0.7175576013937346
0.096,0.1439741850175529,0.1466434003046417,0.4633991555420526,0.7172903918729219
0.098,0.1438903367293754,0.146525733100709,0.4632597798561579,0.717023174195603
0.1,0.1438065256623153,0.1464081573082995,0.4631208237158538,0.7167559487933262
0.102,0.1437227518430935,0.146290672846001,0.4629822861162959,0.7164887160961272
0.104,0.1436390152982636,0.1461732796325494,0.4628441660552463,0.7162214765325374
0.106,0.1435553160542118,0.1460559775868267,0.4627064625330651,0.7159542305295874
0.108,0.1434716541371567,0.145938766627861,0.4625691745527024,0.7156869785128102
0.11,0.1433880295731514,0.1458216466748262,0.4624323011196921,0.7154197209062487
0.112,0.1433044423880827,0.1457046176470418,0.4622958412421439,0.7151524581324601
0.114,0.1432208926076711,0.1455876794639706,0.4621597939307348,0.7148851906125169
0.116,0.1431373802574732,0.1454708320452208,0.4620241581987039,0.714617918766018
0.118,0.1430539053628804,0.1453540753105442,0.4618889330618436,0.7143506430110892
0.12,0.1429704679491194,0.1452374091798342,0.461754117538491,0.7140833637643862
0.122,0.1428870680412535,0.1451208335731278,0.4616197106495231,0.7138160814411039
0.124,0.1428037056641843,0.1450043484106063,0.4614857114183508,0.7135487964549838
0.126,0.1427203808426473,0.144887953612588,0.4613521188709039,0.7132815092183041
0.128,0.1426370936012168,0.1447716490995342,0.4612189320356316,0.7130142201418981
0.13,0.1425538439643081,0.1446554347920505,0.4610861499434966,0.7127469296351633
0.132,0.1424706319561716,0.1445393106108786,0.4609537716279598,0.7124796381060485
0.134,0.1423874576008948,0.1444232764768967,0.4608217961249737,0.7122123459610612
0.136,0.1423043209224119,0.1443073323111327,0.4606902224729913,0.7119450536053017
0.138,0.142221221944489,0.1441914780347422,0.4605590497129332,0.7116777614424201
0.14,0.1421381606907366,0.1440757135690245,0.4604282768882008,0.7114104698746577
0.142,0.142055137184603,0.1439600388354129,0.4602979030446585,0.711143179302831
0.144,0.1419721514493855,0.1438444537554883,0.4601679272306415,0.7108758901263682
0.146,0.1418892035082132,0.1437289582509557,0.4600383484969229,0.7106086027432604
0.148,0.1418062933840596,0.1436135522436588,0.4599091658967252,0.7103413175501019
0.15,0.1417234210997426,0.1434982356555801,0.4597803784857121,0.710074034942095
0.152,0.1416405866779281,0.1433830084088448,0.4596519853219882,0.7098067553130647
0.154,0.1415577901411103,0.1432678704256912,0.459523985466056,0.7095394790553974
0.156,0.1414750315116505,0.1431528216285255,0.4593963779808772,0.7092722065601699
0.158,0.1413923108117322,0.1430378619398564,0.4592691619317856,0.709004938217006
0.16,0.141309628063388,0.1429229912823324,0.4591423363865263,0.7087376744141702
0.162,0.1412269832885049,0.1428082095787482,0.4590159004152589,0.7084704155385815
0.164,0.1411443765088083,0.1426935167520207,0.4588898530905181,0.7082031619757713
0.166,0.1410618077458734,0.1425789127252045,0.4587641934872311,0.7079359141099182
0.168,0.1409792770211168,0.1424643974214786,0.4586389206826932,0.7076686723238255
0.17,0.1408967843558094,0.1423499707641634,0.4585140337565781,0.7074014369989675
0.172,0.1408143297710626,0.142235632676701,0.4583895317909154,0.707134208515446
0.174,0.140731913287838,0.1421213830826669,0.4582654138700933,0.7068669872520239
0.176,0.1406495349269453,0.1420072219057664,0.4581416790808498,0.7065997735861234
0.178,0.140567194709043,0.1418931490698342,0.4580183265122657,0.7063325678938285
0.18,0.1404848926546384,0.1417791644988338,0.4578953552557577,0.7060653705498907
0.182,0.1404026287840885,0.1416652681168573,0.4577727644050724,0.7057981819277328
0.184,0.1403204031176,0.1415514598481248,0.4576505530562789,0.7055310023994525
0.186,0.1402382156752302,0.1414377396169841,0.4575287203077628,0.7052638323358278
0.188,0.140156066476887,0.1413241073479099,0.4574072652602193,0.7049966721063199
0.19,0.1400739555423295,0.1412105629655039,0.4572861870166465,0.7047295220790784
0.192,0.1399918828911687,0.1410971063944939,0.4571654846823393,0.7044623826209451
0.194,0.1399098485428674,0.1409837375597336,0.4570451573648826,0.7041952540974582
0.196,0.139827852516741,0.140870456386202,0.4569252041741446,0.7039281368728563
0.198,0.1397458948319581,0.1407572627990034,0.4568056242222705,0.7036610313100826
0.2,0.1396639755075402,0.1406441567233663,0.4566864166236764,0.7033939377707894
0.202,0.1395820945623631,0.1405311380846435,0.4565675804950421,0.7031268566153415
0.204,0.1395002520151564,0.1404182068083115,0.4564491149553052,0.7028597882028208
0.206,0.1394184478845047,0.14030536281997,0.4563310191256546,0.7025927328910304
0.208,0.1393366821888476,0.1401926060453416,0.4562132921295241,0.7023256910364983
0.21,0.1392549549464799,0.1400799364102713,0.456095933092586,0.7020586629944818
0.212,0.1391732661755529,0.1399673538407262,0.4559789411427447,0.7017916491189715
0.214,0.1390916158940739,0.1398548582627948,0.4558623154101303,0.7015246497626946
0.216,0.1390100041199071,0.139742449602687,0.4557460550270928,0.7012576652771203
0.218,0.1389284308707739,0.1396301277867334,0.4556301591281953,0.7009906960124627
0.22,0.1388468961642533,0.1395178927413848,0.4555146268502077,0.700723742317685
0.222,0.1387654000177823,0.139405744393212,0.4553994573321007,0.7004568045405033
0.224,0.1386839424486569,0.1392936826689055,0.4552846497150398,0.7001898830273918
0.226,0.1386025234740313,0.1391817074952747,0.4551702031423785,0.699922978123585
0.228,0.1385211431109196,0.1390698187992479,0.4550561167596527,0.6996560901730823
0.23,0.1384398013761952,0.1389580165078716,0.4549423897145737,0.6993892195186522
0.232,0.138358498286592,0.1388463005483101,0.4548290211570232,0.699122366501836
0.234,0.1382772338587042,0.1387346708478451,0.4547160102390461,0.6988555314629513
0.236,0.1381960081089877,0.1386231273338761,0.4546033561148456,0.6985887147410978
0.238,0.1381148210537588,0.1385116699339185,0.4544910579407755,0.6983219166741574
0.24,0.1380336727091968,0.1384002985756046,0.4543791148753358,0.6980551375988024
0.242,0.1379525630913423,0.1382890131866821,0.4542675260791651,0.6977883778504955
0.244,0.1378714922160989,0.1381778136950144,0.4541562907150358,0.6975216377634958
0.246,0.1377904600992333,0.1380667000285798,0.4540454079478471,0.6972549176708618
0.248,0.1377094667563768,0.137955672115473,0.4539348769446215,0.6969882179044595
0.25,0.137628512203022,0.1378447298838994,0.453824696874493,0.6967215387949532
0.252,0.1375475964545289,0.1377338732621826,0.4537148669087092,0.6964548806718291
0.254,0.1374667195261205,0.1376231021787572,0.4536053862206189,0.6961882438633815
0.256,0.1373858814328845,0.1375124165621703,0.4534962539856672,0.6959216286967218
0.258,0.1373050821897757,0.1374018163410842,0.4533874693813935,0.6956550354977897
0.26,0.1372243218116142,0.1372913014442725,0.4532790315874221,0.6953884645913477
0.262,0.1371436003130866,0.1371808718006207,0.4531709397854568,0.6951219163009889
0.264,0.1370629177087464,0.1370705273391262,0.4530631931592758,0.6948553909491393
0.266,0.1369822740130128,0.1369602679888957,0.4529557908947232,0.6945888888570577
0.268,0.1369016692401759,0.1368500936791513,0.4528487321797104,0.6943224103448543
0.27,0.1368211034043925,0.1367400043392236,0.4527420162042032,0.6940559557314794
0.272,0.1367405765196838,0.1366299998985481,0.4526356421602132,0.693789525334718
0.274,0.1366600885999463,0.1365200802866783,0.4525296092418048,0.693523119471228
0.276,0.1365796396589433,0.1364102454332744,0.4524239166450794,0.6932567384565145
0.278,0.1364992297103051,0.1363004952681016,0.4523185635681685,0.6929903826049325
0.28,0.1364188587675367,0.1361908297210402,0.4522135492112369,0.6927240522297153
0.282,0.136338526844011,0.1360812487220754,0.4521088727764692,0.6924577476429541
0.284,0.1362582339529628,0.1359717522012878,0.4520045334680528,0.6921914691555794
0.286,0.1361779801075254,0.1358623400889028,0.4519005304922248,0.691925217077485
0.288,0.1360977653206713,0.135753012315209,0.4517968630571826,0.6916589917173346
0.29,0.1360175896052669,0.1356437688106313,0.4516935303731537,0.6913927933827438
0.292,0.1359374529740385,0.1355346095056841,0.4515905316523411,0.6911266223801719
0.294,0.1358573554395979,0.1354255343310048,0.4514878661089543,0.6908604790150052
0.296,0.1357772970144069,0.1353165432173051,0.4513855329591543,0.6905943635914453
0.298,0.1356972777108361,0.1352076360954502,0.4512835314211266,0.6903282764127043
0.3,0.1356172975411107,0.1350988128963834,0.4511818607150039,0.6900622177808267
0.302,0.1355373565173053,0.1349900735511189,0.4510805200628499,0.6897961879966763
0.304,0.1354574546514217,0.1348814179908461,0.4509795086887584,0.6895301873601953
0.306,0.135377591955301,0.1347728461468099,0.4508788258187325,0.6892642161701141
0.308,0.1352977684406691,0.134664357950371,0.450778470680737,0.6889982747241052
0.31,0.1352179841191277,0.1345559533329935,0.450678442504681,0.6887323633187562
0.312,0.1351382390021555,0.1344476322262446,0.4505787405224125,0.6884664822495734
0.314,0.1350585331011077,0.134339394561794,0.4504793639677137,0.6882006318109851
0.316,0.1349788664272166,0.1342312402714138,0.4503803120762946,0.6879348122963447
0.318,0.1348992389915925,0.134123169286978,0.4502815840857887,0.6876690239979346
0.32,0.1348196508052236,0.1340151815404624,0.4501831792357466,0.6874032672069691
0.322,0.1347401018789764,0.1339072769639438,0.4500850967676315,0.6871375422135979
0.324,0.1346605922235963,0.1337994554896001,0.4499873359248132,0.6868718493069095
0.326,0.134581121849708,0.13369171704971,0.4498898959525637,0.6866061887749346
0.328,0.1345016907678156,0.1335840615766523,0.4497927760980506,0.6863405609046495
0.33,0.1344222989883033,0.1334764890029056,0.4496959756103332,0.6860749659819787
0.332,0.1343429465214355,0.1333689992610485,0.4495994937403562,0.6858094042917993
0.334,0.1342636333773576,0.1332615922837586,0.4495033297409451,0.6855438761179433
0.336,0.1341843595660959,0.1331542680038124,0.4494074828668007,0.6852783817432019
0.338,0.1341051250975583,0.1330470263540855,0.4493119523744939,0.6850129214493275
0.34,0.1340259299815347,0.1329398672675512,0.4492167375224605,0.6847474955170378
0.342,0.133946774227697,0.1328327906772811,0.4491218375709962,0.6844821042260194
0.344,0.1338676578456,0.1327257965164446,0.4490272517822512,0.68421674785493
0.346,0.1337885808446815,0.1326188847183081,0.4489329794202252,0.6839514266814022
0.348,0.1337095432342626,0.1325120552162353,0.4488390197507623,0.6836861409820467
0.35,0.1336305450235484,0.1324053079436864,0.4487453720415458,0.6834208910324555
0.352,0.1335515862216281,0.132298642834218,0.448652035562093,0.6831556771072053
0.354,0.1334726668374753,0.132192059821483,0.4485590095837504,0.6828904994798598
0.356,0.1333937868799486,0.1320855588392297,0.4484662933796884,0.682625358422974
0.358,0.1333149463577922,0.131979139821302,0.4483738862248964,0.6823602542080968
0.36,0.1332361452796356,0.131872802701639,0.4482817873961777,0.6820951871057741
0.362,0.1331573836539946,0.1317665474142744,0.4481899961721445,0.6818301573855521
0.364,0.1330786614892712,0.1316603738933365,0.4480985118332127,0.6815651653159804
0.366,0.1329999787937545,0.1315542820730479,0.4480073336615974,0.6813002111646151
0.368,0.1329213355756206,0.1314482718877247,0.4479164609413071,0.681035295198022
0.37,0.1328427318429332,0.1313423432717769,0.4478258929581398,0.680770417681779
0.372,0.1327641676036439,0.131236496159708,0.4477356289996776,0.6805055788804816
0.374,0.1326856428655926,0.1311307304861137,0.4476456683552808,0.6802407790577414
0.376,0.1326071576365078,0.1310250461856829,0.447556010316085,0.6799760184761943
0.378,0.1325287119240076,0.1309194431931972,0.4474666541749946,0.679711297397501
0.38,0.1324503057355985,0.1308139214435293,0.4473775992266781,0.6794466160823489
0.382,0.1323719390786769,0.1307084808716436,0.4472888447675635,0.679181974790456
0.384,0.1322936119605311,0.1306031214125981,0.4472003900958349,0.6789173737805794
0.386,0.1322153243883367,0.1304978430015382,0.4471122345114235,0.6786528133105045
0.388,0.1321370763691634,0.130392645573704,0.4470243773160085,0.6783882936370662
0.39,0.1320588679099706,0.1302875290644244,0.4469368178130082,0.6781238150161385
0.392,0.1319806990176082,0.1301824934091169,0.4468495553075743,0.6778593777026369
0.394,0.1319025696988201,0.1300775385432919,0.4467625891065923,0.6775949819505337
0.396,0.1318244799602431,0.1299726644025502,0.4466759185186738,0.6773306280128548
0.398,0.1317464298084018,0.1298678709225753,0.4465895428541456,0.6770663161416651
0.4,0.1316684192497196,0.1297631580391476,0.4465034614250585,0.6768020465881066
0.402,0.1315904482905113,0.1296585256881339,0.4464176735451716,0.6765378196023755
0.404,0.1315125169369846,0.129553973805488,0.4463321785299509,0.6762736354337291
0.406,0.1314346251952409,0.1294495023272516,0.4462469756965634,0.6760094943304904
0.408,0.1313567730712772,0.1293451111895558,0.4461620643638758,0.6757453965400557
0.41,0.1312789605709867,0.1292408003286211,0.4460774438524486,0.6754813423088981
0.412,0.1312011877001557,0.1291365696807527,0.4459931134845285,0.6752173318825597
0.414,0.1311234544644666,0.1290324191823438,0.4459090725840469,0.6749533655056632
0.416,0.1310457608694975,0.128928348769874,0.4458253204766131,0.6746894434219115
0.418,0.1309681069207208,0.1288243583799068,0.4457418564895097,0.6744255658740845
0.42,0.1308904926235133,0.1287204479491025,0.445658679951697,0.6741617331040768
0.422,0.130812917983136,0.1286166174141904,0.4455757901937868,0.6738979453528288
0.424,0.1307353830047592,0.1285128667120013,0.4454931865480649,0.6736342028604139
0.426,0.1306578876934363,0.1284091957794323,0.445410868348457,0.6733705058659532
0.428,0.1305804320541453,0.1283056045535011,0.4453288349305701,0.6731068546077545
0.43,0.1305030160917329,0.1282020929712704,0.4452470856316249,0.6728432493231271
0.432,0.1304256398109557,0.128098660969903,0.4451656197904975,0.6725796902485228
0.434,0.1303483032164905,0.1279953084866739,0.4450844367477264,0.6723161776195703
0.436,0.1302710063128707,0.1278920354588853,0.4450035358454339,0.6720527116708648
0.438,0.1301937491045555,0.1277888418239579,0.4449229164274035,0.6717892926362004
0.44,0.1301165315959125,0.1276857275194069,0.4448425778390491,0.6715259207485151
0.442,0.130039353791198,0.1275826924828155,0.4447625194273957,0.6712625962398251
0.444,0.1299622156945431,0.1274797366518148,0.4446827405410515,0.6709993193411794
0.446,0.1298851173100403,0.1273768599641996,0.4446032405303052,0.670736090282954
0.448,0.1298080586416365,0.1272740623577838,0.4445240187469999,0.6704729092944918
0.45,0.1297310396931933,0.1271713437704817,0.4444450745445958,0.6702097766043087
0.452,0.1296540604684749,0.1270687041402891,0.4443664072781512,0.6699466924400523
0.454,0.1295771209711476,0.1269661434052836,0.4442880163043184,0.6696836570285047
0.456,0.1295002212047806,0.1268636615036243,0.4442099009813394,0.6694206705955841
0.458,0.1294233611728463,0.1267612583735516,0.444132060669041,0.6691577333663488
0.46,0.1293465408787205,0.1266589339533867,0.4440544947288311,0.6688948455649992
0.462,0.1292697603256828,0.1265566881815314,0.4439772025236941,0.6686320074148806
0.464,0.1291930195169171,0.126454520996468,0.4439001834181867,0.6683692191384857
0.466,0.1291163184555117,0.126352432336759,0.4438234367784335,0.6681064809574576
0.468,0.1290396571444597,0.1262504221410468,0.4437469619721229,0.6678437930925922
0.47,0.1289630355866593,0.1261484903480535,0.4436707583685026,0.667581155763841
0.472,0.1288864537849143,0.1260466368965804,0.4435948253383757,0.6673185691903133
0.474,0.1288099117419343,0.1259448617255082,0.443519162254096,0.6670560335902792
0.476,0.1287334094603349,0.1258431647737964,0.4434437684895644,0.6667935491811724
0.478,0.1286569469426383,0.1257415459804832,0.4433686434202241,0.6665311161795923
0.48,0.1285805241912736,0.1256400052846852,0.4432937864230567,0.6662687348013068
0.482,0.1285041412085768,0.125538542625597,0.443219196876578,0.6660064052612551
0.484,0.1284277979967915,0.1254371579424915,0.4431448741608338,0.6657441277735499
0.486,0.1283514945580691,0.1253358511747191,0.4430708176573957,0.6654819025514802
0.488,0.128275230894469,0.1252346222617074,0.4429970267493571,0.665219729807514
0.49,0.1281990070079592,0.1251334711429616,0.4429235008213288,0.6649576097533003
0.492,0.1281228229004163,0.1250323977580636,0.4428502392594354,0.6646955425996726
0.494,0.1280466785736261,0.1249314020466721,0.4427772414513103,0.6644335285566499
0.496,0.1279705740292838,0.1248304839485222,0.4427045067860928,0.6641715678334412
0.498,0.1278945092689941,0.1247296434034254,0.4426320346544229,0.6639096606384463
0.5,0.1278184842942721,0.1246288803512691,0.4425598244484378,0.6636478071792591
0.502,0.127742499106543,0.1245281947320163,0.4424878755617678,0.6633860076626704
0.504,0.1276665537071428,0.1244275864857059,0.4424161873895323,0.6631242622946695
0.506,0.1275906480973186,0.1243270555524519,0.4423447593283355,0.6628625712804476
0.508,0.1275147822782287,0.1242266018724433,0.4422735907762626,0.6626009348243994
0.51,0.1274389562509429,0.1241262253859439,0.4422026811328757,0.6623393531301263
0.512,0.1273631700164433,0.1240259260332924,0.44213202979921,0.6620778264004388
0.514,0.1272874235756239,0.1239257037549016,0.4420616361777695,0.6618163548373581
0.516,0.1272117169292916,0.1238255584912584,0.4419914996725232,0.66155493864212
0.518,0.1271360500781661,0.1237254901829238,0.4419216196889012,0.6612935780151759
0.52,0.1270604230228803,0.1236254987705325,0.4418519956337905,0.6610322731561962
0.522,0.1269848357639807,0.1235255841947926,0.4417826269155317,0.660771024264073
0.524,0.1269092883019271,0.1234257463964849,0.4417135129439136,0.6605098315369193
0.526,0.1268337806370947,0.1233259853164648,0.4416446531301718,0.6602486951720787
0.528,0.1267583127697713,0.1232263008956578,0.4415760468869816,0.6599876153661169
0.53,0.1266828847001616,0.1231266930750651,0.4415076936284573,0.659726592314837
0.532,0.1266074964283838,0.123027161795758,0.441439592770146,0.6594656262132705
0.534,0.1265321479544724,0.1229277069988811,0.441371743729025,0.6592047172556872
0.536,0.1264568392783762,0.122828328625649,0.4413041459234963,0.6589438656355894
0.538,0.1263815703999621,0.122729026617351,0.4412367987733859,0.6586830715457281
0.54,0.1263063413190109,0.1226298009153448,0.4411697016999359,0.6584223351780879
0.542,0.1262311520352221,0.1225306514610613,0.4411028541258046,0.6581616567239048
0.544,0.1261560025482133,0.122431578196005,0.4410362554750619,0.6579010363736675
0.546,0.1260808928575134,0.1223325810617426,0.4409699051731793,0.6576404743170929
0.548,0.1260058229625757,0.1222336599999212,0.4409038026470375,0.6573799707431742
0.55,0.1259307928627661,0.1221348149522508,0.4408379473249117,0.6571195258401403
0.552,0.1258558025573719,0.122036045860516,0.4407723386364752,0.6568591397954878
0.554,0.1257808520455996,0.1219373526665728,0.4407069760127943,0.6565988127959759
0.556,0.1257059413265701,0.1218387353123408,0.4406418588863192,0.656338545027609
0.558,0.1256310703993254,0.1217401937398119,0.4405769866908854,0.6560783366756625
0.56,0.1255562392628312,0.1216417278910534,0.4405123588617141,0.6558181879246925
0.562,0.1254814479159647,0.1215433377081908,0.4404479748353953,0.6555580989584952
0.564,0.1254066963575302,0.1214450231334282,0.4403838340498987,0.6552980699601623
0.566,0.1253319845862465,0.1213467841090306,0.4403199359445584,0.6550381011120372
0.568,0.1252573126007574,0.1212486205773375,0.4402562799600777,0.6547781925957548
0.57,0.1251826803996227,0.1211505324807504,0.4401928655385187,0.6545183445922096
0.572,0.1251080879813293,0.121052519761747,0.4401296921233061,0.6542585572815972
0.574,0.1250335353442763,0.1209545823628605,0.4400667591592123,0.6539988308433613
0.576,0.1249590224868068,0.1208567202267214,0.4400040660923803,0.6537391654563083
0.578,0.1248845494071478,0.1207589332959773,0.4399416123702662,0.6534795612983975
0.58,0.1248101161034911,0.1206612215133995,0.439879397441709,0.6532200185470245
0.582,0.1247357225739129,0.1205635848217758,0.4398174207568528,0.6529605373787428
0.584,0.1246613688164456,0.1204660231640049,0.4397556817672086,0.6527011179695141
0.586,0.1245870548290077,0.1203685364830036,0.4396941799255882,0.6524417604944668
0.588,0.1245127806094844,0.1202711247218119,0.439632914686171,0.6521824651281753
0.59,0.1244385461556416,0.1201737878234798,0.4395718855044244,0.6519232320443651
0.592,0.1243643514652079,0.120076525731174,0.4395110918371712,0.6516640614161974
0.594,0.124290196535811,0.1199793383880944,0.4394505331425326,0.651404953416049
0.596,0.1242160813650103,0.1198822257375156,0.439390208879951,0.651145908215627
0.598,0.1241420059502901,0.1197851877227779,0.4393301185101805,0.6508869259859464
0.6,0.1240679702890596,0.1196882242872869,0.4392702614952837,0.6506280068973322
0.602,0.1239939743786535,0.1195913353745132,0.4392106372986278,0.6503691511194212
0.604,0.1239200182163321,0.1194945209279924,0.4391512453848816,0.6501103588211641
0.606,0.1238461017992819,0.1193977808913247,0.4390920852200117,0.649851630170828
0.608,0.1237722251246153,0.119301115208175,0.4390331562712791,0.6495929653359989
0.61,0.1236983881893714,0.1192045238222724,0.438974458007236,0.6493343644835824
0.612,0.1236245909905159,0.1191080066774102,0.4389159898977218,0.649075827779807
0.614,0.1235508335249418,0.1190115637174458,0.4388577514138602,0.6488173553902263
0.616,0.1234771157894693,0.1189151948863001,0.4387997420280555,0.6485589474797199
0.618,0.1234034377808462,0.1188189001279578,0.4387419612139892,0.6483006042124967
0.62,0.1233297994957482,0.118722679386467,0.4386844084466167,0.6480423257520964
0.622,0.1232562009307792,0.1186265326059389,0.438627083202164,0.6477841122613919
0.624,0.1231826420824715,0.1185304597305478,0.4385699849581239,0.6475259639025905
0.626,0.1231091229472861,0.1184344607045309,0.438513113193253,0.6472678808372372
0.628,0.123035643521613,0.1183385354721881,0.4384564673875681,0.6470098632262162
0.63,0.1229622038017714,0.1182426839778815,0.4384000470223432,0.6467519112297523
0.632,0.1228888037840101,0.1181469061660359,0.4383438515801059,0.6464940250074139
0.634,0.1228154434645077,0.118051201981138,0.4382878805446338,0.6462362047181149
0.636,0.1227421228393728,0.1179555713677365,0.4382321334009517,0.6459784505201159
0.638,0.1226688419046442,0.1178600142704419,0.438176609635328,0.6457207625710273
0.64,0.1225956006562916,0.1177645306339261,0.4381213087352714,0.6454631410278107
0.642,0.1225223990902153,0.1176691204029227,0.4380662301895276,0.6452055860467805
0.644,0.1224492372022468,0.1175737835222264,0.4380113734880762,0.6449480977836071
0.646,0.122376114988149,0.1174785199366929,0.4379567381221271,0.6446906763933181
0.648,0.1223030324436166,0.1173833295912389,0.4379023235841174,0.6444333220303002
0.65,0.1222299895642759,0.1172882124308416,0.4378481293677082,0.6441760348483012
0.652,0.1221569863456857,0.117193168400539,0.4377941549677813,0.6439188150004326
0.654,0.122084022783337,0.1170981974454293,0.437740399880436,0.6436616626391705
0.656,0.1220110988726538,0.1170032995106709,0.4376868636029857,0.6434045779163589
0.658,0.1219382146089928,0.1169084745414824,0.437633545633955,0.6431475609832108
0.66,0.1218653699876437,0.1168137224831417,0.4375804454730758,0.6428906119903091
0.662,0.1217925650038307,0.1167190432809874,0.4375275626212855,0.6426337310876122
0.664,0.1217197996527104,0.1166244368804164,0.4374748965807217,0.6423769184244507
0.666,0.1216470739293744,0.1165299032268857,0.4374224468547212,0.6421201741495342
0.668,0.1215743878288482,0.1164354422659114,0.4373702129478155,0.6418634984109499
0.67,0.1215017413460915,0.1163410539430682,0.4373181943657276,0.6416068913561657
0.672,0.1214291344759994,0.1162467382039898,0.4372663906153697,0.6413503531320326
0.674,0.1213565672134017,0.116152494994369,0.4372148012048394,0.6410938838847867
0.676,0.1212840395530633,0.1160583242599564,0.4371634256434167,0.6408374837600492
0.678,0.1212115514896856,0.1159642259465622,0.4371122634415614,0.6405811529028329
0.68,0.1211391030179041,0.1158702000000528,0.4370613141109083,0.6403248914575352
0.682,0.1210666941322915,0.1157762463663537,0.437010577164266,0.6400686995679493
0.684,0.1209943248273576,0.1156823649914496,0.436960052115614,0.6398125773772656
0.686,0.1209219950975463,0.1155885558213799,0.4369097384800966,0.6395565250280624
0.688,0.1208497049372401,0.1154948188022433,0.4368596357740232,0.6393005426623204
0.69,0.1207774543407598,0.1154011538801981,0.436809743514865,0.6390446304214263
0.692,0.1207052433023589,0.1153075610014533,0.4367600612212474,0.6387887884461504
0.694,0.1206330718162336,0.115214040112282,0.4367105884129542,0.6385330168766855
0.696,0.1205609398765158,0.1151205911590112,0.436661324610919,0.6382773158526218
0.698,0.1204888474772722,0.1150272140880207,0.4366122693372219,0.6380216855129456
0.7,0.1204167946125151,0.1149339088457563,0.4365634221150936,0.6377661259960772
0.702,0.1203447812761899,0.1148406753787129,0.4365147824689034,0.6375106374398286
0.704,0.1202728074621807,0.114747513633442,0.4364663499241599,0.6372552199814245
0.706,0.12020087316431,0.11465442355655,0.4364181240075078,0.636999873757501
0.708,0.1201289783763485,0.1145614050947109,0.4363701042467315,0.6367445989041421
0.71,0.1200571230919917,0.1144684581946357,0.4363222901707354,0.6364893955567983
0.712,0.1199853073048881,0.114375582803108,0.4362746813095611,0.6362342638503858
0.714,0.1199135310086138,0.1142827788669508,0.4362272771943655,0.6359792039191997
0.716,0.1198417941967055,0.1141900463330691,0.4361800773574418,0.6357242158970291
0.718,0.1197700968626108,0.1140973851483843,0.4361330813321806,0.6354692999169842
0.72,0.1196984389997427,0.1140047952599051,0.4360862886531058,0.6352144561116895
0.722,0.1196268206014415,0.1139122766146777,0.4360396988558446,0.63495968461315
0.724,0.1195552416610014,0.1138198291598189,0.4359933114771422,0.6347049855528459
0.726,0.1194837021716417,0.1137274528424793,0.4359471260548402,0.6344503590616315
0.728,0.1194122021265362,0.1136351476098807,0.4359011421278921,0.6341958052698412
0.73,0.1193407415187944,0.1135429134092907,0.435855359236349,0.6339413243072225
0.732,0.1192693203414748,0.1134507501880402,0.435809776921365,0.6336869163029843
0.734,0.1191979385875758,0.1133586578935112,0.4357643947251876,0.6334325813857672
0.736,0.1191265962500123,0.1132666364731052,0.4357192121911369,0.6331783196835596
0.738,0.1190552933216933,0.1131746858743441,0.4356742288636611,0.6329241313239737
0.74,0.1189840297954271,0.1130828060447466,0.4356294442882636,0.6326700164339112
0.742,0.1189128056639901,0.1129909969319172,0.4355848580115472,0.6324159751398086
0.744,0.11884162092009,0.1128992584834972,0.4355404695811889,0.6321620075675056
0.746,0.1187704755563814,0.1128075906471858,0.435496278545946,0.6319081138423035
0.748,0.1186993695654633,0.1127159933707353,0.4354522844556509,0.6316542940889552
0.75,0.1186283029398786,0.1126244666019505,0.4354084868612083,0.6314005484316665
0.752,0.1185572756721147,0.1125330102886891,0.435364885314593,0.6311468769940975
0.754,0.1184862877546037,0.1124416243788614,0.4353214793688464,0.6308932798993647
0.756,0.1184153391797226,0.1123503088204299,0.4352782685780741,0.6306397572700422
0.758,0.1183444299397935,0.1122590635614095,0.4352352524974431,0.630386309228164
0.76,0.1182735600270839,0.1121678885498671,0.4351924306831786,0.6301329358952251
0.762,0.1182027294338066,0.1120767837339219,0.435149802692562,0.6298796373921836
0.764,0.1181319381521205,0.1119857490617444,0.4351073680839272,0.629626413839462
0.766,0.1180611861741303,0.1118947844815574,0.4350651264166587,0.629373265356949
0.768,0.117990473491887,0.1118038899416348,0.4350230772511885,0.6291201920640015
0.77,0.1179198000973882,0.1117130653903021,0.434981220148993,0.6288671940794452
0.772,0.1178491659825779,0.1116223107759363,0.434939554672591,0.6286142715215779
0.774,0.1177785711393472,0.1115316260469653,0.4348980803855403,0.6283614245081695
0.776,0.1177080155595343,0.1114410111518681,0.4348567968524356,0.6281086531564644
0.778,0.1176374992349245,0.1113504660391746,0.4348157036389051,0.6278559575831832
0.78,0.117567022157251,0.1112599906574654,0.4347748003116085,0.6276033379045242
0.782,0.1174965843181945,0.1111695849553719,0.4347340864382337,0.6273507942361647
0.784,0.1174261857093839,0.1110792488815758,0.4346935615874945,0.6270983266932633
0.786,0.1173558263223962,0.1109889823848093,0.4346532253291281,0.6268459353904605
0.788,0.1172855061487568,0.1108987854138547,0.4346130772338916,0.6265936204418816
0.79,0.1172152251799397,0.1108086579175445,0.4345731168735602,0.626341381961137
0.792,0.117144983407368,0.1107185998447611,0.4345333438209244,0.6260892200613245
0.794,0.1170747808224135,0.1106286111444369,0.4344937576497867,0.6258371348550311
0.796,0.1170046174163975,0.1105386917655538,0.43445435793496,0.6255851264543337
0.798,0.1169344931805909,0.1104488416571434,0.4344151442522639,0.6253331949708018
0.8,0.116864408106214,0.1103590607682866,0.434376116178523,0.6250813405154978
0.802,0.1167943621844373,0.1102693490481139,0.4343372732915637,0.6248295631989799
0.804,0.1167243554063813,0.1101797064458047,0.4342986151702115,0.6245778631313026
0.806,0.1166543877631168,0.1100901329105876,0.4342601413942892,0.6243262404220189
0.808,0.1165844592456653,0.1100006283917403,0.4342218515446134,0.6240746951801814
0.81,0.116514569844999,0.1099111928385891,0.4341837452029924,0.6238232275143445
0.812,0.1164447195520408,0.109821826200509,0.4341458219522234,0.6235718375325647
0.814,0.1163749083576651,0.1097325284269236,0.4341080813760899,0.6233205253424032
0.816,0.1163051362526978,0.109643299467305,0.4340705230593599,0.6230692910509281
0.818,0.116235403227916,0.1095541392711739,0.434033146587782,0.6228181347647146
0.82,0.1161657092740487,0.1094650477880983,0.4339959515480838,0.6225670565898453
0.822,0.1160960543817772,0.1093760249676952,0.4339589375279691,0.6223160566319158
0.824,0.1160264385417348,0.1092870707596295,0.4339221041161156,0.6220651349960327
0.826,0.1159568617445063,0.1091981851136123,0.4338854509021715,0.6218142917868132
0.828,0.1158873239806318,0.1091093679794062,0.433848977476755,0.621563527108399
0.83,0.1158178252406006,0.1090206193068164,0.4338126834314484,0.6213128410644344
0.832,0.1157483655148581,0.1089319390456999,0.4337765683587994,0.6210622337580949
0.834,0.1156789447938009,0.1088433271459584,0.4337406318523159,0.6208117052920665
0.836,0.1156095630677801,0.1087547835575418,0.4337048735064645,0.6205612557685611
0.838,0.1155402203271002,0.1086663082304472,0.4336692929166683,0.6203108852893118
0.84,0.1154709165620188,0.1085779011147179,0.4336338896793034,0.6200605939555737
0.842,0.1154016517627489,0.1084895621604455,0.4335986633916978,0.6198103818681314
0.844,0.1153324259194569,0.1084012913177674,0.4335636136521279,0.6195602491272946
0.846,0.1152632390222629,0.1083130885368668,0.4335287400598159,0.6193101958328979
0.848,0.115194091061243,0.1082249537679752,0.4334940422149285,0.6190602220843113
0.85,0.1151249820264275,0.1081368869613698,0.4334595197185736,0.6188103279804344
0.852,0.1150559119078015,0.1080488880673734,0.4334251721727977,0.6185605136196972
0.854,0.1149868806953067,0.1079609570363576,0.4333909991805847,0.618310779100071
0.856,0.1149178883788363,0.1078730938187341,0.4333570003458503,0.6180611245190469
0.858,0.1148489349482446,0.1077852983649684,0.4333231752734451,0.6178115499736745
0.86,0.1147800203933371,0.1076975706255653,0.4332895235691462,0.6175620555605237
0.862,0.1147111447038799,0.1076099105510819,0.43325604483966,0.617312641375723
0.864,0.1146423078695894,0.107522318092113,0.4332227386926147,0.6170633075149199
0.866,0.1145735098801403,0.1074347931993014,0.4331896047365609,0.6168140540733114
0.868,0.1145047507251699,0.1073473358233431,0.4331566425809725,0.6165648811456615
0.87,0.1144360303942625,0.1072599459149668,0.4331238518362354,0.6163157888262438
0.872,0.114367348876962,0.10717262342495,0.4330912321136517,0.6160667772088899
0.874,0.1142987061627819,0.1070853683041309,0.433058783025443,0.6158178463870227
0.876,0.1142301022411728,0.1069981805033672,0.4330265041847304,0.6155689964535445
0.878,0.1141615371015564,0.1069110599735784,0.4329943952055498,0.6153202275009555
0.88,0.114093010733313,0.1068240066657303,0.4329624557028432,0.6150715396213138
0.882,0.1140245231257667,0.1067370205308149,0.4329306852924482,0.6148229329061796
0.884,0.1139560742682166,0.1066501015198906,0.4328990835911125,0.6145744074467296
0.886,0.1138876641499056,0.1065632495840418,0.4328676502164746,0.6143259633336462
0.888,0.1138192927600446,0.1064764646744093,0.432836384787074,0.6140776006572031
0.89,0.1137509600878112,0.1063897467421884,0.4328052869223494,0.6138293195072626
0.892,0.1136826661223192,0.1063030957385897,0.432774356242617,0.6135811199731687
0.894,0.1136144108526595,0.1062165116148908,0.4327435923690942,0.6133330021438899
0.896,0.113546194267864,0.1061299943223902,0.4327129949238749,0.6130849661078945
0.898,0.1134780163569382,0.1060435438124481,0.4326825635299455,0.6128370119532669
0.9,0.1134098771088609,0.1059571600364859,0.4326522978111805,0.6125891397677072
0.902,0.1133417765125451,0.1058708429459362,0.4326221973923231,0.6123413496383914
0.904,0.1132737145568732,0.105784592492287,0.432592261898999,0.6120936416520983
0.906,0.1132056912306877,0.10569840862707,0.4325624909577092,0.6118460158951777
0.908,0.1131377065227913,0.1056122913018599,0.4325328841958284,0.6115984724535507
0.91,0.1130697604219474,0.1055262404682745,0.4325034412416023,0.6113510114127114
0.912,0.1130018529168797,0.1054402560779747,0.4324741617241456,0.6111036328577282
0.914,0.1129339839962728,0.1053543380826646,0.4324450452734396,0.6108563368732454
0.916,0.1128661536487723,0.1052684864340907,0.4324160915203301,0.6106091235434838
0.918,0.1127983618629849,0.1051827010840426,0.4323873000965253,0.6103619929522431
0.92,0.1127306086274788,0.1050969819843525,0.4323586706345933,0.610114945182902
0.922,0.1126628939307836,0.105011329086895,0.4323302027679601,0.6098679803184204
0.924,0.1125952177613904,0.1049257423435872,0.4323018961309072,0.6096210984413402
0.926,0.1125275801077523,0.1048402217063887,0.4322737503585696,0.6093742996337868
0.928,0.1124599809582846,0.1047547671273011,0.4322457650869337,0.6091275839774706
0.93,0.1123924203013646,0.1046693785583683,0.4322179399528346,0.6088809515536878
0.932,0.1123248981253319,0.1045840559516764,0.4321902745939547,0.6086344024433222
0.934,0.1122574144184888,0.1044987992593531,0.4321627686488208,0.6083879367268461
0.936,0.1121899691691004,0.1044136084335684,0.4321354217568024,0.6081415544843215
0.938,0.1121225623653945,0.1043284834265336,0.4321082335581094,0.6078952557954019
0.94,0.112055193995562,0.104243424190502,0.4320812036937898,0.6076490407393333
0.942,0.111987864047757,0.1041584306777683,0.4320543318057276,0.6074029093949548
0.944,0.1119205725100973,0.104073502840669,0.4320276175366413,0.6071568618407016
0.946,0.1118533193706638,0.1039886406315814,0.4320010605300806,0.6069108981546039
0.948,0.1117861046175015,0.1039038440029247,0.4319746604304251,0.6066650184142903
0.95,0.1117189282386192,0.1038191129071589,0.4319484168828821,0.6064192226969878
0.952,0.1116517902219896,0.1037344472967852,0.4319223295334841,0.6061735110795228
0.954,0.1115846905555502,0.1036498471243461,0.4318963980290873,0.6059278836383251
0.956,0.1115176292272021,0.1035653123424243,0.4318706220173686,0.6056823404494236
0.958,0.1114506062248114,0.103480842903644,0.4318450011468244,0.6054368815884534
0.96,0.1113836215362095,0.1033964387606703,0.4318195350667682,0.6051915071306553
0.962,0.1113166751491917,0.1033120998662082,0.4317942234273282,0.6049462171508735
0.964,0.1112497670515185,0.1032278261730032,0.4317690658794454,0.60470101172356
0.966,0.111182897230916,0.1031436176338417,0.431744062074872,0.6044558909227765
0.968,0.1111160656750765,0.1030594742015515,0.4317192116661688,0.6042108548221974
0.97,0.1110492723716562,0.1029753958289984,0.4316945143067029,0.6039659034951019
0.972,0.110982517308278,0.10289138246909,0.4316699696506463,0.6037210370143861
0.974,0.1109158004725309,0.1028074340747742,0.4316455773529738,0.6034762554525595
0.976,0.1108491218519693,0.1027235505990377,0.4316213370694601,0.6032315588817434
0.978,0.1107824814341131,0.1026397319949067,0.4315972484566784,0.6029869473736736
0.98,0.1107158792064521,0.1025559782154513,0.4315733111719995,0.602742420999715
0.982,0.1106493151564355,0.1024722892137727,0.4315495248735859,0.6024979798308248
0.984,0.1105827892714919,0.1023886649430275,0.4315258892203975,0.6022536239376268
0.986,0.1105163015389989,0.1023051053563896,0.4315024038721775,0.6020093533902998
0.988,0.1104498519463152,0.1022216104070899,0.4314790684894627,0.6017651682586951
0.99,0.1103834404807638,0.1021381800483955,0.4314558827335757,0.6015210686122784
0.992,0.1103170671296332,0.10205481423361,0.4314328462666225,0.6012770545201306
0.994,0.1102507318801753,0.1019715129160715,0.4314099587514893,0.6010331260509452
0.996,0.1101844347196202,0.1018882760491702,0.4313872198518473,0.6007892832730792
0.998,0.1101181756351487,0.1018051035863142,0.4313646292321394,0.6005455262544561
1.0,0.1100519546139375,0.1017219954809857,0.431342186557596,0.6003018550627297
