Run,True_k10,True_k5,True_k6,True_k7,True_k8,True_k9,True_x4,True_x5,True_x6,Est_k10,Est_k5,Est_k6,Est_k7,Est_k8,Est_k9,Est_x4,Est_x5,Est_x6,True_x7,Est_x7,MedianRelErr,MeanRelErr,MaxRelErr,RMSE,Success
7,0.407,0.415,0.22,0.106,0.621,0.264,0.464,0.747,0.792,76.711,0.40751,0.21213,0.037036,1.5245e-15,1.5421e-14,0.46336,0.74711,9.9308e-14,0.617,0.023511,0.6506037735849056,21.242785193197587,187.4791154791155,25.43704186918491,False
8,0.662,0.596,0.227,0.307,0.296,0.347,0.728,0.75,0.406,52.666,0.59602,0.22702,0.34425,0.57364,0.0,0.728,0.75005,0.30161,0.473,9.9936,0.12133550488599351,8.985834030285684,78.55589123867068,17.335338966680812,False
9,0.414,0.126,0.668,0.52,0.877,0.501,0.154,0.327,0.147,0.27668,0.126,0.668,1.0127,2.223,1.2167,0.154,0.327,0.080985,0.652,40.313,0.33169082125603866,0.5212881132404438,1.534777651083238,0.5364399668830095,False
6,0.66,0.466,0.106,0.842,0.352,0.196,0.67,0.29,0.546,0.00010837,0.466,0.106,1.064,0.0,5.671e-06,0.67,0.28998,1.2124,0.47,45.168,0.2636579572446557,0.4982274014035056,1.2205128205128202,0.34819338508366887,False
5,0.637,0.388,0.45,0.658,0.148,0.633,0.268,0.203,0.352,0.65281,0.388,0.45,0.67884,0.16813,0.60656,0.268,0.203,0.35414,0.391,62.199,0.006079545454545542,0.02670595666995249,0.13601351351351357,0.01411512899929245,False
4,0.594,0.312,0.719,0.465,0.555,0.115,0.59,0.594,0.855,0.60647,0.312,0.719,0.46323,0.54153,0.11772,0.59,0.594,0.86083,0.645,0.17312,0.0038064516129033316,0.008837875026641734,0.024270270270270435,0.006510350732999484,True
2,0.443,0.423,0.402,0.222,0.722,0.615,0.439,0.767,0.276,0.44233,0.423,0.402,0.22209,0.72351,0.6148,0.439,0.767,0.27523,0.184,5.0983,0.0003252032520324845,0.0007915879802412548,0.002789855072463943,0.0006119186583562037,True
3,0.612,0.883,0.739,0.469,0.724,0.195,0.215,0.856,0.517,0.61239,0.883,0.739,0.46896,0.72348,0.19508,0.215,0.856,0.51734,0.432,10.945,8.528784648184328e-05,0.00027874127055624456,0.0007182320441988466,0.0002463285971578903,True
1,0.617,0.539,0.672,0.582,0.536,0.439,0.45,0.813,0.871,0.617,0.539,0.672,0.582,0.536,0.439,0.45,0.813,0.871,0.407,91.059,0.0,0.0,0.0,0.0,True
