-1.0, 0.524, 0.838
-0.998, 0.5238220649159905, 0.8406327189897957
-0.996, 0.5236435717904337, 0.8432645424312468
-0.994, 0.5234645208134833, 0.8458954675206017
-0.992, 0.5232849121758867, 0.8485254914550662
-0.99, 0.5231047460689859, 0.851154611432805
-0.988, 0.5229240226847169, 0.8537828246529456
-0.986, 0.5227427422156088, 0.8564101283155867
-0.984, 0.5225609048547847, 0.859036519621789
-0.982, 0.5223785107959596, 0.8616619957736004
-0.98, 0.5221955602334446, 0.8642865539740119
-0.978, 0.5220120533621408, 0.8669101914270205
-0.976, 0.5218279903775432, 0.8695329053375956
-0.974, 0.5216433714757388, 0.8721546929116903
-0.972, 0.5214581968534072, 0.874775551356245
-0.97, 0.5212724667078197, 0.8773954778791887
-0.968, 0.5210861812368395, 0.8800144696894469
-0.966, 0.5208993406389224, 0.8826325239969215
-0.964, 0.5207119451131127, 0.8852496380125625
-0.962, 0.5205239948590484, 0.8878658089482764
-0.96, 0.5203354900769591, 0.8904810340169714
-0.958, 0.5201464309676633, 0.8930953104325888
-0.956, 0.5199568177325707, 0.8957086354100705
-0.954, 0.5197666505736812, 0.898321006165372
-0.952, 0.519575929693585, 0.9009324199154654
-0.95, 0.5193846552954621, 0.9035428738783424
-0.948, 0.519192827583082, 0.9061523652730168
-0.946, 0.5190004467608041, 0.9087608913195296
-0.944, 0.518807513033577, 0.911368449238945
-0.942, 0.5186140266069376, 0.9139750362533673
-0.94, 0.518419987687013, 0.9165806495859188
-0.938, 0.5182253964805165, 0.9191852864607936
-0.936, 0.5180302531947539, 0.9217889441031638
-0.934, 0.5178345580376126, 0.9243916197393389
-0.932, 0.5176383112175736, 0.9269933105965932
-0.93, 0.5174415129437054, 0.9295940139032586
-0.928, 0.5172441634256614, 0.9321937268887507
-0.926, 0.517046262873683, 0.9347924467835266
-0.924, 0.5168478114985992, 0.9373901708191007
-0.922, 0.5166488095118253, 0.9399868962280489
-0.92, 0.5164492571253636, 0.9425826202440103
-0.918, 0.5162491545518025, 0.9451773401016909
-0.916, 0.5160485020043164, 0.947771053036869
-0.914, 0.5158472996966662, 0.9503637562863873
-0.912, 0.5156455478431975, 0.9529554470881797
-0.91, 0.5154432466588427, 0.9555461226812368
-0.908, 0.5152403963591167, 0.9581357803056685
-0.906, 0.5150369971601257, 0.9607244172025873
-0.904, 0.5148330492785526, 0.9633120306142975
-0.902, 0.5146285529316643, 0.9658986177841971
-0.9, 0.5144235083373245, 0.9684841759566227
-0.898, 0.5142179157139692, 0.9710687023771534
-0.896, 0.5140117752806217, 0.9736521942924247
-0.894, 0.5138050872568888, 0.976234648950174
-0.892, 0.5135978518629607, 0.978816063599244
-0.89, 0.513390069319611, 0.9813964354895848
-0.888, 0.5131817398481957, 0.9839757618722582
-0.886, 0.5129728636706539, 0.986554039999439
-0.884, 0.5127634410095069, 0.9891312671244183
-0.882, 0.5125534720878583, 0.9917074405016068
-0.88, 0.5123429571293933, 0.9942825573865433
-0.878, 0.5121318963583793, 0.9968566150358819
-0.876, 0.5119202899996651, 0.9994296107074107
-0.874, 0.5117081382786796, 1.0020015416600618
-0.872, 0.5114954414214378, 1.004572405153836
-0.87, 0.5112821996545261, 1.0071421984499875
-0.868, 0.5110684132051119, 1.0097109188109077
-0.866, 0.5108540823009592, 1.0122785634999265
-0.864, 0.5106392071703953, 1.0148451297817274
-0.862, 0.5104237880423325, 1.0174106149220787
-0.86, 0.5102078251462622, 1.0199750161879015
-0.858, 0.5099913187122557, 1.0225383308472706
-0.856, 0.5097742689709628, 1.0251005561694195
-0.854, 0.5095566761536126, 1.0276616894247408
-0.852, 0.5093385404920122, 1.0302217278847918
-0.85, 0.5091198622185477, 1.0327806688222951
-0.848, 0.5089006415661826, 1.0353385095111427
-0.846, 0.5086808787684584, 1.0378952472264025
-0.844, 0.5084605740594946, 1.0404508792443081
-0.842, 0.5082397276739878, 1.043005402842275
-0.84, 0.5080183398472106, 1.0455588152989141
-0.838, 0.5077964108150137, 1.0481111138939998
-0.836, 0.5075739408138253, 1.0506622959084875
-0.834, 0.5073509300806461, 1.0532123586245647
-0.832, 0.5071273788530591, 1.0557612993255383
-0.83, 0.5069032873692141, 1.0583091152960138
-0.828, 0.506678655867848, 1.0608558038216622
-0.826, 0.5064534845882619, 1.0634013621894878
-0.824, 0.5062277737703311, 1.0659457876876963
-0.822, 0.5060015236545242, 1.068489077605505
-0.82, 0.5057747344818656, 1.0710312292335427
-0.818, 0.5055474064939598, 1.0735722398635885
-0.816, 0.5053195399329853, 1.076112106788636
-0.814, 0.5050911350416943, 1.0786508273028976
-0.812, 0.504862192063413, 1.081188398701807
-0.81, 0.50463271124204, 1.083724818282022
-0.808, 0.5044026928220475, 1.0862600833414278
-0.806, 0.5041721370484803, 1.0887941911791388
-0.804, 0.5039410441669554, 1.0913271390955026
-0.802, 0.5037094144236622, 1.0938589243921033
-0.8, 0.5034772480653622, 1.0963895443717617
-0.798, 0.5032445453393882, 1.0989189963385426
-0.796, 0.5030113064936447, 1.1014472775977528
-0.794, 0.5027775317766074, 1.1039743854559438
-0.792, 0.5025432214373222, 1.1065003172209282
-0.79, 0.5023083757254067, 1.1090250702017577
-0.788, 0.5020729948910477, 1.1115486417087486
-0.786, 0.5018370791850039, 1.1140710290534637
-0.784, 0.5016006288586012, 1.1165922295487491
-0.782, 0.5013636441637347, 1.1191122405087226
-0.78, 0.5011261253528775, 1.121631059248674
-0.778, 0.5008880726790558, 1.1241486830853353
-0.776, 0.5006494863958775, 1.1266651093365696
-0.774, 0.500410366757525, 1.1291803353214513
-0.772, 0.5001707140187177, 1.1316943583606738
-0.77, 0.4999305284347652, 1.134207175775965
-0.768, 0.4996898102615643, 1.1367187848901357
-0.766, 0.49944855975554747, 1.1392291830276178
-0.764, 0.49920677717372525, 1.1417383675140176
-0.762, 0.4989644627736751, 1.1442463356762342
-0.76, 0.49872161681354094, 1.146753084842463
-0.758, 0.498478239552033, 1.149258612342197
-0.756, 0.4982343312484276, 1.1517629155062319
-0.754, 0.4979898921625666, 1.1542659916666664
-0.752, 0.4977449225548576, 1.1567678381569078
-0.75, 0.4974994226862732, 1.1592684523116719
-0.748, 0.4972533928183508, 1.1617678314669884
-0.746, 0.49700683321319267, 1.164265972960202
-0.744, 0.49675974413346524, 1.166762874129977
-0.742, 0.4965121258423991, 1.1692585323162976
-0.74, 0.4962639786037886, 1.1717529448604733
-0.738, 0.49601530268199173, 1.1742461091051382
-0.736, 0.49576609834192953, 1.1767380223942585
-0.734, 0.4955163658490854, 1.1792286820731386
-0.732, 0.4952661054695057, 1.181718085488417
-0.73, 0.4950153174698015, 1.184206229988044
-0.728, 0.4947640021171436, 1.186693112921337
-0.726, 0.494512159679261, 1.1891787316389932
-0.724, 0.4942597904244547, 1.1916630834929491
-0.722, 0.4940068946215744, 1.1941461658366228
-0.72, 0.4937534725400369, 1.196627976024714
-0.718, 0.49349952444982803, 1.1991085114132016
-0.716, 0.4932450506214748, 1.2015877693596122
-0.714, 0.4929900513260822, 1.204065747222652
-0.712, 0.4927345268352955, 1.2065424423625903
-0.71, 0.4924784774213506, 1.209017852140747
-0.708, 0.49222190335700333, 1.2114919739202008
-0.706, 0.4919648049156064, 1.21396480506504
-0.704, 0.49170718237104677, 1.2164363429409553
-0.702, 0.4914490359977765, 1.218906584914952
-0.7, 0.49119036607080585, 1.221375528355416
-0.698, 0.49093117286570276, 1.2238431706321158
-0.696, 0.4906714566585925, 1.2263095091162068
-0.694, 0.4904112177261578, 1.2287745411802333
-0.692, 0.49015045634563803, 1.231238264198131
-0.69, 0.48988917279482924, 1.2337006755452309
-0.688, 0.4896273673520837, 1.23616177259826
-0.686, 0.48936504029630973, 1.2386215527353464
-0.684, 0.4891021919069712, 1.241080013336022
-0.682, 0.48883882246408755, 1.2435371517812233
-0.68, 0.4885749322482334, 1.2459929654532929
-0.678, 0.48831052154053756, 1.2484474517359927
-0.676, 0.4880455906226842, 1.2509006080144882
-0.674, 0.48778013977691126, 1.2533524316753684
-0.672, 0.4875141692860103, 1.2558029201066405
-0.67, 0.48724767943332653, 1.258252070697739
-0.668, 0.4869806705027595, 1.2606998808395093
-0.666, 0.48671314277876093, 1.2631463479242344
-0.664, 0.4864450965463345, 1.2655914693456345
-0.662, 0.48617653209103634, 1.2680352424988637
-0.66, 0.4859074496989793, 1.2704776647804663
-0.658, 0.4856378496568166, 1.2729187335885355
-0.656, 0.48536773225176816, 1.2753584463224628
-0.654, 0.48509709777159293, 1.277796800383197
-0.652, 0.4848259465045923, 1.2802337931732133
-0.65, 0.4845542787396654, 1.2826694220959975
-0.648, 0.48428209476619427, 1.2851036845571133
-0.646, 0.4840093948741687, 1.2875365779630503
-0.644, 0.4837361793540645, 1.2899680997223266
-0.642, 0.48346244849698494, 1.2923982472442268
-0.64, 0.48318820259452866, 1.2948270179399757
-0.638, 0.482913441938857, 1.2972544092221396
-0.636, 0.4826381668226798, 1.299680418504754
-0.634, 0.4823623775392549, 1.3021050432033268
-0.632, 0.48208607438238804, 1.304528280734841
-0.63, 0.48180925764643223, 1.3069501285177576
-0.628, 0.4815319276262877, 1.3093705839720176
-0.626, 0.48125408461740155, 1.3117896445190456
-0.624, 0.48097572891576723, 1.3142073075817522
-0.622, 0.48069686081792445, 1.316623570584537
-0.62, 0.4804174806209589, 1.3190384309532905
-0.618, 0.48013758862250155, 1.3214518861153983
-0.616, 0.4798571851207289, 1.3238639334997424
-0.614, 0.47957627041436224, 1.3262745705367045
-0.612, 0.47929484480266743, 1.3286837946581687
-0.61, 0.4790129085854547, 1.3310916032975249
-0.608, 0.4787304620630779, 1.3334979938896727
-0.606, 0.4784475055364352, 1.3359029638710167
-0.604, 0.4781640393069675, 1.3383065106794814
-0.602, 0.47788006367665914, 1.340708631754501
-0.6, 0.4775955789480369, 1.3431093245370331
-0.598, 0.47731058542416877, 1.3455085864695653
-0.596, 0.4770250834086677, 1.347906414996085
-0.594, 0.476739073205685, 1.3503028075621357
-0.592, 0.47645255511991685, 1.35269776161476
-0.59, 0.47616552945659685, 1.3550912746025643
-0.588, 0.4758779965215015, 1.3574833439756717
-0.586, 0.47558995662094716, 1.3598739671857487
-0.584, 0.4753014100617942, 1.3622631416859678
-0.582, 0.4750123571514275, 1.3646508649311775
-0.58, 0.47472279819779617, 1.3670371343775554
-0.578, 0.4744327335093664, 1.3694219474830205
-0.576, 0.4741421633951572, 1.3718053017069252
-0.574, 0.47385108816471855, 1.3741871945102324
-0.572, 0.47355950812813574, 1.3765676233554904
-0.57, 0.4732674235960539, 1.3789465857066203
-0.568, 0.47297483487961384, 1.3813240790294603
-0.566, 0.47268174229053705, 1.3837001007910397
-0.564, 0.4723881461410525, 1.386074648460211
-0.562, 0.47209404674392647, 1.3884477195073772
-0.56, 0.4717994444124959, 1.3908193114042433
-0.558, 0.4715043394605962, 1.3931894216243863
-0.556, 0.4712087322026107, 1.3955580476428655
-0.554, 0.4709126229534576, 1.3979251869363203
-0.552, 0.4706160120285898, 1.4002908369829743
-0.55, 0.470318899743995, 1.4026549952626381
-0.548, 0.4700212864161947, 1.405017659256711
-0.546, 0.4697231723622442, 1.4073788264481841
-0.544, 0.4694245578997325, 1.4097384943216438
-0.542, 0.4691254433467813, 1.4120966603632727
-0.54, 0.4688258290220454, 1.4144533220608544
-0.538, 0.4685257152447119, 1.4168084769037745
-0.536, 0.46822510233449993, 1.4191621223830244
-0.534, 0.46792399061166035, 1.4215142559912028
-0.532, 0.4676223803969757, 1.4238648752225183
-0.53, 0.4673202720117589, 1.4262139775727962
-0.528, 0.4670176657778546, 1.4285615605394726
-0.526, 0.46671456201763684, 1.430907621621607
-0.524, 0.4664109610540102, 1.4332521583198785
-0.522, 0.4661068632104087, 1.4355951681365904
-0.52, 0.4658022688107966, 1.4379366485756657
-0.518, 0.46549717817966524, 1.4402765971426736
-0.516, 0.46519159164203655, 1.4426150113447975
-0.514, 0.46488550952345997, 1.4449518886908634
-0.512, 0.46457893215001234, 1.447287226691338
-0.51, 0.464271859848299, 1.449621022858321
-0.508, 0.4639642929454519, 1.4519532747055601
-0.506, 0.463656231769131, 1.4542839797484397
-0.504, 0.46334767664752224, 1.4566131355039966
-0.502, 0.46303862790933564, 1.4589407394909333
-0.5, 0.4627290858838117, 1.4612667892295723
-0.498, 0.46241905090071267, 1.4635912822419177
-0.496, 0.4621085232903264, 1.4659142160516307
-0.494, 0.4617975033834677, 1.4682355881840194
-0.492, 0.46148599151147224, 1.4705553961660789
-0.49, 0.46117398800619763, 1.4728736375264864
-0.488, 0.4608614932000435, 1.475190309795453
-0.486, 0.46054850742590187, 1.4775054105050944
-0.484, 0.4602350310172342, 1.4798189371888495
-0.482, 0.4599210643079385, 1.4821308873824914
-0.48, 0.4596066076325656, 1.4844412586224691
-0.478, 0.459291661326043, 1.4867500484480412
-0.476, 0.4589762257239381, 1.4890572543992244
-0.474, 0.45866030116227036, 1.4913628740182536
-0.472, 0.4583438879776202, 1.4936669048487787
-0.47, 0.45802698650706236, 1.4959693444363102
-0.468, 0.45770959708820036, 1.4982701903279982
-0.466, 0.4573917200591577, 1.5005694400726906
-0.464, 0.45707335575857705, 1.5028670912209352
-0.462, 0.45675450452562044, 1.5051631413249837
-0.46, 0.4564351666999686, 1.5074575879387928
-0.458, 0.45611534262182046, 1.5097504286180279
-0.456, 0.4557950326318932, 1.5120416609200644
-0.454, 0.4554742370714215, 1.5143312824039923
-0.452, 0.4551529562821574, 1.5166192906306166
-0.45, 0.4548311906063699, 1.5189056831624619
-0.448, 0.4545089403868444, 1.5211904575637734
-0.446, 0.45418620596688275, 1.5234736114005198
-0.444, 0.4538629876903024, 1.5257551422403974
-0.442, 0.45353928590143633, 1.5280350476528308
-0.44, 0.4532151009451328, 1.5303133252089756
-0.438, 0.4528904331667545, 1.5325899724817227
-0.436, 0.4525652829121787, 1.5348649870456994
-0.434, 0.45223965052779647, 1.5371383664772726
-0.432, 0.4519135363605128, 1.5394101083545504
-0.43, 0.45158694075774564, 1.5416802102573859
-0.428, 0.4512598640674263, 1.5439486697673779
-0.426, 0.45093230663799766, 1.5462154844678795
-0.424, 0.4506042688184155, 1.5484806519439926
-0.422, 0.450275750958148, 1.5507441697825681
-0.42, 0.4499467534071725, 1.5530060355722306
-0.418, 0.44961727651598055, 1.5552662469033427
-0.416, 0.44928732063557103, 1.5575248013680518
-0.414, 0.4489568861174557, 1.5597816965602536
-0.412, 0.4486259733136549, 1.5620369300756203
-0.41, 0.4482945825766987, 1.5642904995115916
-0.408, 0.44796271425962636, 1.5665424024673804
-0.406, 0.4476303687159889, 1.5687926365439562
-0.404, 0.4472975462998361, 1.5710411993441313
-0.402, 0.44696424736573903, 1.5732880884724065
-0.4, 0.44663047226876573, 1.5755333015351396
-0.398, 0.44629622136449787, 1.5777768361404307
-0.396, 0.4459614950090242, 1.5800186898981663
-0.394, 0.44562629355893174, 1.5822588604200811
-0.392, 0.4452906173713241, 1.58449734531963
-0.39, 0.44495446680380046, 1.5867341422121324
-0.388, 0.44461784221448564, 1.5889692487145701
-0.386, 0.4442807439619735, 1.5912026624459725
-0.384, 0.443943172405397, 1.5934343810269274
-0.382, 0.44360512790437917, 1.5956644020799375
-0.38, 0.4432666108190423, 1.5978927232293385
-0.378, 0.44292762151002246, 1.6001193421012083
-0.376, 0.4425881603384511, 1.6023442563234904
-0.374, 0.4422482276659579, 1.6045674635259712
-0.372, 0.4419078238547253, 1.6067889613399173
-0.37, 0.4415669492673343, 1.6090087473991186
-0.368, 0.441225604266976, 1.6112268193384471
-0.366, 0.44088378921724514, 1.6134431747952696
-0.364, 0.44054150448231855, 1.6156578114082258
-0.362, 0.4401987504268308, 1.6178707268180765
-0.36, 0.4398555274159202, 1.6200819186673594
-0.358, 0.4395118358152619, 1.6222913846002713
-0.356, 0.43916767599098083, 1.624499122263118
-0.354, 0.43882304830971963, 1.6267051293039378
-0.352, 0.4384779531386193, 1.6289094033726128
-0.35, 0.43813239084531896, 1.6311119421208715
-0.348, 0.43778636179795516, 1.633312743202291
-0.346, 0.43743986636516197, 1.6355118042722991
-0.344, 0.4370929049160701, 1.6377091229881782
-0.342, 0.43674547782030676, 1.6399046970090658
-0.34, 0.43639758544799534, 1.6420985239959591
-0.338, 0.4360492281697547, 1.6442906016117158
-0.336, 0.43570040635669927, 1.6464809275210575
-0.334, 0.435351120380438, 1.6486694993905715
-0.332, 0.4350013706130746, 1.6508563148887148
-0.33, 0.4346511574272067, 1.6530413716858143
-0.328, 0.4343004811959258, 1.6552246674540712
-0.326, 0.43394934229281656, 1.6574061998675627
-0.324, 0.43359774109195665, 1.659585966602244
-0.322, 0.433245677967916, 1.6617639653359517
-0.32, 0.43289315329575695, 1.6639401937484066
-0.318, 0.4325401674510333, 1.6661146495212147
-0.316, 0.43218672080979026, 1.6682873303378696
-0.314, 0.43183281374856386, 1.6704582338837584
-0.312, 0.43147844664438073, 1.6726273578461588
-0.31, 0.431123619874758, 1.6747946999142433
-0.308, 0.4307683338177011, 1.6769602577790903
-0.306, 0.4304125888517063, 1.6791240291336698
-0.304, 0.43005638535575774, 1.6812860116728612
-0.302, 0.4296997237093293, 1.6834462030934425
-0.3, 0.4293426042923816, 1.6856046010941075
-0.298, 0.42898502748536416, 1.6877612033754523
-0.296, 0.42862699366921053, 1.6899160076400068
-0.294, 0.42826850322534604, 1.692069011592187
-0.292, 0.4279095565356802, 1.6942202129383388
-0.29, 0.4275501539826059, 1.696369609386747
-0.288, 0.42719029594900854, 1.6985171986475753
-0.286, 0.4268299828182507, 1.700662978432962
-0.284, 0.4264692149741875, 1.7028069464569282
-0.282, 0.4261079928011466, 1.704949100435495
-0.28, 0.42574631668395346, 1.707089438086534
-0.278, 0.4253841870079128, 1.7092279571298767
-0.276, 0.42502160415881063, 1.7113646552873039
-0.274, 0.424658568522907, 1.7134995302825882
-0.272, 0.4242950804869663, 1.7156325798413152
-0.27, 0.42393114043821806, 1.7177638016911132
-0.268, 0.42356674876437245, 1.7198931935615636
-0.266, 0.42320190585362394, 1.7220207531841796
-0.264, 0.4228366120946664, 1.7241464782923084
-0.262, 0.4224708678766292, 1.7262703666215322
-0.26, 0.42210467358919007, 1.7283924159089674
-0.258, 0.42173802962240997, 1.730512623894281
-0.256, 0.4213709363669133, 1.7326309883185738
-0.254, 0.4210033942137896, 1.73474750692501
-0.252, 0.42063540355457585, 1.7368621774588973
-0.25, 0.4202669647813355, 1.7389749976672166
-0.248, 0.4198980782864935, 1.7410859652996313
-0.246, 0.4195287444630867, 1.7431950781069392
-0.244, 0.419158963704592, 1.7453023338421756
-0.242, 0.41878873640492936, 1.7474077302605178
-0.24, 0.41841806295851175, 1.7495112651190312
-0.238, 0.4180469437602275, 1.7516129361767643
-0.236, 0.4176753792054396, 1.7537127411947513
-0.234, 0.4173033696899858, 1.7558106779360139
-0.232, 0.4169309156101776, 1.7579067441655645
-0.23, 0.41655801736280024, 1.7600009376504082
-0.228, 0.4161846753451121, 1.7620932561595453
-0.226, 0.4158108899548444, 1.7641836974639729
-0.224, 0.4154366615902006, 1.7662722593366886
-0.222, 0.41506199064985605, 1.7683589395526922
-0.22, 0.41468687753295774, 1.7704437358889877
-0.218, 0.41431132263912357, 1.7725266461245863
-0.216, 0.4139353263684422, 1.7746076680405085
-0.214, 0.4135588891214723, 1.7766867994197864
-0.212, 0.41318201129924265, 1.7787640380474656
-0.21, 0.41280469330325104, 1.7808393817106098
-0.208, 0.4124269355354644, 1.7829128281982998
-0.206, 0.4120487383983182, 1.7849843753016372
-0.204, 0.4116701022947156, 1.787054020813749
-0.202, 0.4112910276280281, 1.7891217625297864
-0.2, 0.41091151480209376, 1.7911875982469292
-0.198, 0.4105315642212175, 1.7932515257643888
-0.196, 0.41015117629017095, 1.7953135428834077
-0.194, 0.4097703514141917, 1.7973736474072632
-0.192, 0.40938908999898216, 1.7994318371412732
-0.19, 0.40900739245071094, 1.8014881098927904
-0.188, 0.40862525917600956, 1.8035424634712174
-0.186, 0.408242690581975, 1.8055948956879964
-0.184, 0.4078596870761685, 1.8076454043566115
-0.182, 0.40747624906661334, 1.8096939872926054
-0.18, 0.4070923769617964, 1.811740642313567
-0.178, 0.40670807117066526, 1.813785367239149
-0.176, 0.4063233321026343, 1.8158281598910333
-0.174, 0.4059381601675725, 1.8178690180929997
-0.172, 0.40555255577581684, 1.8199079396708513
-0.17, 0.4051665193381612, 1.8219449224524742
-0.168, 0.40478005126585914, 1.823979964267824
-0.166, 0.40439315197062614, 1.826013062948912
-0.164, 0.4040058218646363, 1.8280442163298245
-0.162, 0.40361806136052486, 1.8300734222467079
-0.16, 0.4032298708713778, 1.8321006785378253
-0.158, 0.402841250810751, 1.8341259830434535
-0.156, 0.40245220159265005, 1.83614933360599
-0.154, 0.40206272363153156, 1.838170728069948
-0.152, 0.4016728173423275, 1.8401901642818257
-0.15, 0.40128248314041387, 1.842207640090272
-0.148, 0.4008917214416172, 1.8442231533460525
-0.146, 0.4005005326622373, 1.8462367019019288
-0.144, 0.40010891721900455, 1.8482482836128842
-0.142, 0.39971687552912377, 1.8502578963358962
-0.14, 0.3993244080102514, 1.8522655379300474
-0.138, 0.39893151508048375, 1.8542712062565956
-0.136, 0.3985381971583877, 1.8562748991788076
-0.134, 0.3981444546629839, 1.8582766145620537
-0.132, 0.39775028801371126, 1.8602763502739856
-0.13, 0.3973556976305263, 1.8622741041840167
-0.128, 0.39696068393374156, 1.8642698741641865
-0.126, 0.39656524734422793, 1.866263658088059
-0.124, 0.39616938828321596, 1.8682554538318161
-0.122, 0.3957731071724322, 1.8702452592735002
-0.12, 0.39537640443405997, 1.8722330722932528
-0.118, 0.39497928049073755, 1.8742188907732809
-0.116, 0.3945817357654697, 1.8762027125983807
-0.114, 0.3941837706818532, 1.8781845356546896
-0.112, 0.39378538566380195, 1.880164357831181
-0.11, 0.39338658113569375, 1.8821421770188898
-0.108, 0.3929873575223908, 1.8841179911107275
-0.106, 0.39258771524930935, 1.8860917980012386
-0.104, 0.39218765474203177, 1.8880635955885203
-0.102, 0.39178717642687827, 1.8900333817713546
-0.1, 0.39138628073044823, 1.8920011544514683
-0.098, 0.3909849680798265, 1.8939669115325413
-0.096, 0.3905832389025421, 1.8959306509204001
-0.094, 0.3901810936265678, 1.8978923705230213
-0.092, 0.38977853268031953, 1.8998520682505327
-0.09, 0.38937555649265626, 1.9018097420152162
-0.088, 0.38897216549287916, 1.9037653897315105
-0.086, 0.38856836011073137, 1.905719009316012
-0.084, 0.38816414077639755, 1.9076705986874773
-0.082, 0.38775950792050323, 1.9096201557668273
-0.08, 0.3873544619741145, 1.9115676784771465
-0.078, 0.3869490033687376, 1.9135131647436876
-0.076, 0.38654313253631833, 1.9154566124938726
-0.074, 0.3861368499092417, 1.9173980196572944
-0.072, 0.3857301559203313, 1.9193373841657209
-0.07, 0.3853230510028491, 1.9212747039530957
-0.068, 0.3849155355904947, 1.9232099769555404
-0.066, 0.38450761011740503, 1.9251432011113576
-0.064, 0.38409927501815416, 1.9270743743610315
-0.062, 0.3836905307277521, 1.929003494647233
-0.06, 0.3832813776816451, 1.9309305599148183
-0.058, 0.38287181631571465, 1.9328555681108344
-0.056, 0.38246184706627745, 1.9347785171845178
-0.054, 0.3820514703700845, 1.9366994050873014
-0.052, 0.38164068666432116, 1.9386182297728107
-0.05, 0.38122949638660597, 1.9405349891968726
-0.048, 0.3808178999749912, 1.9424496813175103
-0.046, 0.380405897867961, 1.9443623040949536
-0.044, 0.37999349050443254, 1.9462728554916326
-0.042, 0.3795806783237541, 1.948181333472188
-0.04, 0.37916746176570554, 1.9500877360034667
-0.038, 0.3787538412704971, 1.951992061054529
-0.036, 0.37833981727877036, 1.9538943065966434
-0.034, 0.3779253902315953, 1.9557944706033012
-0.032, 0.37751056057047283, 1.9576925510502037
-0.03, 0.37709532873733104, 1.9595885459152798
-0.028, 0.3766796951745286, 1.9614824531786703
-0.026, 0.3762636603248499, 1.96337427082275
-0.024, 0.37584722463150927, 1.9652639968321104
-0.022, 0.37543038853814464, 1.9671516291935842
-0.02, 0.37501315248882433, 1.9690371658962191
-0.018, 0.3745955169280393, 1.970920604931311
-0.016, 0.37417748230071085, 1.9728019442923677
-0.014, 0.3737590490521789, 1.974681181975165
-0.012, 0.3733402176282144, 1.9765583159776858
-0.01, 0.372920988475006, 1.9784333443001887
-0.008, 0.37250136203917406, 1.9803062649451344
-0.006, 0.37208133876775323, 1.9821770759172719
-0.004, 0.37166091910821036, 1.9840457752235525
-0.002, 0.3712401035084266, 1.985912360873219
0.0, 0.37081889241670624, 1.9877768308777528
0.002, 0.37039728628177515, 1.9896391832508937
0.004, 0.36997528555279047, 1.9914994160085846
0.006, 0.36955289067931674, 1.9933575271690918
0.008, 0.3691301021113413, 1.995213514752923
0.01, 0.36870692029927216, 1.9970673767828444
0.012, 0.36828334569394044, 1.9989191112838725
0.014, 0.3678593787465743, 2.000768716283377
0.016, 0.36743501990884875, 2.0026161898108756
0.018, 0.3670102696328486, 2.004461529898184
0.02, 0.366585128371081, 2.0063047345793734
0.022, 0.3661595965764337, 2.0081458018909446
0.024, 0.3657336747022582, 2.0099847298714657
0.026, 0.36530736320229124, 2.011821516561921
0.028, 0.36488066253070467, 2.0136561600054854
0.03, 0.3644535731420521, 2.0154886582477576
0.032, 0.3640260954913283, 2.0173190093365045
0.034, 0.3635982300339467, 2.0191472113217674
0.036, 0.3631699772257366, 2.0209732622558536
0.038, 0.3627413375229192, 2.0227971601934596
0.04, 0.36231231138210124, 2.0246189031916817
0.042, 0.36188289926036926, 2.026438489309636
0.044, 0.3614531016152092, 2.028255916608748
0.046, 0.3610229189044069, 2.030071183153293
0.048, 0.3605923515863767, 2.031884287008808
0.05, 0.36016140011972003, 2.033695226244193
0.052, 0.35973006496354204, 2.0355039989301855
0.054, 0.3592983465773763, 2.037310603139733
0.056, 0.35886624542116624, 2.039115036948163
0.058, 0.3584337619552211, 2.040917298433229
0.06, 0.35800089664027707, 2.042717385674934
0.062, 0.357567649937477, 2.044515296755597
0.064, 0.3571340223083701, 2.046311029759856
0.066, 0.35670001421491143, 2.048104582774669
0.068, 0.3562656261194613, 2.049895953889316
0.07, 0.3558308584847848, 2.051685141195402
0.072, 0.3553957117740516, 2.053472142786858
0.074, 0.3549601864508349, 2.055256956759944
0.076, 0.3545242829791114, 2.057039581213251
0.078, 0.3540880018232607, 2.0588200142477007
0.08, 0.3536513434480647, 2.060598253966551
0.082, 0.3532143083187071, 2.062374298475396
0.084, 0.352776896900773, 2.0641481458821684
0.086, 0.3523391096602485, 2.0659197942971415
0.088, 0.3519009470635199, 2.067689241832931
0.09, 0.35146240957737335, 2.0694564866044978
0.092, 0.3510234976689946, 2.0712215267291487
0.094, 0.35058421180596816, 2.07298436032654
0.096, 0.3501445524562768, 2.074744985518678
0.098, 0.3497045200883014, 2.0765034004299228
0.1, 0.34926411517082007, 2.078259603186987
0.102, 0.3488233381730079, 2.080013591918942
0.104, 0.3483821895644363, 2.081765364757217
0.106, 0.3479406698150726, 2.0835149198356016
0.108, 0.3474987793952794, 2.0852622552902487
0.11, 0.34705651877581445, 2.087007369259675
0.112, 0.34661388842782964, 2.0887502598847654
0.114, 0.34617088882287095, 2.0904909253087705
0.116, 0.34572752043287747, 2.092229363677314
0.118, 0.34528378373018126, 2.0939655731383926
0.12, 0.344839679187507, 2.0956995518423747
0.122, 0.34439520727797107, 2.097431297942007
0.124, 0.34395036847508087, 2.0991608095924152
0.126, 0.34350516325273533, 2.1008880849511034
0.128, 0.3430595920852228, 2.102613122177962
0.13, 0.34261365544722283, 2.1043359194352598
0.132, 0.34216735381380364, 2.1060564748876547
0.134, 0.3417206876604205, 2.1077747867022008
0.136, 0.34127365746292104, 2.109490853048325
0.138, 0.34082626369753793, 2.111204672097858
0.14, 0.34037850684088966, 2.112916242025031
0.142, 0.33993038736998615, 2.114625561006453
0.144, 0.33948190576221887, 2.1163326272211487
0.146, 0.33903306249536813, 2.1180374388505316
0.148, 0.33858385804759833, 2.1197399940784214
0.15, 0.3381342928974599, 2.121440291091038
0.152, 0.33768436752388625, 2.1231383280770095
0.154, 0.337234082406193, 2.12483410322738
0.156, 0.336783438024082, 2.1265276147355894
0.158, 0.3363324348576361, 2.1282188607974994
0.16, 0.3358810733873217, 2.1299078396113758
0.162, 0.33542935409398733, 2.131594549377901
0.164, 0.334977277458862, 2.1332789883001766
0.166, 0.33452484396354926, 2.1349611545837477
0.168, 0.3340720540900445, 2.1366410464365324
0.17, 0.3336189083207092, 2.138318662068929
0.172, 0.3331654071383044, 2.1399939996936785
0.174, 0.3327115510259476, 2.1416670575260355
0.176, 0.33225734046714206, 2.1433378337836553
0.178, 0.3318027759457823, 2.145006326686565
0.18, 0.3313478579461148, 2.1466725344573305
0.182, 0.3308925869527773, 2.1483364553208886
0.184, 0.3304369634507959, 2.149998087504567
0.186, 0.32998098792554253, 2.1516574292382447
0.188, 0.3295246608627828, 2.1533144787541745
0.19, 0.3290679827486555, 2.154969234287045
0.192, 0.3286109540696833, 2.1566216940739635
0.194, 0.3281535753127341, 2.158271856354582
0.196, 0.32769584696505255, 2.1599197193709903
0.198, 0.32723776951431427, 2.1615652813675017
0.2, 0.32677934344850634, 2.1632085405911217
0.202, 0.32632056925595115, 2.164849495291421
0.204, 0.3258614474254748, 2.1664881437199477
0.206, 0.32540197844611685, 2.1681244841312814
0.208, 0.3249421628074245, 2.1697585147819582
0.21, 0.32448200099922975, 2.171390233931278
0.212, 0.32402149351170606, 2.173019639841115
0.214, 0.32356064083550085, 2.1746467307754123
0.216, 0.3230994434615721, 2.176271505000771
0.218, 0.322637901881216, 2.1778939607864136
0.22, 0.32217601658617323, 2.1795140964036808
0.222, 0.3217137880684238, 2.1811319101269344
0.224, 0.32125121682049396, 2.182747400232238
0.226, 0.3207883033350553, 2.1843605649990825
0.228, 0.32032504810538476, 2.1859714027084047
0.23, 0.31986145162490826, 2.1875799116444665
0.232, 0.31939751438751074, 2.1891860900937385
0.234, 0.31893323688755276, 2.190789936344609
0.236, 0.31846861961940554, 2.192391448689375
0.238, 0.31800366307827227, 2.1939906254210384
0.24, 0.31753836775939737, 2.195587464836263
0.242, 0.3170727341584723, 2.1971819652338933
0.244, 0.3166067627715488, 2.198774124915266
0.246, 0.3161404540950387, 2.200363942184211
0.248, 0.31567380862571287, 2.201951415347054
0.25, 0.31520682686070123, 2.2035365427126172
0.252, 0.3147395092974918, 2.205119322592223
0.254, 0.3142718564339303, 2.2066997532996937
0.256, 0.31380386876821986, 2.2082778331513544
0.258, 0.31333554679892006, 2.2098535604660348
0.26, 0.3128668910249468, 2.211426933565071
0.262, 0.31239790194557154, 2.2129979507723068
0.264, 0.3119285800604207, 2.2145666104140957
0.266, 0.3114589258694753, 2.2161329108193026
0.268, 0.3109889398730706, 2.217696850319307
0.27, 0.310518622571895, 2.2192584272480023
0.272, 0.31004797446699006, 2.220817639941799
0.274, 0.3095769960597497, 2.2223744867396267
0.276, 0.3091056878519196, 2.2239289659829344
0.278, 0.30863405034559716, 2.225481076015695
0.28, 0.3081620840432301, 2.2270308151844045
0.282, 0.3076897894476167, 2.228578181838084
0.284, 0.307217167061905, 2.2301231743282828
0.286, 0.30674421738959207, 2.23166579100908
0.288, 0.3062709409345238, 2.233206030237085
0.29, 0.3057973382008943, 2.234743890371439
0.292, 0.30532340969324484, 2.2362793697738206
0.294, 0.3048491559164641, 2.2378124668084416
0.296, 0.3043745773757875, 2.239343179842053
0.298, 0.30389967457679584, 2.2408715072439462
0.3, 0.30342444802541585, 2.2423974473859527
0.302, 0.3029488982279187, 2.2439209986424498
0.304, 0.30247302569092066, 2.2454421593903553
0.306, 0.301996830921381, 2.246960928009138
0.308, 0.30152031442660315, 2.248477302880812
0.31, 0.3010434767142324, 2.2499912823899435
0.312, 0.30056631829225605, 2.2515028649236526
0.314, 0.30008883966900424, 2.2530120488716077
0.316, 0.2996110413531479, 2.2545188326260344
0.318, 0.2991329238536986, 2.256023214581715
0.32, 0.29865448768000696, 2.257525193135993
0.322, 0.29817573334176223, 2.259024766688776
0.324, 0.2976966613489966, 2.2605219336425213
0.326, 0.2972172722120769, 2.26201669240226
0.328, 0.2967375664417105, 2.2635090413755825
0.33, 0.296257544548937, 2.2649989789726606
0.332, 0.29577720704514154, 2.2664865036062083
0.334, 0.29529655444203734, 2.267971613691537
0.336, 0.2948155872516779, 2.2694543076465132
0.338, 0.2943343059864446, 2.270934583891602
0.34, 0.29385271115906897, 2.2724124408497963
0.342, 0.2933708032826018, 2.2738878769467097
0.344, 0.2928885828704331, 2.2753608906105196
0.346, 0.2924060504362805, 2.2768314802719996
0.348, 0.2919232064942091, 2.278299644364459
0.35, 0.29144005155858693, 2.279765381323881
0.352, 0.29095658614414294, 2.2812286895887413
0.354, 0.2904728107659384, 2.2826895676001007
0.356, 0.28998872593932956, 2.284148013801715
0.358, 0.2895043321800462, 2.2856040266397977
0.36, 0.2890196300041053, 2.287057604563283
0.362, 0.28853461992788626, 2.2885087460235956
0.364, 0.28804930246807464, 2.2899574494748243
0.366, 0.28756367814170763, 2.291403713373572
0.368, 0.2870777474661136, 2.2928475361791647
0.37, 0.2865915109589952, 2.2942889163533664
0.372, 0.28610496913830824, 2.2957278523607836
0.374, 0.28561812252242036, 2.2971643426683444
0.376, 0.28513097162994977, 2.2985983857458225
0.378, 0.28464351697990303, 2.3000299800653883
0.38, 0.2841557590915586, 2.3014591241019935
0.382, 0.28366769848453666, 2.3028858163331405
0.384, 0.2831793356788142, 2.3043100552388247
0.386, 0.28269067119461433, 2.3057318393019
0.388, 0.2822017055525582, 2.3071511670076013
0.39, 0.2817124392734858, 2.308568036844099
0.392, 0.28122287287870035, 2.3099824473017185
0.394, 0.2807330068897338, 2.3113943968737103
0.396, 0.2802428418284409, 2.312803884055923
0.398, 0.27975237821702387, 2.314210907346725
0.4, 0.2792616165779403, 2.3156154652473546
0.402, 0.27877055743405993, 2.317017556261319
0.404, 0.27827920130856315, 2.318417178894819
0.406, 0.27778754872473355, 2.3198143316573265
0.408, 0.27729560020658645, 2.3212090130596663
0.41, 0.2768033562779952, 2.32260122161668
0.412, 0.2763108174634086, 2.323990955845072
0.414, 0.27581798428762466, 2.325378214264086
0.416, 0.2753248572756222, 2.326762995395976
0.418, 0.27483143695274265, 2.3281452977654977
0.42, 0.2743377238446396, 2.3295251199000484
0.422, 0.27384371847727884, 2.3309024603296664
0.424, 0.27334942137693735, 2.3322773175870344
0.426, 0.2728548330702029, 2.333649690207481
0.428, 0.2723599540839737, 2.3350195767289805
0.43, 0.2718647849454573, 2.336386975692157
0.432, 0.27136932618217063, 2.3377518856402837
0.434, 0.270873578321939, 2.3391143051192858
0.436, 0.27037754189289576, 2.3404742326777424
0.438, 0.26988121742348176, 2.3418316668668857
0.44, 0.2693846054424445, 2.343186606240605
0.442, 0.26888770647883803, 2.3445390493554483
0.444, 0.26839052106202194, 2.345888994770622
0.446, 0.267893049721661, 2.347236441047992
0.448, 0.2673952929877248, 2.3485813867520897
0.45, 0.2668972513904866, 2.3499238304501078
0.452, 0.2663989254605234, 2.3512637707119057
0.454, 0.26590031572871514, 2.3526012061100094
0.456, 0.26540142272624384, 2.3539361352196138
0.458, 0.2649022469845936, 2.355268556618583
0.46, 0.2644027890355495, 2.356598468887453
0.462, 0.2639030494111973, 2.3579258706094337
0.464, 0.26340302864392295, 2.3592507603704083
0.466, 0.26290272726641195, 2.360573136758936
0.468, 0.26240214581164845, 2.361892998366256
0.47, 0.26190128481291525, 2.363210343786283
0.472, 0.2614001448037929, 2.364525171615614
0.474, 0.26089872631815886, 2.36583748045353
0.476, 0.2603970298901881, 2.3671472689019906
0.478, 0.2598950560543507, 2.3684545355656454
0.48, 0.25939280534541276, 2.3697592790518285
0.482, 0.2588902782984355, 2.371061497970561
0.484, 0.2583874754487742, 2.372361190934555
0.486, 0.2578843973320779, 2.373658356559213
0.488, 0.25738104448428933, 2.374952993462631
0.49, 0.2568774174416436, 2.3762451002655967
0.492, 0.2563735167406684, 2.3775346755915936
0.494, 0.2558693429181807, 2.378821718066807
0.496, 0.2553648965112926, 2.3801062263201116
0.498, 0.2548601780574031, 2.381388198983089
0.5, 0.25435518809420204, 2.3826676346900197
0.502, 0.25384992715967, 2.3839445320778836
0.504, 0.25334439579207196, 2.3852188897863758
0.506, 0.25283859452996615, 2.386490706457883
0.508, 0.25233252391219735, 2.387759980737502
0.51, 0.25182618447789196, 2.389026711273052
0.512, 0.2513195767664702, 2.390290896715042
0.514, 0.25081270131763284, 2.391552535716707
0.516, 0.25030555867136944, 2.3928116269339847
0.518, 0.24979814936795225, 2.394068169025533
0.52, 0.24929047394793555, 2.39532216065273
0.522, 0.2487825329521616, 2.39657360047966
0.524, 0.24827432692175452, 2.3978224871731273
0.526, 0.24776585639811802, 2.399068819402664
0.528, 0.24725712192293237, 2.4003125958405382
0.53, 0.24674812403818425, 2.401553815161674
0.532, 0.24623886328610511, 2.4027924760438113
0.534, 0.24572934020923307, 2.404028577167351
0.536, 0.24521955535037143, 2.4052621172154525
0.538, 0.24470950925260976, 2.406493094873989
0.54, 0.244199202459313, 2.4077215088315675
0.542, 0.24368863551412417, 2.4089473577795273
0.544, 0.2431778089609682, 2.410170640411929
0.546, 0.24266672334403777, 2.411391355425586
0.548, 0.24215537920780641, 2.412609501520039
0.55, 0.2416437770970169, 2.4138250773975787
0.552, 0.24113191755671262, 2.415038081763171
0.554, 0.24061980113216788, 2.416248513324624
0.556, 0.24010742836895824, 2.4174563707924266
0.558, 0.23959479981294832, 2.4186616528797624
0.56, 0.23908191601022907, 2.4198643583026778
0.562, 0.23856877750719224, 2.42106448577989
0.564, 0.23805538485053715, 2.4222620340327814
0.566, 0.23754173858711916, 2.423457001785747
0.568, 0.23702783926421161, 2.424649387765581
0.57, 0.2365136874292676, 2.42583919070205
0.572, 0.2359992836299767, 2.4270264093277536
0.574, 0.23548462841439252, 2.4282110423777863
0.576, 0.23496972233085345, 2.4293930885899853
0.578, 0.23445456592772373, 2.430572546705535
0.58, 0.2339391597540031, 2.4317494154674417
0.582, 0.2334235043586465, 2.432923693622266
0.584, 0.23290760029106725, 2.4340953799188316
0.586, 0.23239144810083034, 2.435264473109009
0.588, 0.2318750483378056, 2.436430971947353
0.59, 0.23135840155217496, 2.437594875191029
0.592, 0.23084150829422714, 2.43875618160037
0.594, 0.23032436911476256, 2.4399148899378638
0.596, 0.22980698456460025, 2.4410709989693546
0.598, 0.2292893551949671, 2.4422245074631204
0.6, 0.22877148155728078, 2.4433754141903363
0.602, 0.22825336420331002, 2.4445237179247656
0.604, 0.22773500368495384, 2.445669417443261
0.606, 0.2272164005544178, 2.4468125115253083
0.608, 0.22669755536424, 2.4479529989529984
0.61, 0.22617846866717, 2.4490908785113126
0.612, 0.22565914101616152, 2.450226148988161
0.614, 0.22513957296439588, 2.451358809174258
0.616, 0.22461976506554288, 2.4524888578625954
0.618, 0.22409971787329305, 2.4536162938494672
0.62, 0.2235794319416665, 2.4547411159337855
0.622, 0.2230589078249376, 2.4558633229172475
0.624, 0.22253814607763453, 2.4569829136043366
0.626, 0.22201714725453858, 2.458099886802323
0.628, 0.22149591191068366, 2.4592142413212654
0.63, 0.2209744406013556, 2.4603259759740124
0.632, 0.2204527338820916, 2.4614350895762036
0.634, 0.21993079230867968, 2.462541580946271
0.636, 0.2194086164371581, 2.4636454489054396
0.638, 0.2188862068238146, 2.46474669227773
0.64, 0.21836356402518606, 2.4658453098899584
0.642, 0.2178406885980577, 2.466941300571738
0.644, 0.2173175810994626, 2.4680346631554806
0.646, 0.21679424208668102, 2.469125396476399
0.648, 0.21627067211723994, 2.470213499372505
0.65, 0.21574687174891233, 2.471298970684614
0.652, 0.21522284153971666, 2.472381809256345
0.654, 0.21469858204791617, 2.473462013934121
0.656, 0.21417409383201844, 2.4745395835671715
0.658, 0.2136493774507746, 2.475614517007533
0.66, 0.2131244334631791, 2.47668681311005
0.662, 0.21259926242846863, 2.477756470732377
0.664, 0.21207386490612173, 2.47882348873498
0.666, 0.2115482414558585, 2.4798878659811354
0.668, 0.21102239263763936, 2.4809496013369348
0.67, 0.21049631901166516, 2.4820086936712826
0.672, 0.20997002113837598, 2.4830651418559007
0.674, 0.20944349957845107, 2.4841189447653256
0.676, 0.20891675489280764, 2.485170101276914
0.678, 0.2083897876426009, 2.48621861027084
0.68, 0.20786259838922305, 2.4872644706301004
0.682, 0.20733518769430276, 2.4883076812405114
0.684, 0.20680755611970447, 2.489348240990714
0.686, 0.20627970422752873, 2.4903861487721706
0.688, 0.20575163258010934, 2.491421403479172
0.69, 0.20522334174001547, 2.4924540040088337
0.692, 0.20469483227004917, 2.493483949261099
0.694, 0.2041661047332458, 2.494511238138739
0.696, 0.20363715969287294, 2.4955358695473566
0.698, 0.20310799771242918, 2.4965578423953847
0.7, 0.20257861935564597, 2.497577155594087
0.702, 0.20204902518648346, 2.498593808057563
0.704, 0.20151921576913095, 2.499607798702749
0.706, 0.20098919166801132, 2.5006191264494078
0.708, 0.2004589534477716, 2.5016277902201494
0.71, 0.19992850167328993, 2.5026337889404138
0.712, 0.19939783690966653, 2.5036371215384925
0.714, 0.19886695972223845, 2.5046377869454974
0.716, 0.19833587067656105, 2.5056357840953978
0.718, 0.19780457033841164, 2.506631111925011
0.72, 0.19727305927381, 2.507623769373967
0.722, 0.1967413380489806, 2.5086137553847774
0.724, 0.19620940723038507, 2.5096010689027746
0.726, 0.19567726738469804, 2.5105857088761563
0.728, 0.19514491907882453, 2.5115676742559563
0.73, 0.19461236287989245, 2.5125469639960554
0.732, 0.19407959935524266, 2.5135235770531983
0.734, 0.1935466290724462, 2.514497512386969
0.736, 0.19301345259928962, 2.5154687689598063
0.738, 0.19248007050377988, 2.5164373457370077
0.74, 0.19194648335414757, 2.517403241686712
0.742, 0.1914126917188189, 2.5183664557799608
0.744, 0.1908786961664864, 2.5193269869905595
0.746, 0.19034449726600514, 2.520284834295274
0.748, 0.18981009558648168, 2.521239996673667
0.75, 0.18927549169722124, 2.522192473108191
0.752, 0.1887406861677625, 2.523142262584124
0.754, 0.1882056795678306, 2.5240893640896673
0.756, 0.18767047246741034, 2.525033776615792
0.758, 0.1871350654366475, 2.5259754991564414
0.76, 0.1865994590459413, 2.526914530708337
0.762, 0.18606365386586177, 2.5278508702711564
0.764, 0.18552765046724093, 2.528784516847349
0.766, 0.18499144942108495, 2.5297154694422876
0.768, 0.18445505129863765, 2.53064372706419
0.77, 0.18391845667132797, 2.5315692887241674
0.772, 0.18338166611079876, 2.532492153436216
0.774, 0.18284468018893138, 2.533412320217131
0.776, 0.1823074994777687, 2.5343297880866724
0.778, 0.181770124549583, 2.535244556067448
0.78, 0.18123255597686877, 2.5361566231848953
0.782, 0.18069479433228647, 2.537065988467428
0.784, 0.18015684018873138, 2.537972650946242
0.786, 0.17961869411932904, 2.5388766096554183
0.788, 0.179080356697398, 2.539777863631895
0.79, 0.17854182849638375, 2.5406764119156713
0.792, 0.17800311009001807, 2.5415722535494405
0.794, 0.17746420205219546, 2.5424653875788787
0.796, 0.17692510495706898, 2.5433558130524134
0.798, 0.17638581937894943, 2.54424352902149
0.8, 0.17584634589228926, 2.5451285345404977
0.802, 0.17530668507189207, 2.5460108286664505
0.804, 0.17476683749266256, 2.5468904104594414
0.806, 0.1742268037296042, 2.547767278982641
0.808, 0.17368658435816742, 2.548641433301617
0.81, 0.17314617995380793, 2.5495128724852414
0.812, 0.1726055910921216, 2.550381595605315
0.814, 0.17206481834919513, 2.5512476017360695
0.816, 0.1715238623010513, 2.5521108899550473
0.818, 0.17098272352398494, 2.5529714593425643
0.82, 0.1704414025944856, 2.5538293089818334
0.822, 0.16989990008923678, 2.554684437958965
0.824, 0.1693582165851155, 2.5555368453629668
0.826, 0.16881635265919157, 2.556386530285747
0.828, 0.168274308888727, 2.5572334918221133
0.83, 0.16773208585117538, 2.558077729069776
0.832, 0.16718968412418136, 2.5589192411293458
0.834, 0.16664710428557986, 2.559758027104338
0.836, 0.1661043469133956, 2.560594086101171
0.838, 0.16556141258584237, 2.5614274172291704
0.84, 0.16501830188132258, 2.562258019600565
0.842, 0.1644750153784264, 2.5630858923304927
0.844, 0.16393155365593143, 2.5639110345369986
0.846, 0.16338791729280183, 2.5647334453410373
0.848, 0.16284410686818784, 2.5655531238664717
0.85, 0.1623001229614252, 2.5663700692400773
0.852, 0.16175596615203436, 2.5671842805915404
0.854, 0.16121163701971994, 2.5679957570534597
0.856, 0.16066713614437028, 2.5688044977613482
0.858, 0.16012246410605663, 2.5696105018536324
0.86, 0.15957762148503254, 2.5704137684716555
0.862, 0.15903260886173337, 2.571214296759676
0.864, 0.15848742681677544, 2.5720120858648694
0.866, 0.15794207593095566, 2.5728071349373303
0.868, 0.15739655678525077, 2.573599443130072
0.87, 0.15685086996081704, 2.574389009599027
0.872, 0.15630501603898872, 2.5751758335030495
0.874, 0.1557589956012789, 2.575959914003915
0.876, 0.15521280922937736, 2.5767412502663216
0.878, 0.1546664575051512, 2.577519841457891
0.88, 0.15411994101064277, 2.57829568674917
0.882, 0.1535732603280713, 2.5790687853136296
0.884, 0.15302641603983042, 2.5798391363276667
0.886, 0.15247940872848667, 2.5806067389706078
0.888, 0.15193223897678287, 2.581371592424703
0.89, 0.15138490736763247, 2.582133695875135
0.892, 0.15083741448412266, 2.5828930485100154
0.894, 0.15028976090951227, 2.5836496495203845
0.896, 0.14974194722723191, 2.5844034981002144
0.898, 0.1491939740208801, 2.5851545934464126
0.9, 0.1486458418742284, 2.5859029347588165
0.902, 0.14809755137121655, 2.5866485212401975
0.904, 0.1475491030959539, 2.5873913520962617
0.906, 0.14700049763271683, 2.588131426535651
0.908, 0.14645173556594604, 2.5888687437699502
0.91, 0.14590281748025594, 2.58960330301367
0.912, 0.14535374396042053, 2.590335103484269
0.914, 0.1448045155913863, 2.591064144402136
0.916, 0.14425513295826023, 2.591790424990604
0.918, 0.14370559664631033, 2.5925139444759533
0.92, 0.1431559072409726, 2.5932347020873983
0.922, 0.14260606532785094, 2.5939526970570905
0.924, 0.14205607149269994, 2.5946679286201393
0.926, 0.1415059263214521, 2.5953803960145767
0.928, 0.14095563040017872, 2.5960900984814095
0.93, 0.14040518431513752, 2.5967970352645557
0.932, 0.13985458865272155, 2.5975012056109126
0.934, 0.1393038439995031, 2.5982026087702974
0.936, 0.13875295094220888, 2.598901243995483
0.938, 0.13820191006770688, 2.5995971105422115
0.94, 0.13765072196305098, 2.6002902076691363
0.942, 0.13709938721541945, 2.6009805346379062
0.944, 0.1365479064121658, 2.6016680907130962
0.946, 0.1359962801408283, 2.6023528751621914
0.948, 0.13544450898900207, 2.6030348872557623
0.95, 0.13489259354458713, 2.60371412626713
0.952, 0.13434053439550675, 2.604390591472751
0.954, 0.1337883321298707, 2.605064282151982
0.956, 0.13323598733597097, 2.605735197587102
0.958, 0.13268350060225526, 2.6064033370633397
0.96, 0.1321308725172769, 2.6070686998689445
0.962, 0.13157810366978523, 2.6077312852950576
0.964, 0.13102519464865597, 2.608391092635821
0.966, 0.13047214604287882, 2.6090481211883696
0.968, 0.12991895844166582, 2.6097023702527045
0.97, 0.12936563243435353, 2.610353839131834
0.972, 0.12881216861038555, 2.611002527131758
0.974, 0.12825856755940776, 2.6116484335613843
0.976, 0.12770482987115603, 2.612291557732643
0.978, 0.12715095613561997, 2.612931898960297
0.98, 0.1265969469427202, 2.6135694565623715
0.982, 0.12604280288276112, 2.6142042298595003
0.984, 0.1254885245460968, 2.614836218175422
0.986, 0.12493411252315001, 2.6154654208369856
0.988, 0.12437956740453844, 2.6160918371738613
0.99, 0.12382488978110635, 2.6167154665186265
0.992, 0.12327008024379814, 2.6173363082068795
0.994, 0.12271513938354454, 2.6179543615773895
0.996, 0.12216006779153976, 2.6185696259717113
0.998, 0.12160486605923584, 2.6191821007342377
1.0, 0.12104953477796385, 2.6197917852126347
