-1.0,0.6579868995936157
-0.99,0.6603739726368907
-0.98,0.6628042499293513
-0.97,0.6651159683612041
-0.96,0.6674533483842118
-0.95,0.6699029254278313
-0.94,0.6722451921868413
-0.93,0.6746833132675575
-0.92,0.6769857636084053
-0.91,0.6795070610921484
-0.9,0.6818679491523343
-0.89,0.6843951091748723
-0.88,0.6867254680209067
-0.87,0.6891558190013978
-0.86,0.6916898071345393
-0.85,0.6941174370367934
-0.84,0.6964864594018563
-0.83,0.6990631305839655
-0.82,0.7014881048333665
-0.81,0.7039876604125341
-0.8,0.7064561498860006
-0.79,0.7089901162473854
-0.78,0.711421563789676
-0.77,0.7140558586063084
-0.76,0.7164674436668511
-0.75,0.719047385475167
-0.74,0.7215689613254423
-0.73,0.7239129656598807
-0.72,0.7264454898124093
-0.71,0.7291089472016836
-0.7,0.73175498564984
-0.69,0.7342223977092136
-0.68,0.7368550808217755
-0.67,0.7393648883472559
-0.66,0.7420006056568347
-0.65,0.7444121164674878
-0.64,0.7470131744266562
-0.63,0.7496133888985141
-0.62,0.7522287016548277
-0.61,0.7549902489462897
-0.6,0.7575652747700212
-0.59,0.7600351042789109
-0.58,0.7628179082848903
-0.57,0.7654391845508953
-0.56,0.7679095179798969
-0.55,0.7706895203571851
-0.54,0.7734406513567591
-0.53,0.7760514057750214
-0.52,0.7788177343508823
-0.51,0.781336297076081
-0.5,0.7840541326438359
-0.49,0.786812887804939
-0.48,0.7893527161821222
-0.47,0.7921203375013749
-0.46,0.7948299077553023
-0.45,0.7973768882738749
-0.44,0.8001419033852297
-0.43,0.803156813054684
-0.42,0.8056410314674322
-0.41,0.8084664989848875
-0.4,0.8111812011390238
-0.39,0.813867467008246
-0.38,0.8167126902507025
-0.37,0.8194424174916382
-0.36,0.8223196217874035
-0.35,0.824864497612601
-0.34,0.8278900111432373
-0.33,0.8305550659747766
-0.32,0.8333957144675835
-0.31,0.8361836499181305
-0.3,0.8391127032509337
-0.29,0.8418016672746989
-0.28,0.8444165129928926
-0.27,0.8473260442244525
-0.26,0.8501359249726471
-0.25,0.8530520734541938
-0.24,0.8558677161642015
-0.23,0.8587278878031613
-0.22,0.8614254815035457
-0.21,0.8642745656716327
-0.2,0.8671193203184996
-0.19,0.8699615708242696
-0.18,0.8729418201396618
-0.17,0.875759298740997
-0.16,0.8788419640670823
-0.15,0.8814793436972017
-0.14,0.8843804375430837
-0.13,0.8872312469388145
-0.12,0.890337233626916
-0.11,0.8932811428794308
-0.1,0.8959637232519583
-0.09,0.8990182429414756
-0.08,0.9019585700265051
-0.07,0.904875673093602
-0.06,0.9076745247223296
-0.05,0.9106064138864992
-0.04,0.91357242061277
-0.03,0.9165248661101335
-0.02,0.9195252860137855
-0.01,0.9224281804701066
0.0,0.925304415978629
0.01,0.9281999759925391
0.02,0.9312447217664381
0.03,0.934192522158727
0.04,0.9373088971521821
0.05,0.9400264505749256
0.06,0.9429255735063746
0.07,0.946158202835482
0.08,0.9489507413432505
0.09,0.9519991686833513
0.1,0.9551016990098757
0.11,0.9580095647709285
0.12,0.9609939613806336
0.13,0.9641096962817783
0.14,0.966908153913162
0.15,0.9700870189998569
0.16,0.9728919508458264
0.17,0.9761208949953013
0.18,0.9789809829756568
0.19,0.9820267447903712
0.2,0.9851368587232033
0.21,0.9881010212511582
0.22,0.9912030558999947
0.23,0.9943308693777178
0.24,0.9970993606643679
0.25,1.000182431975622
0.26,1.0031879268017074
0.27,1.0063469084711139
0.28,1.0093507991490296
0.29,1.0123540414827612
0.3,1.0153307402438294
0.31,1.0181128164911106
0.32,1.0214036014783017
0.33,1.0243982791071378
0.34,1.0276113476369468
0.35,1.0305458481465217
0.36,1.0338247552319917
0.37,1.0367232236802006
0.38,1.0397872489360167
0.39,1.0427179276228857
0.4,1.0460154267338495
0.41,1.0489899882743008
0.42,1.05203688108811
0.43,1.0552724259970139
0.44,1.058043251173534
0.45,1.0612213339904661
0.46,1.0643213711712425
0.47,1.067417822549965
0.48,1.07031124044968
0.49,1.0733471601997675
0.5,1.0766560586578795
0.51,1.079569673083516
0.52,1.0825701241757975
0.53,1.0855187422700907
0.54,1.0886217819631279
0.55,1.0920001523673089
0.56,1.09497117460446
0.57,1.0981574821704563
0.58,1.1010491220481915
0.59,1.1040402258086865
0.6,1.1070943150766368
0.61,1.1101725898279715
0.62,1.1132743135142298
0.63,1.1160841694214618
0.64,1.1193883038100279
0.65,1.1222404440993283
0.66,1.1254032234994054
0.67,1.128491780279365
0.68,1.1315393035103625
0.69,1.1343421751247245
0.7,1.1377775630918658
0.71,1.1406839748995583
0.72,1.1436700797593498
0.73,1.1466616537468701
0.74,1.1498267915741403
0.75,1.1527398354162537
0.76,1.1557884547863937
0.77,1.1585980875025284
0.78,1.1618694121537485
0.79,1.164873503546971
0.8,1.168001561660727
0.81,1.1708552459310704
0.82,1.1736406158900166
0.83,1.1767574314359215
0.84,1.1796473823626643
0.85,1.1827818885854284
0.86,1.185902938190635
0.87,1.1888743186155004
0.88,1.1917590846528556
0.89,1.1946437334774822
0.9,1.197453491695727
0.91,1.200559420681511
0.92,1.203360077859239
0.93,1.2063504161794842
0.94,1.2094243938117546
0.95,1.2122904681582387
0.96,1.2154001701468666
0.97,1.2179549841500545
0.98,1.2210299991962752
0.99,1.2239805981197704
1.0,1.226830458265551
