-1.0,0.2780001602441569,0.37912421866504264,0.16400009654820966,0.16799986769469183
-0.998,0.2780917727442147,0.3792301857592926,0.16399999539445867,0.16799995711830898
-0.996,0.27818332661581474,0.37933542909218704,0.16400013453513634,0.1679999004352586
-0.994,0.27827586552800143,0.3794400369080092,0.1640000352424049,0.16799967396010534
-0.992,0.2783674768634268,0.37954418585143856,0.16399986338035127,0.16799999595546394
-0.99,0.27845996747458196,0.3796496071987922,0.16400009919551994,0.16800007732047334
-0.988,0.27855113832429507,0.37975354689012697,0.16400032415354512,0.16800003559490082
-0.986,0.2786444379268867,0.37985872573029006,0.16399998229107318,0.16799996882718155
-0.984,0.27873645725767227,0.3799631601418007,0.16399987806133529,0.16799987054366158
-0.982,0.2788284024031239,0.38006706444750715,0.16400004155117076,0.16800002387881893
-0.98,0.2789210783377196,0.38017112762388794,0.16400011751624693,0.16800013919122894
-0.978,0.2790138628559475,0.3802753205960032,0.16400018893691626,0.16800003300177743
-0.976,0.27910644798397066,0.3803795692526448,0.16400013064768562,0.1679998904075796
-0.974,0.2791985229581814,0.38048343184446687,0.16399996007351178,0.1679999525293102
-0.972,0.2792911342233958,0.38058776598623983,0.16400022117238341,0.16799989182428243
-0.97,0.27938396416188527,0.3806910376556373,0.16400001613089638,0.168000125490253
-0.968,0.27947782435089663,0.38079468217279366,0.1640000321799202,0.1680001067126432
-0.966,0.2795700005789281,0.38089755919794555,0.1639999349697728,0.1679999178048996
-0.964,0.2796627307175049,0.3810008119146223,0.16399952754742578,0.16800005333453075
-0.962,0.2797557890985386,0.38110512056747275,0.16400024589386128,0.16799989675111243
-0.96,0.27984954850649063,0.38120826819040676,0.1639999005709747,0.16799994242598865
-0.958,0.2799420625726077,0.3813113399777663,0.16400009113937375,0.16799982961994908
-0.956,0.2800352385265308,0.38141452674398046,0.16400009331967458,0.1679999054639122
-0.954,0.28012889811146613,0.38151784201778016,0.16400020870719678,0.16799994172672744
-0.952,0.2802217004615024,0.38162061860654445,0.163999848297987,0.16800004188406042
-0.95,0.2803151259071913,0.3817233872479311,0.16399976558698934,0.16800006040169915
-0.948,0.2804085724453395,0.38182527711882247,0.16399984324888342,0.1679999410001705
-0.946,0.2805027058243067,0.381928721869851,0.1640002686702083,0.16799988271465618
-0.944,0.28059601722527894,0.38203085424149186,0.16400032847099658,0.16800006023294384
-0.942,0.2806901318849108,0.38213372466544376,0.16399997569750208,0.16800005518383046
-0.94,0.2807834276333826,0.3822356123997202,0.16399984563678346,0.16800006141346963
-0.938,0.2808773990503119,0.3823380356814248,0.16399981076166606,0.16799960798892422
-0.936,0.2809710061183108,0.38244053218006735,0.1640001074092129,0.16799973553351408
-0.934,0.28106536092852585,0.3825423598682236,0.16399987564654836,0.16800005026002507
-0.932,0.28115924977575146,0.38264405468265605,0.16399984636343232,0.1680001166994992
-0.93,0.2812534928345828,0.3827460389126916,0.16399992879782696,0.16799979795246414
-0.928,0.28134733247626403,0.38284754610299887,0.16399997886893256,0.16800031905797322
-0.926,0.2814415972355712,0.3829494587622673,0.1639998525710902,0.16799967992766673
-0.924,0.2815358585288553,0.38305112683319215,0.1640001043596416,0.1680002751258237
-0.922,0.2816305650366636,0.3831530391964522,0.16400019927305973,0.1680000973509363
-0.92,0.2817247831700308,0.38325496762685457,0.1639996718939019,0.1680001058906994
-0.918,0.28181999095280413,0.38335620530492,0.1640000721972548,0.1680002486471582
-0.916,0.28191462578539733,0.383456851372263,0.16400005871140008,0.1679996518415169
-0.914,0.28200863184935127,0.38355821726659634,0.16399990658272864,0.16800019836768076
-0.912,0.2821031548868084,0.3836603695666138,0.16400024400028837,0.16800014581744144
-0.91,0.2821986410618739,0.38376060274736135,0.16400025340880786,0.16800042454505265
-0.908,0.28229295813789423,0.3838610527676383,0.1639999547158251,0.16799965663731461
-0.906,0.2823881167883472,0.38396264123179946,0.16400025799079923,0.16799977291503104
-0.904,0.2824827781128803,0.384062958506274,0.16399996096781203,0.16800000953337116
-0.902,0.28257782694841505,0.3841643790090351,0.16400028060753438,0.16799971218195253
-0.9,0.2826729169529891,0.384263859786015,0.16399992244015166,0.16799996683497387
-0.898,0.2827683359227903,0.38436447011090846,0.1640001096494763,0.1679999321217351
-0.896,0.2828633953750912,0.38446481978750213,0.16399998512666997,0.16799987918130696
-0.894,0.28295911347171543,0.38456474710834526,0.16399980876048656,0.16800008601066493
-0.892,0.28305445351260344,0.38466537051730476,0.16400005866219575,0.1680001515271532
-0.89,0.2831493769749081,0.3847656798573675,0.16399973822986647,0.16800026335195622
-0.888,0.28324473698655156,0.3848655288707788,0.16399984096590636,0.1679999751508099
-0.886,0.28334034669738717,0.3849656189144775,0.16399992186897658,0.1679999179664075
-0.884,0.2834362324193105,0.38506551585257137,0.1640000428163419,0.16800017484917443
-0.882,0.2835318398240731,0.3851651023288279,0.1639999787166455,0.16799999902159052
-0.88,0.2836274702559931,0.38526551347791477,0.16399984298036727,0.16800009650020967
-0.878,0.2837231940187081,0.3853643121270775,0.16399999220365868,0.16800002379071982
-0.876,0.28381891423864475,0.3854637040712722,0.16400020068045115,0.16799989321891268
-0.874,0.2839150219961705,0.38556305102167954,0.1640000306648536,0.1680000021121455
-0.872,0.2840110708965428,0.38566286630564645,0.1640000755535199,0.1680001261684152
-0.87,0.28410739154102443,0.3857615697976504,0.16400021100160198,0.16800004425361564
-0.868,0.28420359063788886,0.38586174386840927,0.1639999459230639,0.16800028783663482
-0.866,0.2842993108819797,0.38595986355908357,0.16399985500681827,0.1680001209984528
-0.864,0.28439596382219845,0.3860589901110161,0.16399971434169514,0.16799990536048232
-0.862,0.2844922378076151,0.3861570742423751,0.16399999456873407,0.16800043206385218
-0.86,0.2845887770299042,0.3862562679325156,0.16400015138842058,0.16799990756169672
-0.858,0.28468538581571856,0.38635601807748415,0.16399970241805162,0.1680001093925906
-0.856,0.28478097469063784,0.38645346506425154,0.16400018473916017,0.16800007233452502
-0.854,0.28487807269460713,0.3865521955282913,0.1640001340929042,0.16799993167535573
-0.852,0.28497471781661304,0.3866504449571079,0.16399983359426706,0.1679996659592247
-0.85,0.2850715254443359,0.3867486198533493,0.1639999170123279,0.1679998206832674
-0.848,0.2851679887502047,0.3868471491091971,0.1639998951352734,0.16800003365919366
-0.846,0.28526466223279395,0.3869454237603988,0.16400011192558087,0.16799966602277733
-0.844,0.28536151409489485,0.38704330880506815,0.1639999584095809,0.16799993520974427
-0.842,0.28545939551778976,0.38714115817132516,0.16399992076657552,0.16799978773960633
-0.84,0.28555585671206657,0.38723969634604766,0.16400033618875381,0.16799991226712044
-0.838,0.28565279236018953,0.38733714176652595,0.16399986672816202,0.16799984502177892
-0.836,0.2857500820478204,0.38743443450317816,0.16399999610036092,0.16800018284891624
-0.834,0.2858475464986663,0.38753168794320164,0.1639999901665871,0.1680000514573974
-0.832,0.2859453529001971,0.3876295744692134,0.163999945458155,0.16799984755259992
-0.83,0.28604232157611664,0.38772694570445043,0.16400002996236204,0.16799999429493526
-0.828,0.2861392879369933,0.3878242404007714,0.16399995429400202,0.16799990032063153
-0.826,0.2862374402199822,0.3879217897095822,0.16400046933639895,0.16800000924351458
-0.824,0.2863347825851445,0.3880192571856287,0.1639999463633537,0.167999994462567
-0.822,0.2864324676174889,0.3881163985788623,0.16400018287925172,0.16800029833640776
-0.82,0.2865297736016977,0.38821328153433804,0.1640000655481651,0.1680000421039447
-0.818,0.28662725007287376,0.3883097841229309,0.16400022479246396,0.1679999618174415
-0.816,0.2867253702708837,0.38840695268094655,0.16400008519604967,0.16799968670126952
-0.814,0.2868237125138006,0.38850343514674207,0.1639999313139712,0.16800012891750518
-0.812,0.2869213703752498,0.3885999498318455,0.16400028124257202,0.1679999689849187
-0.81,0.2870194100111115,0.38869746632709556,0.16400003751299352,0.1680001161867799
-0.808,0.28711763858939493,0.38879283625685146,0.16400006959934388,0.16799994379590327
-0.806,0.2872151810405704,0.3888889707174252,0.16399985927555275,0.16799999042773517
-0.804,0.2873137382570893,0.38898519739335524,0.1640001545770882,0.16799989443868288
-0.802,0.2874111069875671,0.3890818802303377,0.16400010903339635,0.16800028802132191
-0.8,0.2875101611043235,0.3891784598735032,0.16400001450077295,0.16799997327180807
-0.798,0.28760825483524555,0.3892731749788963,0.16399985150895785,0.1679999460501871
-0.796,0.2877069384800368,0.38936918830946315,0.16399992577722022,0.16800020276322658
-0.794,0.2878051423451395,0.38946545493159057,0.16400000770955198,0.16800023065816755
-0.792,0.2879038063613924,0.3895619561991562,0.16400018762459115,0.16800006368986373
-0.79,0.2880027046367089,0.3896569795222372,0.1640000068191457,0.1680003316357437
-0.788,0.2881010517908332,0.3897529642015708,0.16399993833680626,0.16799975516487173
-0.786,0.2882003121087581,0.3898483772836979,0.16400004317071973,0.167999968138345
-0.784,0.28829908576517316,0.38994342399992277,0.1640001494543368,0.16799993356174553
-0.782,0.28839735716993137,0.390039560609127,0.16399999448257568,0.16800002743476675
-0.78,0.28849699876995677,0.3901341162868486,0.16400008341739858,0.16799993289184864
-0.778,0.2885956735113199,0.39022938053646433,0.1639997875280746,0.16799977870793145
-0.776,0.2886939746474419,0.39032484144170776,0.16400005817841046,0.16799971814489226
-0.774,0.2887933958591795,0.39041930168702016,0.16399988285243838,0.16799991109093007
-0.772,0.28889244917797824,0.390515477748889,0.16400021884674895,0.16800000012812555
-0.77,0.2889915740261155,0.3906100228507895,0.16400007775575928,0.16800014065652327
-0.768,0.28909118147500795,0.3907044942552516,0.16399993750889255,0.16799985652365376
-0.766,0.28919094476109425,0.39079891464239064,0.16400013797016427,0.16800016187884634
-0.764,0.28928974635463667,0.3908929854397855,0.1639997820603733,0.16799987380049414
-0.762,0.2893897818425781,0.39098744138931685,0.16399991249150717,0.16799979513790922
-0.76,0.28948932661337357,0.3910814360922984,0.16399980172240072,0.16799994358075684
-0.758,0.289588914158094,0.39117697553812714,0.1640000511215409,0.1680001679869529
-0.756,0.2896884096882345,0.39127118665895533,0.16400003832501134,0.1680001719131443
-0.754,0.2897881196559969,0.39136489623804477,0.1639999400318596,0.16799992455766946
-0.752,0.2898878519805124,0.3914584533481904,0.1639999547430889,0.1680000788022037
-0.75,0.2899876110374978,0.3915524108709431,0.16400002235767022,0.16799987426962917
-0.748,0.2900879749309023,0.3916466769708946,0.1640002142592201,0.16800011154812813
-0.746,0.29018813622492323,0.39174013122780466,0.16400010139871682,0.16800020913958066
-0.744,0.29028823998459985,0.3918341042181097,0.16400010457683412,0.16799982507707042
-0.742,0.29038796347534973,0.3919272407368058,0.16400002827380514,0.16799977303114627
-0.74,0.29048796167948304,0.39202144649570053,0.16400002685375994,0.1680000394157311
-0.738,0.2905877009108757,0.39211437533822335,0.16399997076709155,0.16800003628900456
-0.736,0.2906884396273055,0.3922077093821207,0.16400011332801703,0.16799982910512828
-0.734,0.2907882042993301,0.3923013864765498,0.1639998538502886,0.16800012174292184
-0.732,0.29088944227565633,0.3923942456434057,0.16400014899187365,0.16800011072959561
-0.73,0.29098940406090656,0.39248769601148176,0.1639999852494708,0.1679998135117568
-0.728,0.29108995617083266,0.3925802940772353,0.1639999621215072,0.16799999323241385
-0.726,0.29119057962889594,0.3926730425250108,0.1640000996426196,0.16800024741254876
-0.724,0.2912912127418304,0.3927656601393148,0.16400020911385246,0.16800010924916464
-0.722,0.2913920503449765,0.39285868307655614,0.16399997800822305,0.16799990207701182
-0.72,0.2914931352372568,0.3929513196131671,0.16399974610630838,0.16800007608024237
-0.718,0.2915936991827841,0.3930445832420503,0.16400015164049608,0.16799993817607003
-0.716,0.29169462173692856,0.3931364376080152,0.16399973910802587,0.16800004966277352
-0.714,0.29179521597057195,0.39322942142642503,0.16399991026462912,0.1680000112077022
-0.712,0.29189657459463714,0.39332066485706824,0.16400009716758818,0.167999895035745
-0.71,0.2919976282922818,0.393414593537868,0.16399999183704278,0.1680002570622445
-0.708,0.29209892826618084,0.3935056335820617,0.16400010149130742,0.16799981734771383
-0.706,0.29219952175831954,0.39359803611655003,0.16399975496335312,0.16799999093799683
-0.704,0.2923013844490425,0.39368940052843415,0.1639998848171196,0.168000055108156
-0.702,0.2924024999452302,0.3937819257833384,0.16400012080382703,0.1679998922302781
-0.7,0.2925039147002503,0.3938734690400817,0.16400006802426823,0.16800007428863015
-0.698,0.29260502780161085,0.3939655154473105,0.16400049178764917,0.16800004794872483
-0.696,0.29270637602305555,0.39405682043208473,0.16399999810675833,0.16799985881631072
-0.694,0.29280821612762264,0.3941477011240619,0.16400009500061072,0.16800025653662765
-0.692,0.292909747577595,0.3942394567785073,0.16399997981651346,0.16800016060553205
-0.69,0.29301206152404924,0.39433071359177746,0.16400015919280972,0.16800014392506726
-0.688,0.2931132494585188,0.3944223561409565,0.16399993985417974,0.1680002023459737
-0.686,0.29321504819978356,0.39451420469982595,0.16399992021183205,0.16799993272477293
-0.684,0.29331665239975985,0.3946055851733903,0.1639999274138329,0.16799984967344814
-0.682,0.29341914103726435,0.3946957950822451,0.1640000176293981,0.1679998719197012
-0.68,0.29352043659103666,0.3947876153705588,0.1639999294220634,0.1680003395174307
-0.678,0.29362280859628603,0.3948782280740112,0.16399962252521527,0.16800001204004675
-0.676,0.29372462717758935,0.3949689214460898,0.1639999799822236,0.16800003570887362
-0.674,0.2938270480809828,0.39505921093699353,0.1640000851704287,0.16800032282627256
-0.672,0.2939293640226283,0.39514983205663035,0.16400008223852874,0.16800007328492866
-0.67,0.2940314052613619,0.3952404049400785,0.16400035450272948,0.16799986892803168
-0.668,0.29413346669881735,0.3953313055295653,0.16400000576480214,0.1680000412601119
-0.666,0.29423616339011954,0.3954211132514901,0.16400013568808258,0.16800012021257826
-0.664,0.29433885334724275,0.39551191982900386,0.1639996770512647,0.16799997669090488
-0.662,0.2944413145667776,0.3956021556277502,0.16399998998981796,0.16799985527191874
-0.66,0.2945436774083433,0.3956915927310076,0.1639999924032934,0.16799986680168333
-0.658,0.29464652953366455,0.39578299916850107,0.1639999022140761,0.16799998046942838
-0.656,0.29474926014550223,0.3958720305975702,0.16399974714259596,0.16799971097222777
-0.654,0.29485222015865753,0.3959614493272456,0.16399995535270023,0.16800015426508247
-0.652,0.2949544177808365,0.39605155827701727,0.16400015624147668,0.16800022749281382
-0.65,0.2950572160955592,0.3961410428100662,0.16400017303264366,0.1680000349546685
-0.648,0.29516014581039135,0.3962307439785558,0.16400006843363016,0.16800019359775734
-0.646,0.2952635576964895,0.3963209027197658,0.16400019835069635,0.16799998229475233
-0.644,0.2953664216036983,0.3964105151479703,0.1639997992878529,0.16799982009602635
-0.642,0.2954691364917008,0.3964997719466472,0.16399988906011653,0.16800029643275408
-0.64,0.29557224333715076,0.3965885751742532,0.16399987770851987,0.16800025672131208
-0.638,0.2956758728391117,0.39667816287209506,0.16399992060280805,0.16800000346359945
-0.636,0.2957784630081625,0.39676581916956705,0.16400017765959005,0.16800001728191014
-0.634,0.2958818823523284,0.39685675835304457,0.16400010822527375,0.16800039010484896
-0.632,0.29598499839071,0.39694558382213324,0.16399978609140323,0.16799984878762733
-0.63,0.2960889670366319,0.3970342015271342,0.1640000441685669,0.16799986614734067
-0.628,0.29619237589898223,0.39712254709969547,0.16399990013973023,0.16800009436311514
-0.626,0.2962960848364164,0.3972117716779859,0.16399978276212088,0.16800043910395968
-0.624,0.2963998774936512,0.39730009713122183,0.16400036996456957,0.16799991742272552
-0.622,0.29650341184819995,0.39738832163156035,0.16400004342581795,0.16799996055379118
-0.62,0.29660645342604497,0.39747747741084394,0.1640002588664401,0.16800021517345715
-0.618,0.29671120100826465,0.397565025704516,0.16399980494322777,0.1680000789397118
-0.616,0.2968147748171838,0.3976544598752032,0.16400015616101546,0.16800009210186706
-0.614,0.2969186863128648,0.3977416869815725,0.16400008918673403,0.16800009329737647
-0.612,0.29702296202396905,0.3978299410629417,0.163999852136359,0.16800025623654494
-0.61,0.29712703273551017,0.39791752054819013,0.16399982395449259,0.1680001388035912
-0.608,0.2972308011324145,0.39800568646323947,0.16399995362616587,0.16800003114637496
-0.606,0.29733470531531137,0.39809429567699156,0.1639998176194167,0.16799989624589057
-0.604,0.2974387437544568,0.3981817211831044,0.1640001360664966,0.16799997399546532
-0.602,0.2975428042817249,0.39826941030331653,0.16400013992158602,0.16800005706398793
-0.6,0.29764703509105256,0.3983572412954194,0.16400002711138248,0.16800025054084414
-0.598,0.2977515416389092,0.3984451253551301,0.16399996624229957,0.1679998403796476
-0.596,0.29785639986951357,0.39853213207788357,0.16400014312777994,0.16800024976767805
-0.594,0.2979603842347796,0.3986191468301274,0.16400011700842318,0.16800009036776353
-0.592,0.2980648938192903,0.3987060189560819,0.16400000411150575,0.16799992837753552
-0.59,0.2981695752814555,0.39879455969469685,0.1640002045516618,0.16799995176737617
-0.588,0.2982741049677207,0.3988813518577089,0.16399982795725512,0.16800011597866718
-0.586,0.2983789992999625,0.39896772817361875,0.16399981452516657,0.16800005086957853
-0.584,0.2984839424184912,0.3990554538070286,0.16400008091049784,0.16800023123948243
-0.582,0.29858830133505404,0.3991415546218888,0.1640001810521216,0.16800009811017877
-0.58,0.29869329783239484,0.39922875277127123,0.16399988809547544,0.16799977272850097
-0.578,0.29879842436836096,0.3993158210446139,0.16400003982419012,0.16799971899373736
-0.576,0.2989030928438083,0.39940254103016964,0.16399992037018205,0.1680000925170157
-0.574,0.2990082810088111,0.3994887305853996,0.16399991690267138,0.16800003585959597
-0.572,0.29911329290093996,0.39957530200234076,0.16400036642473778,0.16800000094743792
-0.57,0.2992188490869052,0.3996609728308904,0.16400013028118524,0.1679998178430686
-0.568,0.2993240470314873,0.39974800408163697,0.16399994280202493,0.16800021776932228
-0.566,0.2994287404520454,0.3998340622231175,0.16400003991523576,0.1679999520193352
-0.564,0.2995340154080037,0.3999206408682564,0.16400013209524483,0.16799986876705367
-0.562,0.2996395915183137,0.4000061444233208,0.16399991230603353,0.16799994185347822
-0.56,0.29974500744216964,0.40009244200471605,0.16399979854590252,0.16800006410065033
-0.558,0.29985103051934436,0.4001785662938275,0.16399977098734397,0.1679998866373876
-0.556,0.2999559152441521,0.4002636200670096,0.1639999388059192,0.16799992502888061
-0.554,0.30006181493130324,0.400350408133801,0.16399989397104647,0.16799996933422456
-0.552,0.30016688956343307,0.40043577946342634,0.16399980177449527,0.16799996163616884
-0.55,0.300273255240013,0.4005217375666608,0.16399992068501068,0.16799983584936226
-0.548,0.30037869809976914,0.40060661280473486,0.16399991990954352,0.16800016908738166
-0.546,0.30048439380387754,0.40069241435789543,0.16400002193674143,0.168000114549331
-0.544,0.3005901803407593,0.4007776153772048,0.1640000262534845,0.1680002185233588
-0.542,0.3006968689458177,0.4008628347775875,0.16399983835813065,0.16799991110847792
-0.54,0.3008032092061257,0.40094802702231375,0.16400040357663587,0.1679997674098725
-0.538,0.30090831947882013,0.40103261631447457,0.1640002933488218,0.1680001061985645
-0.536,0.30101426469928727,0.4011186008645015,0.16399996883690118,0.16800006021750988
-0.534,0.301120697800548,0.4012031790015716,0.1639999008322254,0.1679999580813758
-0.532,0.30122681377849314,0.40128771875729324,0.1640000963930426,0.16800006490909003
-0.53,0.30133273728702104,0.401373163410893,0.16399981904609026,0.16800018829818575
-0.528,0.3014399449439239,0.4014575121174342,0.1640001854891242,0.16799999435957094
-0.526,0.3015458842610699,0.4015418440221233,0.16399995918111848,0.16799991681204568
-0.524,0.30165175112822934,0.40162711340898904,0.16399992743012354,0.1680001960285735
-0.522,0.3017592699045657,0.40171132798773734,0.16400009864169826,0.16800030882789593
-0.52,0.3018658121506639,0.4017955634054274,0.16400005889548547,0.16799994863634973
-0.518,0.30197223651005234,0.40188030754438625,0.16400015060542597,0.16799995294636444
-0.516,0.30207860843093814,0.40196445289579097,0.16399974301861645,0.16799991367094752
-0.514,0.30218543849768376,0.40204802966675623,0.16400023249582474,0.16800009079212744
-0.512,0.30229172539628013,0.4021325007248768,0.16400018943734213,0.16800034143117173
-0.51,0.3023984742162685,0.4022168386680956,0.16400013245659156,0.16799982241048136
-0.508,0.30250572936888676,0.40230011118823333,0.16400015617375446,0.167999751232161
-0.506,0.30261302657926065,0.4023837312995959,0.16399992767048205,0.16799990377380694
-0.504,0.3027197083705686,0.4024680507508242,0.16400007513850354,0.1679997041730174
-0.502,0.3028266640327436,0.40255095753734566,0.1639998773092898,0.16799997298730213
-0.5,0.3029332920781735,0.40263494693927077,0.1639998838276369,0.16800005043242838
-0.498,0.3030414313370733,0.4027191959103015,0.164000060217291,0.16799998354100942
-0.496,0.30314788296620687,0.4028011780296593,0.16400022982424914,0.16800012081142726
-0.494,0.3032552303209953,0.40288499157871116,0.1639999893431594,0.1679999070311273
-0.492,0.30336252805718017,0.4029690228260841,0.1639999556294615,0.16799985671745035
-0.49,0.3034697109995493,0.4030519340008247,0.16399994208427313,0.16800028203012063
-0.488,0.30357741293266016,0.4031345752536078,0.16400011444917525,0.16800004629769605
-0.486,0.30368465862419003,0.4032176167361404,0.16399998980823596,0.16799996188006036
-0.484,0.30379265748106116,0.40330138864444615,0.16399999096008605,0.16800013485972157
-0.482,0.3038997766750781,0.4033838940984289,0.16399990056410343,0.16799975577081064
-0.48,0.30400718411989397,0.4034664795107013,0.16400009861058504,0.16799993243356612
-0.478,0.30411546576524234,0.40354958879346375,0.1639998548833925,0.16799987978386954
-0.476,0.30422273746955375,0.4036319607306211,0.1640003454096737,0.16800007204341758
-0.474,0.3043307353367297,0.403715444890356,0.16400001227605712,0.1679997560398857
-0.472,0.30443845670614267,0.403797827453486,0.16399992830526064,0.16800021333717283
-0.47,0.30454691681236584,0.40387891974354617,0.1640003565260659,0.16799987392262086
-0.468,0.30465404994166595,0.4039620029253482,0.16400023173475473,0.16800015510042576
-0.466,0.30476222259850183,0.4040438520891545,0.1640003295766265,0.16800002413581852
-0.464,0.3048709688799513,0.4041263686198949,0.16400016087926025,0.1679999036253418
-0.462,0.30497850430184625,0.4042084720135237,0.1640002075357307,0.16800004867524246
-0.46,0.30508683102401485,0.4042904827602827,0.1640000101197151,0.1679999043140964
-0.458,0.3051953148502025,0.40437246551670236,0.16400024757656725,0.1680002268261408
-0.456,0.3053038286396345,0.40445340719992584,0.16400021065817488,0.16800006992896518
-0.454,0.3054114654460797,0.4045354987832288,0.1639998575412587,0.16799973876238314
-0.452,0.30551979718877403,0.40461724922464637,0.1640001453532445,0.16799983129893123
-0.45,0.30562834399027505,0.4046987777005107,0.16399989839715504,0.16799985172949855
-0.448,0.3057366067124544,0.40478076846302363,0.16400022156766794,0.16799972275282152
-0.446,0.3058454665923538,0.40486193737412807,0.16399999153945533,0.16800022937379114
-0.444,0.3059539167946013,0.4049437379119816,0.16400000529117859,0.16800019523555978
-0.442,0.30606307462279764,0.4050244164451557,0.16399987549022718,0.16800017707224535
-0.44,0.306171245861136,0.4051066590839342,0.1640000689898952,0.16799996430281341
-0.438,0.3062794227727319,0.4051871296824086,0.16400014746612532,0.16799994536501353
-0.436,0.30638894709769604,0.4052672856810848,0.1639998856807325,0.16800015819826408
-0.434,0.3064980052109313,0.4053486714115506,0.16399984269150913,0.16800016788799674
-0.432,0.30660634369630874,0.4054294023083315,0.16399997466286342,0.1680002079710105
-0.43,0.3067154340262576,0.40551154599931366,0.1640002750432071,0.16800008912993056
-0.428,0.3068251208673403,0.40559194440776747,0.16399990684513094,0.16800001161512812
-0.426,0.30693298019242615,0.4056724859834083,0.16400018916192047,0.1680002755935271
-0.424,0.3070432404736665,0.40575264382075843,0.16399983628471407,0.16800003532466354
-0.422,0.30715163634077186,0.40583274870641906,0.1640000559900727,0.16800026478104482
-0.42,0.30726070477063455,0.40591394385832025,0.16399992590989187,0.16799993801893975
-0.418,0.30737072265135945,0.40599460983675645,0.1640003242361494,0.1679999102066389
-0.416,0.30747998301200424,0.4060744978561315,0.16400006289596714,0.16799985055491348
-0.414,0.30758954608295375,0.40615475552373276,0.16399986808579972,0.1680001326897456
-0.412,0.307698134232428,0.40623474197572806,0.16399988225945517,0.1680000474604094
-0.41,0.30780719984660654,0.4063147003191099,0.1639998608621458,0.16799995435442142
-0.408,0.3079175543672176,0.40639493358235035,0.16399990744630474,0.16800006433946219
-0.406,0.3080272623873689,0.4064742101109957,0.16400002271068514,0.16800044341483145
-0.404,0.30813641603750885,0.4065537235096286,0.16400008967510815,0.16800002877563616
-0.402,0.3082464375027077,0.40663411962791673,0.16400015971221493,0.16799965353718074
-0.4,0.30835600911862854,0.40671368773200567,0.16399984336136897,0.16800009200493068
-0.398,0.3084658967897951,0.4067933206313417,0.1639996458905926,0.16799966516900985
-0.396,0.30857555933485686,0.40687324079113624,0.16400030039149907,0.1680001078307816
-0.394,0.3086857558735195,0.40695176482944356,0.16399959853352472,0.16799998351401182
-0.392,0.30879584356394996,0.40703202935550586,0.16399985782183696,0.16799992943624006
-0.39,0.3089055663777599,0.40711142291794805,0.16399993428623724,0.1680000340221032
-0.388,0.30901538210412166,0.4071899996116342,0.1639997006042166,0.16799992551210075
-0.386,0.30912559659579686,0.4072694193741716,0.16399961786061568,0.16800010471665017
-0.384,0.30923606797190556,0.4073487406304589,0.16400013009748102,0.16799978351153264
-0.382,0.3093460330207162,0.4074271170479775,0.16399976236898517,0.16800018460651056
-0.38,0.3094563182266846,0.4075060833457745,0.16400005388332314,0.1679999390275171
-0.378,0.30956679041511737,0.4075853983970493,0.16399989099886192,0.16799984659511444
-0.376,0.3096770196357982,0.4076640341676008,0.16399992690551785,0.16800011377148744
-0.374,0.30978755974628236,0.40774278066179437,0.16400003223387735,0.1680000779926481
-0.372,0.3098979017653345,0.4078201486629038,0.16400016258489297,0.16800022485047783
-0.37,0.31000852748298463,0.407899544893876,0.1639998688428334,0.167999830223664
-0.368,0.31011926415124935,0.40797774924393065,0.1640001200284665,0.16800000578909635
-0.366,0.3102295010320179,0.40805598945316424,0.16399997853512835,0.16800037575885443
-0.364,0.31034028415171383,0.4081345051295803,0.1639998712229867,0.16799993982628791
-0.362,0.3104510484341453,0.4082126444260896,0.16399979045056096,0.16799988640026858
-0.36,0.3105617516938284,0.4082909845329095,0.16400006188469318,0.16799977895123427
-0.358,0.310672913269745,0.40836973075331595,0.164000126268832,0.1679996269497213
-0.356,0.31078352498835193,0.40844709557946524,0.1640003237298871,0.16799987994777918
-0.354,0.3108940212195926,0.4085248913225768,0.16399991236386577,0.16799988099101207
-0.352,0.31100578903931325,0.40860236211079654,0.16399999094335804,0.16800022604204906
-0.35,0.31111604795633396,0.4086801419249981,0.16400009499896398,0.1680000440062682
-0.348,0.3112274418186198,0.4087581435017719,0.1640000241012358,0.16800009479305866
-0.346,0.31133865407343875,0.4088350240823156,0.16400014580833647,0.16799995143891272
-0.344,0.3114496027630183,0.4089133028658139,0.16399982213458775,0.1680002413226579
-0.342,0.31156162383095576,0.4089911038926531,0.16400019404092858,0.16800010235937235
-0.34,0.31167235778123853,0.4090679264862683,0.1639997701268046,0.16799992663526614
-0.338,0.31178314158813303,0.40914543936636133,0.1640001082200905,0.16800009321381018
-0.336,0.3118954104662555,0.4092223948759318,0.1639999977132423,0.16799974923288186
-0.334,0.31200639638968186,0.4092999038579896,0.16400001151651777,0.1679996857545268
-0.332,0.31211829500078747,0.4093766764205608,0.164000499483416,0.16800007283323556
-0.33,0.3122292623307885,0.4094534875227015,0.16400003435005503,0.16799991821898005
-0.328,0.3123408570908378,0.40953002305134945,0.16400001406173567,0.16800026773328192
-0.326,0.3124528401824575,0.4096077444400696,0.16399986845115103,0.16800025138342264
-0.324,0.3125645138231297,0.40968402980100427,0.16399971390074103,0.16799963394256578
-0.322,0.3126758101607257,0.40976129611325574,0.16400009930740764,0.16800022338102288
-0.32,0.3127876230516233,0.40983757915955965,0.16399979158867908,0.1679999436370221
-0.318,0.3128992795046857,0.4099139974793044,0.16399981575429376,0.16800008467711805
-0.316,0.3130113751602578,0.4099903964283226,0.16400003760021098,0.1680000369324879
-0.314,0.313123824693771,0.4100662226160952,0.1639998563010775,0.16800027399432746
-0.312,0.3132354054277714,0.4101420463015131,0.16400005271674803,0.16799991435528938
-0.31,0.31334724662745084,0.4102202556790912,0.16400009902264595,0.16800001237245465
-0.308,0.31345969781127164,0.41029581197968346,0.16400021344048582,0.16799999449010086
-0.306,0.31357156111907053,0.4103716674612798,0.1640002067904578,0.16799980125779235
-0.304,0.31368366234715345,0.41044710068582235,0.16399990970749725,0.1679997833093229
-0.302,0.3137962474873331,0.4105235597027812,0.16400020356082007,0.1680001516071785
-0.3,0.31390860854634844,0.4105996880638779,0.1639998728234869,0.1680001252666486
-0.298,0.31402062088009564,0.4106745501180062,0.16400020704229945,0.1680001076688477
-0.296,0.3141333232037813,0.4107503284552848,0.1640000640603008,0.16799983226539073
-0.294,0.3142456161741027,0.4108258014638603,0.16400024676389116,0.1680000080321063
-0.292,0.3143572916123779,0.4109023637334481,0.16399948717937168,0.16799998138222658
-0.29,0.31447082059797926,0.4109774152570912,0.1640003048936076,0.16799998037790095
-0.288,0.31458303223188516,0.41105295143666637,0.16400018407146513,0.16800014732976168
-0.286,0.3146957155350028,0.4111276807384129,0.16399984970992523,0.16799994524913148
-0.284,0.31480874019761934,0.41120322973190837,0.1640001316885689,0.16799983147070818
-0.282,0.3149211157919559,0.41127868167833836,0.16400000596647465,0.16799998286947457
-0.28,0.3150337200007581,0.41135354035488175,0.16399983251434566,0.1679997704878432
-0.278,0.3151467121280772,0.41142878888904333,0.1640002100708786,0.16800012332069322
-0.276,0.3152594165161793,0.41150358066966347,0.16399990936892503,0.16799987427435545
-0.274,0.3153722515598985,0.4115780803850336,0.16399985733824926,0.16799999515113
-0.272,0.3154854823642869,0.41165316285422887,0.16399989699930048,0.16799990040559531
-0.27,0.31559899124098684,0.41172819617931145,0.16400014508176244,0.1679999726306204
-0.268,0.3157110828465895,0.4118022137477661,0.16400005651415117,0.16800029470436734
-0.266,0.3158247594771789,0.4118772527358852,0.16399993797368426,0.16799992153560897
-0.264,0.3159374986264832,0.41195123055155314,0.1639999288398344,0.16800015676814156
-0.262,0.31605020783522936,0.4120258421772256,0.16399995503565887,0.16799948448100469
-0.26,0.3161642639676949,0.4121003254036774,0.16399989355311406,0.16800023307245754
-0.258,0.3162777516668799,0.41217510085366754,0.16399986935516372,0.16799974179945013
-0.256,0.3163912088271997,0.41224840219908326,0.16400018755069862,0.16799987212602008
-0.254,0.31650451763279197,0.41232262643064915,0.16400013922760776,0.16800003937331157
-0.252,0.3166171667288862,0.4123969099246495,0.1640000230052926,0.1679997041967164
-0.25,0.3167314390252295,0.4124696370760082,0.16400011125697958,0.1679997967021443
-0.248,0.31684440021074955,0.41254470123507614,0.16400003052573986,0.1679997396015298
-0.246,0.31695865373411025,0.4126192503944519,0.16399958300255374,0.16800005400747314
-0.244,0.3170719330781323,0.41269228984047296,0.16400015602658985,0.16800021868849394
-0.242,0.3171854479100551,0.4127664299780821,0.16400024100094884,0.16800006175168278
-0.24,0.31729908374292787,0.4128407172919149,0.16400000812602947,0.16799997473971823
-0.238,0.3174127484015608,0.4129133967703238,0.16400018817056505,0.16799996757968721
-0.236,0.31752694669384485,0.41298773864788324,0.163999964171038,0.16799998515609307
-0.234,0.3176410013033668,0.413059971132722,0.16399999742855353,0.16799987446838024
-0.232,0.31775491561540176,0.4131336620454804,0.1640000679987778,0.16799992702482905
-0.23,0.31786888547695696,0.4132064821409884,0.16400003134901336,0.16800011978904805
-0.228,0.3179828769792764,0.4132804019617278,0.16399996837177075,0.16799986261573718
-0.226,0.3180971621822763,0.41335401479480155,0.1640000334057386,0.16800008528527843
-0.224,0.3182104428593707,0.41342669990651576,0.1639998813611089,0.1679999415379043
-0.222,0.3183255020681814,0.41349972451648226,0.16399985965944006,0.1680002581807953
-0.22,0.31843924298492465,0.4135720229781908,0.16399987883725656,0.16800006551949848
-0.218,0.31855430433046356,0.41364552423492335,0.16400032320347852,0.16800021586340166
-0.216,0.31866798350042586,0.41371834330640544,0.16399966238802952,0.1679998169585387
-0.214,0.3187820382382768,0.41379052720579257,0.16399995450525262,0.16799999595908358
-0.212,0.31889669544381216,0.4138639425533054,0.16400019563269153,0.16799976299913297
-0.21,0.31901141283644713,0.4139358136918684,0.16400013641475425,0.1680001788510027
-0.208,0.3191259572711339,0.4140087023244893,0.16400003282685094,0.16800001915980284
-0.206,0.3192406657064045,0.4140797672764719,0.1640001030371971,0.16799979677470295
-0.204,0.31935479950916495,0.4141530607854783,0.1640002350475621,0.1680001391539615
-0.202,0.31946898314656097,0.4142247568666147,0.16400006138581016,0.16800013232138514
-0.2,0.31958396987516774,0.4142971851132509,0.16400006643606838,0.16800011809825183
-0.198,0.31969928139296744,0.4143692910779882,0.16400001684877755,0.1679997567706497
-0.196,0.31981365020209446,0.414441151117552,0.16400007906157005,0.16799955966980176
-0.194,0.3199286554262895,0.41451323192459466,0.16399996442974618,0.16800022021764016
-0.192,0.32004367755996155,0.4145850641259088,0.1639998827527126,0.16799979242726498
-0.19,0.32015779833861596,0.4146565424724987,0.1639999266125107,0.16799961653352755
-0.188,0.32027291399362634,0.4147284402936338,0.16400018709460676,0.16800028387647126
-0.186,0.32038821611936474,0.4148001498337692,0.1639997594768274,0.16800004799496046
-0.184,0.32050335715742495,0.4148717126161151,0.16399984678231272,0.16800008008995704
-0.182,0.32061846483860884,0.41494337404327314,0.16399986316198734,0.1680002804246121
-0.18,0.32073353493184653,0.4150157355178534,0.1640000729690184,0.16799998073806968
-0.178,0.3208489559778949,0.41508508619342827,0.1639999531514996,0.16800000776355953
-0.176,0.3209642121146972,0.41515686189376977,0.16399976393145715,0.1680000891377074
-0.174,0.3210794166931419,0.4152286842050304,0.16400001230451602,0.1679999921809543
-0.172,0.3211945499891827,0.4153002118932169,0.1639996505258215,0.16799983627966708
-0.17,0.3213101398556501,0.415370682633695,0.1640000576809259,0.16799998610010783
-0.168,0.3214254669141986,0.4154421935165331,0.16400022180164064,0.1680000956333619
-0.166,0.3215411147654604,0.4155132638608153,0.16399966438301988,0.1680002230329636
-0.164,0.32165617977929617,0.41558327956135355,0.16400006798435596,0.16799984982175553
-0.162,0.3217717410445483,0.41565418878360205,0.16400016870620598,0.16800022076405174
-0.16,0.32188722884117466,0.4157244355075387,0.16399974786599197,0.16799993851842215
-0.158,0.32200353911412233,0.4157956432482942,0.16399990281179874,0.16799986119921337
-0.156,0.32211868403133814,0.41586581401252753,0.16399992873592298,0.16800000940317014
-0.154,0.32223432504618504,0.41593685453838136,0.1639998004883478,0.16800002827006597
-0.152,0.3223506460987142,0.4160074374659396,0.1639999962148201,0.1680000782399755
-0.15,0.32246674287271,0.41607804574241003,0.16399985164859257,0.16799979435800758
-0.148,0.32258226268679696,0.41614809343417763,0.1640002183860887,0.1679998989000533
-0.146,0.3226981466319057,0.4162180631146242,0.1640000287632795,0.1679995585180981
-0.144,0.32281357243771397,0.41628892070363266,0.16400021620923805,0.16799989516111782
-0.142,0.3229304684114724,0.41635820735149176,0.16399982135435293,0.1679999259074219
-0.14,0.323046049288443,0.4164284906919977,0.16399996867108801,0.16799994184390077
-0.138,0.32316245378503994,0.4164974459983755,0.16399983482424776,0.16800010574382787
-0.136,0.32327858262840414,0.4165678084708978,0.16399961200778043,0.16800018058531985
-0.134,0.3233947188807644,0.41663712396300756,0.16400030560971685,0.16800005989950526
-0.132,0.32351164639805574,0.4167081551473449,0.16399953707815307,0.16800013806044098
-0.13,0.3236265028443069,0.41677686653065416,0.16399965399102567,0.16799986868257158
-0.128,0.3237442097816724,0.41684650673345364,0.16399999843476107,0.16800042287700803
-0.126,0.32386054546294096,0.4169157973052203,0.1639998096553865,0.16799984215464311
-0.124,0.3239767920530262,0.416985355883134,0.1640001184293484,0.16799990839397116
-0.122,0.3240925897718754,0.417054569089978,0.1640000267725629,0.1680000247504344
-0.12,0.32420919222903966,0.4171246442660654,0.16400011590665975,0.1680000607934598
-0.118,0.3243261506475505,0.41719336932645823,0.16399970144776227,0.16800012051225324
-0.116,0.32444332844287616,0.41726286750255187,0.164000047634619,0.16800006676772283
-0.114,0.32455987028301647,0.4173317277631504,0.16400013879321074,0.16800009356142898
-0.112,0.3246760760383267,0.41740036707867245,0.16400009837106697,0.16799998740195796
-0.11,0.3247929673489645,0.41747005374170687,0.16400010110875915,0.16799975828287916
-0.108,0.3249098941112135,0.41753873950867176,0.16399992313988757,0.16799989936550466
-0.106,0.32502624622041043,0.4176074358128362,0.1640001072809931,0.16800021425941442
-0.104,0.32514356158274405,0.41767582959214183,0.16400002299707656,0.16800005898481044
-0.102,0.325260445257398,0.4177442233153462,0.16400031528300377,0.16800012140564438
-0.1,0.32537656960284755,0.4178129637079072,0.1640000044768613,0.16800019855844492
-0.098,0.3254946566809862,0.4178817576963741,0.1639999459143834,0.16799996373769885
-0.096,0.32561113369316935,0.4179499847732789,0.16400008743580757,0.16800012877420123
-0.094,0.3257283559350663,0.4180183404249331,0.16400002451594467,0.16800023138641174
-0.092,0.32584542491465235,0.4180869675611314,0.16399968559049982,0.1680001819052442
-0.09,0.3259627007479056,0.41815435333352,0.16400002421827264,0.1680001541039341
-0.088,0.32607985352147334,0.4182230984561641,0.16399984125020606,0.1679995710662025
-0.086,0.32619742051365536,0.4182910133623847,0.1640000000481541,0.16799976474215722
-0.084,0.3263143405911455,0.4183590612127232,0.16400013470274777,0.16800003497842197
-0.082,0.3264319395276408,0.4184271680645369,0.16399980675282852,0.16800019032541227
-0.08,0.3265495219460168,0.4184960242628881,0.16400001994509805,0.16799990866500947
-0.078,0.32666691456776537,0.41856290466254426,0.16399998876556068,0.16799969802745643
-0.076,0.32678432620886105,0.41863086673090166,0.1640002232014724,0.16799978529271944
-0.074,0.32690209019692185,0.41869824497471425,0.16399990824210775,0.1679999325335158
-0.072,0.3270199894140458,0.41876543277009454,0.16399979133661846,0.16800004596473045
-0.07,0.3271371935432699,0.4188335594761934,0.1639995602474983,0.1679995522462601
-0.068,0.32725462573104197,0.41890077446158225,0.16399996776915404,0.16800003088579454
-0.066,0.32737235822532185,0.4189684805838799,0.1639998733323661,0.16800000003940582
-0.064,0.32749052867930034,0.419035524875217,0.16400039101472624,0.16800019159498178
-0.062,0.32760872231843957,0.41910260818910094,0.16399990278700186,0.16799949837137043
-0.06,0.32772593499743824,0.41916975451789085,0.16399992662287874,0.168000226283394
-0.058,0.3278440786958941,0.4192375694309596,0.16400005275449211,0.16800010718099637
-0.056,0.327961614310967,0.41930443869394113,0.16399999475709368,0.16800021665605142
-0.054,0.3280803804336405,0.4193709786511095,0.16400016646740903,0.16800028314530496
-0.052,0.3281975071263261,0.4194371910700845,0.16400022282095697,0.16800016619107944
-0.05,0.3283165454419689,0.41950480017349817,0.1640002056084306,0.16800026801224743
-0.048,0.32843416188496966,0.4195717385534995,0.16400004067918592,0.16799969002730172
-0.046,0.3285524653709966,0.419639061301093,0.1640003293188751,0.1680000466053074
-0.044,0.328670264698818,0.41970489731325333,0.16400018689574108,0.1680000762760434
-0.042,0.32878877970493514,0.4197707158547467,0.16400025748108024,0.16800000415865898
-0.04,0.3289079201886398,0.41983701451380284,0.16400002483681878,0.16800001028764303
-0.038,0.32902556956120765,0.4199040517017519,0.16400000070186183,0.16800005470109952
-0.036,0.3291437084581067,0.4199701799375749,0.16400017286967203,0.16800037803429432
-0.034,0.329261639672318,0.42003604026349295,0.16399999345599373,0.16799997548123893
-0.032,0.329380914710309,0.42010365266939637,0.1639999024527546,0.16800011029251363
-0.03,0.32949884739043833,0.4201692101567142,0.16399982683246947,0.1680005039826314
-0.028,0.3296179556120606,0.42023549125932275,0.16399996627494087,0.1680001293230616
-0.026,0.32973647020417585,0.4203013479169569,0.16399979622872896,0.16800012368740658
-0.024,0.3298550722183845,0.4203671011063535,0.16399984440499182,0.16799992370839095
-0.022,0.3299731275447582,0.42043389317012064,0.1640002341275516,0.1680000122895942
-0.02,0.33009225556725147,0.4204994151806608,0.16400039570375058,0.1680000426813302
-0.018,0.33021120058566356,0.42056371069449083,0.16400009642829508,0.1680000598497858
-0.016,0.330329932915853,0.4206303731254507,0.163999708226171,0.1679999377162043
-0.014,0.33044861014965105,0.4206952583865235,0.16400022117542865,0.1680001927750419
-0.012,0.3305676693319264,0.4207610600424778,0.16399996400157515,0.16800009171553565
-0.01,0.3306866846279161,0.4208265638263653,0.16400013912051453,0.1680001681736178
-0.008,0.3308056077303385,0.42089210289991735,0.16399986359465268,0.1679998782368246
-0.006,0.33092523568758025,0.42095784075282555,0.1640001446474101,0.16799986651310908
-0.004,0.33104379728825994,0.4210222678615349,0.16400012916915954,0.1679999947940204
-0.002,0.3311628491634798,0.4210881077053426,0.1640000408728851,0.16799995948308272
0.0,0.33128167793660906,0.42115315358386296,0.1640000873505681,0.1679999087749219
0.002,0.3314013206619737,0.421218270864265,0.164000269572308,0.1679998961214914
0.004,0.33152068297440174,0.42128326160223123,0.1639998686205477,0.16800000035039564
0.006,0.3316394985583269,0.42134691430103427,0.16400008320809242,0.1680003362797288
0.008,0.3317590257070354,0.4214128224713753,0.16400001162407188,0.16799970809821088
0.01,0.3318786017380631,0.4214780800454288,0.1639999041771631,0.16800013510323294
0.012,0.3319976171963084,0.4215423953121033,0.163999768010419,0.1680002073577105
0.014,0.3321170670551018,0.42160675921764523,0.16400009583275693,0.16799983606818147
0.016,0.33223696022781074,0.42167123271605317,0.16400005503814777,0.16800007166444722
0.018,0.3323562970751584,0.4217370280788984,0.16399969711601095,0.16800010510290672
0.02,0.3324759669336642,0.42180079764266887,0.16400033704733,0.16799995228655296
0.022,0.33259497407337546,0.4218639701511591,0.1639998657310371,0.1679997965414977
0.024,0.3327148713924086,0.4219295091557985,0.1640000380642592,0.16799979308526003
0.026,0.33283432567874827,0.4219922672081177,0.16400006568302677,0.16799995732227158
0.028,0.3329543180335609,0.42205745906394126,0.16399993363439705,0.16799990534446826
0.03,0.3330740707025874,0.42212165172352106,0.16399984902187692,0.16799997193781496
0.032,0.33319413009463006,0.4221854182080237,0.1640000576362735,0.16799995645051236
0.034,0.3333134789436059,0.4222493630622991,0.16400023541099862,0.16800006636425494
0.036,0.33343358395483186,0.42231349339069835,0.16399984835541168,0.16800000790732655
0.038,0.3335536568694707,0.42237749746782893,0.1639998304948073,0.16800002233286254
0.04,0.33367327531875146,0.4224407865903539,0.16399981982224746,0.1679999025987074
0.042,0.333793452758896,0.4225043407215131,0.16399985147166335,0.16799992143025586
0.044,0.33391400552699513,0.4225679372117469,0.1640001738138217,0.16800048727829056
0.046,0.33403394480824233,0.42263130012106676,0.1640002145100209,0.16799974712628354
0.048,0.33415366289595766,0.4226953163773351,0.16400037866490064,0.16799981051110782
0.05,0.3342742101625216,0.42275846294974906,0.16400001671531927,0.16800008838285224
0.052,0.33439428198732934,0.42282119178350674,0.16400009078866148,0.1680000560122979
0.054,0.33451468572583937,0.4228854910835283,0.16400007084251725,0.16799977460476576
0.056,0.3346352214913811,0.4229482268366462,0.16399982409066055,0.16800016344653393
0.058,0.3347552841714887,0.4230110568387887,0.1640000006729836,0.16799992894970142
0.06,0.3348758684371304,0.4230750896589392,0.16400016290661867,0.1679999925356218
0.062,0.3349959180205971,0.4231373826284445,0.1639999521242518,0.16799987395611804
0.064,0.3351166790214052,0.42320066146322055,0.1639998192333817,0.16800007799684505
0.066,0.3352372573877346,0.42326398164581375,0.16400014440251987,0.16799989674646743
0.068,0.33535748058083914,0.42332649636686936,0.16399975634709102,0.1680000878667035
0.07,0.3354784233221627,0.4233900207857924,0.16400025599209414,0.16799998831298987
0.072,0.33559974745547894,0.4234516961467628,0.16400000649460322,0.168000310124148
0.074,0.3357197112748777,0.4235141501276383,0.1640002425846215,0.16800003495991706
0.076,0.33584062174306817,0.42357659962325067,0.16399983232244802,0.16799991774939277
0.078,0.3359612001255373,0.4236395118240602,0.1640002416327076,0.16800011328943185
0.08,0.33608193063160996,0.4237014585874837,0.16399987613147923,0.16800005795525544
0.082,0.3362033880441298,0.4237644355729934,0.1639998166455651,0.16799999910792782
0.084,0.33632336281540304,0.4238261420825996,0.16399990482771737,0.1680001136668446
0.086,0.3364448322876132,0.4238885249832338,0.16400013544803896,0.1679998106429164
0.088,0.3365666689492544,0.42395076448974295,0.16400016498125586,0.16799980113121799
0.09,0.33668621559805595,0.4240125549347106,0.16399999262428872,0.16799989706763296
0.092,0.3368080343138221,0.424074315692836,0.16399998998792004,0.1679999733473567
0.094,0.33692871198320723,0.4241363827191563,0.16400012811746378,0.16799997948042386
0.096,0.3370496855780121,0.42419800909931027,0.16400010645619048,0.16799999202410237
0.098,0.33717101697977164,0.4242598631851525,0.16400013912418596,0.1680002173324193
0.1,0.33729198704149943,0.4243217935040176,0.16400008254391396,0.16799987975408684
0.102,0.3374131097503964,0.42438398316170844,0.16399979137516596,0.16800018048944054
0.104,0.33753529545332617,0.4244451910888341,0.1640002736874209,0.16800020694343504
0.106,0.33765615385774417,0.42450710416828635,0.1640000349044975,0.16799990212343563
0.108,0.3377775066960276,0.42456811911600395,0.16400011554635247,0.168000313545629
0.11,0.33789917761281024,0.4246296912498745,0.16400014142169742,0.16800010192005102
0.112,0.33802080668542456,0.4246907004983024,0.1639997583335044,0.16799995163821
0.114,0.3381420226801374,0.42475235655815136,0.16400004396653842,0.16800020290423107
0.116,0.338264126506779,0.4248133599390767,0.1639999369167502,0.16800011399800086
0.118,0.33838506935835094,0.4248742805935723,0.16399994126022505,0.16800000371883592
0.12,0.33850669730605837,0.42493566222118395,0.16399989363344944,0.16799995098575685
0.122,0.33862855389738034,0.4249964733414829,0.16400019083943976,0.1679998841166009
0.124,0.33875000884508255,0.42505741456961843,0.16399970850722143,0.16800021560324652
0.126,0.33887234756347717,0.42511941298981115,0.16400010531988676,0.1679998311968186
0.128,0.338993936161201,0.4251793268284818,0.1640002202128361,0.16800024639940347
0.13,0.3391152556290955,0.425241146000863,0.16399981954718237,0.16800025403413735
0.132,0.3392372589174062,0.42530105952311503,0.16399990870828554,0.16799978526796414
0.134,0.3393588934484684,0.4253614250695508,0.16400010547929933,0.16800016232540319
0.136,0.3394817539718331,0.4254212182967579,0.16399980425061728,0.16800004070078345
0.138,0.3396032548397295,0.42548269204190675,0.16400016739705803,0.16799950221033483
0.14,0.33972474595344665,0.4255430347808801,0.16400006896562142,0.16799991481506305
0.142,0.3398470588574513,0.4256036972684467,0.1640002773190052,0.16799986404893585
0.144,0.3399695077889108,0.4256636486453445,0.16400020881893487,0.16799969444013865
0.146,0.3400917451772234,0.4257240299239428,0.16400000367649825,0.16800011291643202
0.148,0.34021342540069455,0.42578348755128403,0.16399999075096205,0.16799977687777007
0.15,0.3403354217049107,0.4258438374022843,0.1640002992441211,0.16800010726003287
0.152,0.34045830307100633,0.42590400668765177,0.16399960506813088,0.16800022376019763
0.154,0.34058018375981813,0.4259645793160359,0.16399952262890471,0.16799998684144593
0.156,0.3407023847444376,0.42602372110392384,0.1639999541016902,0.16799990559076702
0.158,0.34082501047207536,0.42608355548075133,0.16399983979397073,0.16799976565819857
0.16,0.34094749929225976,0.42614347684304577,0.164000147464399,0.1680000007432428
0.162,0.3410702738870116,0.4262029916102286,0.1640001700973936,0.1679998191621584
0.164,0.34119253598229055,0.42626350582075895,0.16399980291701935,0.16800032115578406
0.166,0.3413146588504808,0.42632318890135973,0.16399965974899336,0.16799975911634596
0.168,0.34143765982906865,0.42638191514810575,0.16400023208262798,0.16799989761023335
0.17,0.3415595702671001,0.42644166507171716,0.1639996724251405,0.1679998774550059
0.172,0.3416815174202061,0.4265015177620763,0.16400020915995514,0.1680001083252877
0.174,0.34180478114462187,0.42656017507959565,0.1640001911585767,0.1679999755695077
0.176,0.34192798483265724,0.4266191453399033,0.1640000810533281,0.1680000679695052
0.178,0.3420509678110209,0.42667907196617244,0.16400015840954874,0.16799993097033022
0.18,0.3421733402350779,0.4267375389615772,0.16400019838692956,0.16800017081274504
0.182,0.3422965752576786,0.4267964888807696,0.1639997081501836,0.16799992134252537
0.184,0.342418760327168,0.42685658769137413,0.16400031760620276,0.1679999536262566
0.186,0.3425418991549587,0.42691521428395524,0.16399996001707015,0.1680000280223827
0.188,0.342665505458389,0.4269739308543003,0.1640001615537547,0.16799999029445553
0.19,0.342788319074113,0.42703233708430705,0.163999908921371,0.16799983045364072
0.192,0.34291055770783735,0.427091916124435,0.16400030064829194,0.16799989909139662
0.194,0.34303361422414563,0.42714981999562746,0.1639999157373979,0.1680001624798897
0.196,0.34315663336080093,0.42720784569702025,0.16400005372693316,0.16800003908759858
0.198,0.3432798501629109,0.4272673575230062,0.16399987560405724,0.16800031598443574
0.2,0.3434038433012249,0.4273255599477332,0.16400000627889652,0.16799997805753772
0.202,0.34352576340013635,0.4273844655914317,0.16400007348071172,0.16800021970112108
0.204,0.34364988722806583,0.4274426667570425,0.1640000901516639,0.1679996982543456
0.206,0.34377211979310884,0.4275010233411926,0.16400016341835305,0.1679995772518368
0.208,0.3438963375852859,0.42755889238591865,0.1640000945841306,0.16799985189536767
0.21,0.34402013370433115,0.42761722401787344,0.16399987672534036,0.16800003618455348
0.212,0.34414292999925955,0.42767476108322794,0.16400020416373412,0.16799981931791824
0.214,0.3442662687797079,0.4277338390443771,0.16400021535078993,0.16800014796889307
0.216,0.3443899620701404,0.42779043115759313,0.16400000882145443,0.16800006344904675
0.218,0.3445132740060088,0.4278495792913936,0.16399970880225684,0.1680001330378967
0.22,0.3446370062985419,0.4279063400821067,0.16400005094467687,0.1679998265300182
0.222,0.34476080624070493,0.4279645352902549,0.16399978532834988,0.16800026624281572
0.224,0.3448838624935089,0.4280224348271781,0.16400018329315305,0.16799989803205928
0.226,0.3450077814739179,0.42808046386585014,0.1640002461008288,0.1679998080199694
0.228,0.3451313435587278,0.4281367629548712,0.16400013216091244,0.16800013800162472
0.23,0.34525437591430236,0.4281952769091665,0.16399993653630088,0.16799994791500433
0.232,0.34537986442317953,0.42825221552290055,0.1639997559306439,0.16799983624125475
0.234,0.3455032340961773,0.4283102602757055,0.16399998549795278,0.1679997858465817
0.236,0.34562622329868015,0.42836752236795644,0.1639998406800299,0.16799978616436578
0.238,0.34575051681783725,0.4284247820869189,0.1639998758863596,0.16800020283781167
0.24,0.3458744879070339,0.42848177730484355,0.1639997092076231,0.1679999659023923
0.242,0.34599899966256537,0.4285388578090086,0.1639999023186798,0.16800024063992133
0.244,0.3461223446214255,0.42859563663412864,0.16399995518597757,0.1680000026960342
0.246,0.3462458575235599,0.4286534258407828,0.16399992373890354,0.16800016002230458
0.248,0.34637062642776384,0.4287097020932594,0.16400016231670841,0.1679999047005876
0.25,0.3464937979340945,0.42876636100909254,0.16399973222968983,0.16799995577103502
0.252,0.3466183725188481,0.42882322828771047,0.1640000958071162,0.16799994634056845
0.254,0.3467425681166968,0.42888058185906247,0.16399983755284164,0.16800023726785512
0.256,0.3468674713707669,0.4289365773074574,0.16400004506248705,0.1680002345591381
0.258,0.3469912461507604,0.4289939774262709,0.16399969113651755,0.16799980194546701
0.26,0.3471163625519889,0.4290504380035982,0.16400000915569143,0.16800020132790122
0.262,0.3472396842620161,0.42910738285814115,0.16400013033107874,0.16800002625418503
0.264,0.3473642235061904,0.4291631263390182,0.16400000423265707,0.1680001202253269
0.266,0.3474883318006908,0.4292200987502274,0.16400002854047702,0.1680000509491165
0.268,0.34761354743061984,0.4292756290990706,0.16399982345564157,0.16799995799487655
0.27,0.34773836706580413,0.42933177431740577,0.1640003332918606,0.16799970143192783
0.272,0.34786228374807565,0.4293880665046454,0.16400009892097314,0.16799977497967267
0.274,0.34798695121170836,0.4294442424047322,0.1640000524312365,0.16800005186959052
0.276,0.34811115045015,0.4295005269460095,0.1640000457604254,0.16799992884011178
0.278,0.3482362253252326,0.4295570838254417,0.16400002360768526,0.16799986895053398
0.28,0.3483602447085156,0.4296123652824763,0.16399992492712487,0.16800017450087137
0.282,0.34848467329387,0.4296688416575482,0.16400001215923696,0.1679996815638422
0.284,0.34861035080166036,0.4297233813617354,0.1639999475755374,0.1680002892250337
0.286,0.3487345941181475,0.4297807083918069,0.16400001549446694,0.1680002668923874
0.288,0.3488600322458571,0.42983606596569807,0.16399995903709844,0.16800022426895295
0.29,0.3489845196043443,0.429891403292817,0.16400004669089244,0.16800001514277962
0.292,0.3491088930200506,0.42994687197877357,0.16399996256903981,0.16799994144697267
0.294,0.34923368225050666,0.4300019880118531,0.16400032004040102,0.16800000096583864
0.296,0.34935908674787525,0.4300575221878425,0.16400024489353437,0.16800014141094424
0.298,0.34948415949707456,0.43011346805030326,0.16399963704273982,0.16799982422242654
0.3,0.3496094062693465,0.4301686803919298,0.16400027077154752,0.16799998376894648
0.302,0.34973382466664427,0.43022437727428425,0.164000002331259,0.167999855687329
0.304,0.3498590782537508,0.43027876283852223,0.16400043197949188,0.16799983147273276
0.306,0.34998409688468324,0.43033422755914275,0.16399999073254617,0.1680001009024292
0.308,0.3501093711112534,0.4303889075776492,0.16399956925390688,0.16800042272335236
0.31,0.3502347583547835,0.4304448924595776,0.16399972500412116,0.16800006799127373
0.312,0.3503599414598305,0.43049911338667335,0.1639997813527251,0.1680001117750136
0.314,0.3504851682574703,0.43055398615379975,0.16400004507634125,0.1679998755105642
0.316,0.35061025697138815,0.4306085216347918,0.16400007466971112,0.16800014737391952
0.318,0.3507363401210579,0.43066356655718974,0.1639997707915211,0.1680000719852997
0.32,0.35086127511552706,0.4307187884265903,0.1640001769433404,0.16799967088666568
0.322,0.35098641466457575,0.43077305314907277,0.16400003264066457,0.16800024449518844
0.324,0.35111245841036615,0.43082818638250525,0.16400017662997052,0.1679996532957626
0.326,0.3512376493134448,0.43088204585376194,0.16399970096598138,0.16800007357218877
0.328,0.35136288161471063,0.43093628426768454,0.16399977660719345,0.16800014942300345
0.33,0.35148861333727505,0.43099057871191326,0.1640001035022506,0.16799989400830637
0.332,0.351613612889651,0.4310454460685642,0.16400020767555046,0.16799995845256036
0.334,0.35173952658742913,0.43109915734823634,0.16400006549448565,0.16800005457220682
0.336,0.3518657046223487,0.43115353090006064,0.16399969046015672,0.16800017998818637
0.338,0.3519905761783702,0.4312075492365959,0.1640003043981724,0.1680002173966758
0.34,0.3521169019021365,0.43126126083039695,0.1640000020810419,0.16799966674185307
0.342,0.35224240328385586,0.431317123369845,0.16399998867399343,0.1679998594195314
0.344,0.3523678823700126,0.43137002349111214,0.16400015638862833,0.16800027036388065
0.346,0.3524943094521371,0.4314240739232296,0.1639997916285099,0.16800005910470328
0.348,0.3526200592088595,0.4314772973483576,0.16400010916021865,0.1679999206724919
0.35,0.352745922163353,0.43153126004476944,0.16400028885439724,0.1679996842171419
0.352,0.352871932942832,0.43158486619801173,0.16399992524746043,0.16800004114630612
0.354,0.35299823997833324,0.43163852805825786,0.1639998783335235,0.16799988911282338
0.356,0.35312410001926503,0.43169245773930676,0.164000109392873,0.16799952772188684
0.358,0.3532498523337948,0.4317448539444603,0.16400013454587695,0.16800007827710559
0.36,0.35337568977018324,0.43180023006526175,0.16400000373040266,0.16799989350443315
0.362,0.353501923684848,0.4318525145820165,0.16399994179031266,0.1679999390704396
0.364,0.3536281367196235,0.43190661025771127,0.16400012184106463,0.16800009829532472
0.366,0.3537543672064293,0.43195947251507316,0.16399986306920714,0.16799987746892944
0.368,0.35387991660505047,0.4320122399125333,0.1640001294058171,0.16800018274465414
0.37,0.354006953290383,0.43206589212897784,0.1640000921163115,0.1679998888581086
0.372,0.35413241988402544,0.4321196699863927,0.16400010547390023,0.1680001978583817
0.374,0.35425872895743715,0.432172091230787,0.16400019453412315,0.16799985965753436
0.376,0.35438554875625977,0.43222576708626037,0.1639999147925302,0.16800028223662855
0.378,0.354511858832172,0.4322781619139588,0.1640001108022273,0.1680001479794453
0.38,0.3546384049005577,0.43233086380928937,0.16399973379276925,0.1680000394533968
0.382,0.3547648340710426,0.4323829293106595,0.1640000826134594,0.16799969189141792
0.384,0.3548910869282555,0.43243570653919083,0.16400011162946454,0.16800015949740657
0.386,0.3550174832374147,0.4324888522673742,0.1639998405774848,0.16799989222214903
0.388,0.35514421517686506,0.43254218073019407,0.16400029530214794,0.16800019744881897
0.39,0.35527118659962476,0.4325946497262125,0.16400008562371388,0.16800001679093782
0.392,0.35539818446517535,0.432646220601505,0.163999992667394,0.16800023529221325
0.394,0.3555243431601645,0.4326979504409031,0.16400009690594425,0.16800012755442847
0.396,0.35565081496806283,0.4327519813360336,0.16400014009791652,0.1679996160071061
0.398,0.3557778893158784,0.43280422807262003,0.1639998037956946,0.16799996752936605
0.4,0.35590443340879,0.4328562172087683,0.16399967460902323,0.16799991159499664
0.402,0.35603117829041103,0.43290865739802437,0.16400003784237724,0.1679999615146394
0.404,0.3561580873693826,0.4329604470396237,0.1639999319913989,0.16800009265720953
0.406,0.35628415609741004,0.43301195448957774,0.16399979457988342,0.16800008895720098
0.408,0.3564118692768011,0.43306483909969984,0.16399988745199814,0.16799996171008227
0.41,0.3565384708210097,0.4331167795124517,0.16400008555376167,0.16799980646530677
0.412,0.3566659940279394,0.4331689540417831,0.16399999390662673,0.16800000158792486
0.414,0.356793170030965,0.433220507260742,0.164000197080403,0.168000118381864
0.416,0.3569195275966789,0.43327276881165466,0.16399999777814683,0.16800008493014124
0.418,0.3570463983776628,0.43332405012828445,0.1639999293271868,0.1679998831930347
0.42,0.35717406720234696,0.43337582125077256,0.16400011466009753,0.16799975154045177
0.422,0.35730048529670544,0.4334263504615026,0.1639998855481032,0.16799980238152162
0.424,0.35742857143611934,0.43347841300017365,0.16399975812004566,0.16799966069413258
0.426,0.35755534945450407,0.4335299899455369,0.16399982348399766,0.16799978880322483
0.428,0.35768244757093876,0.4335815468815297,0.163999767914912,0.1680001660302538
0.43,0.35780918788670596,0.4336325594829991,0.16399983860694126,0.16799981153844212
0.432,0.3579376453284061,0.43368312097612965,0.1639997579276387,0.16799988525161796
0.434,0.35806463591331805,0.4337348706204098,0.1639998355390585,0.1680001093485315
0.436,0.3581916688197017,0.4337871805452712,0.16399981075425077,0.16800022455069566
0.438,0.35831995926172927,0.43383786561689675,0.16400033563003014,0.16799993518766268
0.44,0.35844669040725163,0.43388822116223547,0.1640000173896259,0.16800025244578123
0.442,0.3585737294913619,0.4339386912324744,0.16399997417057158,0.16800021934601386
0.444,0.3587017566688121,0.4339904521501985,0.16400008306506456,0.1680000912299748
0.446,0.35882869271438705,0.4340405927956442,0.16400005286819905,0.1679999846934161
0.448,0.3589572990065362,0.43409217785933507,0.1639998201315391,0.16799981669063574
0.45,0.35908434387519883,0.43414347980497037,0.16400003280947487,0.16799989174068544
0.452,0.3592118968721998,0.43419363872415995,0.16399978571777193,0.16800009227832388
0.454,0.359339649954351,0.43424438442420943,0.16399973080956987,0.16800005099196005
0.456,0.35946730305432584,0.43429467949460426,0.16400013599272473,0.16800016044028784
0.458,0.35959495243948975,0.43434562249157627,0.16400017990218724,0.16800009299491728
0.46,0.3597229147624316,0.4343960767629019,0.16400000774263318,0.1679998186066611
0.462,0.3598504163330897,0.43444705544954343,0.16399986602929031,0.16799976818507703
0.464,0.3599782237030923,0.4344968194090503,0.1639998745819402,0.16800051078722475
0.466,0.3601058617322367,0.4345469272880777,0.16400000769683148,0.16799961641889793
0.468,0.3602344548620388,0.43459694320001213,0.16399977616986405,0.1679999767995828
0.47,0.3603617535761844,0.43464713787316517,0.16400006290546076,0.16800001439612136
0.472,0.36049072956541806,0.4346968836768251,0.16400010337689858,0.16799986769987607
0.474,0.36061814216361476,0.43474747443121525,0.16399985324849373,0.16800018075359363
0.476,0.3607460797008401,0.43479794282194184,0.1640000977227763,0.1679999894380712
0.478,0.3608743084525184,0.43484778861115864,0.16399992933107144,0.1679999761642058
0.48,0.3610015483771761,0.43489800715687804,0.1639997288344805,0.16799981912883144
0.482,0.3611304564647259,0.43494690343616704,0.16400019849867284,0.1679999545686735
0.484,0.36125816452042614,0.4349969581685278,0.16400007061892388,0.16800006255338326
0.486,0.36138635595149365,0.43504722054606215,0.1639998174549981,0.16800002865770422
0.488,0.36151451857146916,0.43509592432990424,0.16400017580257775,0.16799998054587875
0.49,0.36164337892497966,0.43514635755110387,0.16400013915158257,0.16800012844855128
0.492,0.36177102152036317,0.4351949885504257,0.16400026334832515,0.16799991588177715
0.494,0.3618992712320333,0.43524498871392936,0.1639997687150949,0.16799979195531722
0.496,0.36202802826715524,0.4352942242304463,0.16399987802889218,0.16800005209590888
0.498,0.36215641169415713,0.43534269407344006,0.16400015052168407,0.16799987897211166
0.5,0.36228411173244085,0.4353925934300654,0.16400013376379713,0.16799991598957478
0.502,0.3624130834278748,0.4354417352602032,0.1639997952363759,0.167999915395531
0.504,0.3625421777588192,0.4354910160973778,0.16399997365520314,0.16800011499046388
0.506,0.36267034593459885,0.435540007814411,0.1639999356664259,0.1679997921982267
0.508,0.3627981691280712,0.43558923605507543,0.1639999230164294,0.16800000364749904
0.51,0.36292724418013383,0.43563853391735036,0.16400016998664532,0.16799999700145649
0.512,0.3630558117793063,0.4356872495869386,0.16400023233075128,0.168000255118438
0.514,0.3631844296682493,0.4357361686793399,0.16399982051218367,0.16800022405047763
0.516,0.36331325877789256,0.4357850403584215,0.16400014684204778,0.16799983994948353
0.518,0.3634419057925626,0.4358342709501371,0.163999911533802,0.167999971685468
0.52,0.3635706292871691,0.43588206450815165,0.1640000319219577,0.1680001410108211
0.522,0.36369883721534024,0.43593047333860657,0.16400025294464424,0.16800021033767198
0.524,0.3638274877321438,0.4359798992165194,0.1640000142137032,0.16799999237035163
0.526,0.36395723333457636,0.4360284550872072,0.16399974753236857,0.16799982604703434
0.528,0.3640850638536724,0.43607735579883555,0.16400022711450904,0.1680000229870747
0.53,0.3642136263088636,0.4361255283680579,0.16399974973939405,0.16799980497009123
0.532,0.36434348273117917,0.4361732933635645,0.16400027221009938,0.16799997646920867
0.534,0.3644720377278473,0.4362217134127837,0.16400027215441598,0.16799974963084846
0.536,0.36460134473837186,0.4362693005870997,0.16399992890072704,0.16800001764755954
0.538,0.3647303334217429,0.4363176594574063,0.164000232505486,0.16800000113476696
0.54,0.36485943768666107,0.43636622898396515,0.1640000174777253,0.1680000862559187
0.542,0.36498890705737,0.43641493809521437,0.1640001537390147,0.1680002272234692
0.544,0.36511756284223956,0.43646291541719623,0.164000091822149,0.1679999454594021
0.546,0.3652460576260159,0.4365105458578352,0.1639998564212403,0.16799995732443473
0.548,0.36537594628922626,0.436558604993036,0.16399969005716547,0.16800012299354466
0.55,0.36550540332805237,0.436606412967277,0.16399993847295732,0.16800003209012448
0.552,0.36563440658862256,0.43665432046908664,0.16399990466617176,0.16799995947192078
0.554,0.3657633837181559,0.436701280320921,0.1640000098060664,0.16800010202210666
0.556,0.3658925477204808,0.4367499777705178,0.16400002242499764,0.16799992272551165
0.558,0.3660222212091749,0.4367973125456388,0.16400000994471356,0.16800008058381882
0.56,0.36615178759324624,0.43684399945886354,0.1639997094132414,0.16800001955083194
0.562,0.3662811813390642,0.4368918752633313,0.16400002456812204,0.16799984784977207
0.564,0.3664102225015162,0.43693980111899855,0.16400017210593434,0.16800018121772803
0.566,0.3665394931815647,0.43698679281013597,0.16399994342376753,0.1679996127131705
0.568,0.36666951487583643,0.4370347807638826,0.1639999787844676,0.16799992415732187
0.57,0.36679810349933195,0.43708162295707553,0.1639999888368215,0.16800021762257003
0.572,0.3669289799043873,0.4371290157041166,0.1640002145392886,0.16800008834394478
0.574,0.36705731772269934,0.43717609801079205,0.16400001396291575,0.16799976712072165
0.576,0.36718724011437426,0.43722352042217294,0.1639999461372532,0.1679999504345925
0.578,0.3673169143205761,0.43727035842313544,0.16399996303001446,0.16800027280701194
0.58,0.36744684888773455,0.4373164718543882,0.16400004762979564,0.1680001213112608
0.582,0.36757646269675837,0.4373641300539822,0.16400003641429936,0.1679999929104522
0.584,0.36770592064885976,0.4374103626996391,0.16400026705490472,0.16799991922389254
0.586,0.3678362008471728,0.4374583648208803,0.16399997674830688,0.16800021438738486
0.588,0.36796622474987767,0.43750407420217624,0.1640002520271437,0.1679998567848231
0.59,0.36809588823334227,0.43755107646679897,0.1640000459886812,0.1679998906430927
0.592,0.368224047574515,0.43759832691733835,0.16400010409585497,0.1679998327742586
0.594,0.3683549965501708,0.4376447409269552,0.16400034521086593,0.16799969183291336
0.596,0.3684848777613836,0.43769175701569696,0.1639996541689489,0.16799978667756288
0.598,0.3686155283414169,0.43773763420867035,0.1640001597170689,0.16799982414194015
0.6,0.3687448260416726,0.43778401633754155,0.16400014685472772,0.1680001313326573
0.602,0.36887468902794346,0.43783012714378616,0.16400016880230472,0.16799991970199243
0.604,0.36900507464836174,0.43787698834234756,0.1639998336952239,0.16799983324569168
0.606,0.3691352902941568,0.4379223415504681,0.16399996689089288,0.16800022646845397
0.608,0.3692660418453131,0.4379687035770001,0.16399988293604345,0.1680002378003946
0.61,0.3693949692611492,0.4380152771344679,0.16399979411165755,0.16799999390664344
0.612,0.3695249574082999,0.43806103093665555,0.16400005408362608,0.16799984444138563
0.614,0.36965586003390843,0.4381077842352333,0.1639998765858027,0.16800017245395246
0.616,0.3697857905904374,0.43815299882858555,0.1640002531120849,0.16800009521277
0.618,0.369915487273884,0.4381991941516814,0.16400010235351273,0.167999971014924
0.62,0.37004588178324876,0.43824463317837986,0.16399996891993288,0.16799988915118688
0.622,0.3701763001714606,0.43829013598955985,0.1639998986346263,0.16800000255167535
0.624,0.37030674840420086,0.43833607600041824,0.16399995431380415,0.16800010716537878
0.626,0.3704371619513724,0.4383824614152541,0.16400002113118567,0.16799992873967184
0.628,0.3705670138240211,0.4384280590549953,0.16399982233512683,0.16800002051966342
0.63,0.370697268542537,0.4384726515072786,0.16399993516513953,0.16799999225047532
0.632,0.37082868736862035,0.4385186020901059,0.16399971548361897,0.16799981501441452
0.634,0.3709582941853628,0.43856358648853,0.16399974994900018,0.16799993628197182
0.636,0.37108982615772007,0.4386093287875679,0.1640001519315881,0.16800004809822075
0.638,0.37121890633232835,0.4386550408535583,0.16399984632693337,0.1680003160645548
0.64,0.3713505950291088,0.4386997846296799,0.16399994642284335,0.1679998986220895
0.642,0.3714805668132856,0.43874577457927805,0.16399997127239235,0.16799982391718682
0.644,0.3716115658906876,0.4387914447309803,0.1639999785932155,0.1679996782216085
0.646,0.3717419147506003,0.43883578024835257,0.16400041948728036,0.16799979271057347
0.648,0.3718725527998594,0.4388817385574063,0.1640001168873999,0.1679999793294506
0.65,0.37200327840631814,0.4389263193478431,0.1640000044386005,0.16799995388039138
0.652,0.37213464794913403,0.43897060728286386,0.1639998924559688,0.16799993660602672
0.654,0.3722654508072033,0.43901562364520236,0.1639998798105432,0.16799963984197155
0.656,0.3723957137105593,0.4390602525256408,0.1640000303970757,0.1679999948798987
0.658,0.37252610029738487,0.4391055039457391,0.16400019059825868,0.16800006804065729
0.66,0.3726576061406093,0.4391497746591346,0.1639999527295745,0.16799978210788127
0.662,0.3727877669158213,0.4391950576983152,0.16400008936994195,0.16799992439500094
0.664,0.3729184771039106,0.4392396552174663,0.16399996920171153,0.1680000864523104
0.666,0.37305020185285276,0.4392845402417759,0.16399998201340768,0.1679997928157935
0.668,0.3731801342021897,0.4393285703642925,0.16399991490024124,0.1679997899071119
0.67,0.3733116603813255,0.43937367011157585,0.16400014389403514,0.16800015466377746
0.672,0.3734435210437833,0.4394175030923663,0.1640000437376358,0.16799994281777547
0.674,0.37357348512572003,0.43946172467868266,0.16400006099137068,0.16800002161345984
0.676,0.37370489002146323,0.4395059958829781,0.16399999083551148,0.16800003320515475
0.678,0.37383628693556037,0.4395511733530822,0.163999797259896,0.16800013545861014
0.68,0.3739671053201062,0.43959441410186406,0.16399993726783355,0.16799981294046898
0.682,0.37409757830890394,0.43963866541867597,0.16399998766613239,0.16800027595387174
0.684,0.37422920098573126,0.4396821913839718,0.16399971679074968,0.16800003225148433
0.686,0.3743609816756446,0.439726208688252,0.1640002064384072,0.16799986587513757
0.688,0.3744926177267049,0.4397700404105732,0.16400013086408352,0.1680000349607717
0.69,0.3746233868882053,0.4398143461815468,0.16399987552166798,0.16800001905617265
0.692,0.3747548206968797,0.4398575235160784,0.16400017859740887,0.16799985908783094
0.694,0.3748855099233788,0.4399027072540403,0.163999950687612,0.16799975955581567
0.696,0.3750174739687013,0.43994573142957755,0.16399996831258778,0.16800000323516792
0.698,0.3751487919590025,0.43998939719982394,0.1639997592441819,0.16800000674308024
0.7,0.3752798809474679,0.4400339427109432,0.16399993816505878,0.16799972627407567
0.702,0.3754113765388,0.44007749034330307,0.16399998827126394,0.1680000422957138
0.704,0.375542676279069,0.4401206977193439,0.16399950741343763,0.16800008879707604
0.706,0.3756741656781122,0.4401649017343432,0.16400017026434047,0.16799999906242927
0.708,0.3758059183857941,0.4402082509212291,0.16399972453749256,0.16800009163533453
0.71,0.3759367339589307,0.44025129633926896,0.1640000088601802,0.16799996481247287
0.712,0.37606919857660304,0.44029411129257345,0.1640000953911944,0.1680001203417909
0.714,0.3762009916360024,0.44033729574680947,0.16400005879762977,0.16800012311068058
0.716,0.3763323579624424,0.4403807505589608,0.16399991891890345,0.16799995476403842
0.718,0.37646364541214106,0.44042291417633456,0.16400002303136305,0.1679996955199084
0.72,0.376595884824565,0.4404670400276961,0.16399973097789003,0.16800003408553907
0.722,0.37672761130952576,0.4405099224062959,0.16399993272267643,0.1680000646530469
0.724,0.3768591913472475,0.44055330061218995,0.16399986684185708,0.16800025945892774
0.726,0.37699080076418057,0.44059542654839906,0.16400005134117535,0.16800021547904276
0.728,0.37712235252728354,0.4406384722813342,0.16400007319095425,0.16800015526126347
0.73,0.3772539359552328,0.4406810311598661,0.16400002787859447,0.1679997496599704
0.732,0.37738597023156123,0.44072394153455546,0.16400008037153266,0.1679999708991726
0.734,0.37751858276091266,0.4407669717415908,0.1640003391220535,0.16800003604809866
0.736,0.37765026921740447,0.44081032678763604,0.16399987398734894,0.16800041528157
0.738,0.3777825339496792,0.44085177950040577,0.1640000804118227,0.168000123775897
0.74,0.37791392667256835,0.44089461300050753,0.1640000087400224,0.16799986348046486
0.742,0.37804586401674284,0.4409369175823153,0.16400026624002154,0.16800006497081743
0.744,0.37817790120655337,0.4409796167155259,0.16399991016294194,0.16800005220472045
0.746,0.37831076506100314,0.44102227879777034,0.1639998111417544,0.16800013828111357
0.748,0.3784429902278178,0.4410644180124315,0.1639999822251332,0.16800001780846613
0.75,0.3785740748564754,0.4411057198116939,0.1639998806721196,0.16800014282078304
0.752,0.3787070810645126,0.441148996600787,0.16400015559163061,0.16800027721093128
0.754,0.378839068576631,0.4411912733457736,0.16399972321276096,0.1679998918680353
0.756,0.37897174927931715,0.4412326157062854,0.16399968316319122,0.1679999048052932
0.758,0.3791029878339246,0.44127487890116107,0.16399990329192832,0.16800009570806174
0.76,0.3792359902857232,0.4413164827861657,0.1640000715600564,0.16799977975724736
0.762,0.37936792781106193,0.4413588388415913,0.16399995252144992,0.16799994713176983
0.764,0.37950046675242477,0.44140103333500846,0.16400012928530483,0.16800025872860588
0.766,0.37963216378770664,0.4414422097206581,0.16399982501220992,0.16799989504656485
0.768,0.37976482189256555,0.44148447321534645,0.16399981158582586,0.1679997786679798
0.77,0.37989730084561063,0.44152619131110526,0.16399961402470156,0.16800024034259756
0.772,0.3800292141558907,0.4415686247979222,0.1639998294068261,0.16799997331209957
0.774,0.38016098400408715,0.44160940996381826,0.1639998773568935,0.16800028468048714
0.776,0.3802942695702643,0.4416512167008546,0.16400000046900018,0.1680000213001043
0.778,0.3804269074803622,0.44169313956599854,0.1640003066221492,0.1680000512215669
0.78,0.38055972511303593,0.4417338487721444,0.1639999736844118,0.16799994424967588
0.782,0.38069169186351454,0.4417752622855509,0.16400018805074656,0.1679999196001208
0.784,0.38082463591154975,0.44181658675510505,0.16400028164451075,0.16799989990356387
0.786,0.3809578479688388,0.44185794171074433,0.16399983782266986,0.1679998996352935
0.788,0.38108976866531974,0.44189907725882843,0.16400025164577214,0.16799997117896132
0.79,0.3812233885807481,0.44194025571382206,0.16399994429708512,0.16799993910806862
0.792,0.38135494754915344,0.44198231569302865,0.16400028267030542,0.16800002393636523
0.794,0.3814880817097538,0.44202307403851043,0.16400001524209304,0.1679996525089514
0.796,0.38162061772075845,0.44206449788030655,0.16400015504850338,0.1680003248643991
0.798,0.3817529676383453,0.44210483516210203,0.16400012720982068,0.1679999369798825
0.8,0.3818863728102616,0.4421458800532397,0.16400019463198173,0.1679998013241101
0.802,0.38201890391812615,0.442186516941046,0.163999999173514,0.1680001553953454
0.804,0.38215208619247043,0.44222803008946465,0.1640000978688904,0.1680000584432208
0.806,0.3822845711830092,0.44226830219348584,0.16399996765876207,0.16799995754665695
0.808,0.3824166020934815,0.44230932095142683,0.16400008867018245,0.16799991281376897
0.81,0.3825498856037663,0.4423500907615526,0.1639999559391518,0.16799992675365188
0.812,0.3826831012421283,0.4423906409213654,0.1640000209570097,0.168000237921186
0.814,0.38281563199115604,0.4424301992222669,0.16399980931400387,0.16799985100190692
0.816,0.3829491373925211,0.4424719722659304,0.1639999903243018,0.16800004917683334
0.818,0.38308178094591583,0.4425117364549979,0.16400001615806412,0.16800016476075808
0.82,0.3832151307305656,0.4425524951508825,0.16400018258033186,0.168000196705176
0.822,0.3833481088922594,0.4425932436344341,0.1640000190162886,0.16799998666817706
0.824,0.38348153451381606,0.44263433971321875,0.1639997717867884,0.1679999268141309
0.826,0.38361509505354446,0.4426733491875933,0.16400003972415655,0.16799989988620537
0.828,0.38374775896364527,0.4427136140442981,0.16400005884055835,0.1679999291675797
0.83,0.38388096522361176,0.44275424490287874,0.16400014481128067,0.1680001419063044
0.832,0.3840136768234431,0.442794055022792,0.16399988338061217,0.16799983253547404
0.834,0.3841478034326177,0.44283407507351336,0.1639999481217294,0.16800008939472535
0.836,0.3842802524825898,0.4428745708173984,0.16400015959097733,0.1680001116483138
0.838,0.38441317181639567,0.44291383681234103,0.16400001299035394,0.16799998793003423
0.84,0.384547484551776,0.44295380542749735,0.16399990929870345,0.1680001720919804
0.842,0.38468036074035883,0.4429931028697236,0.16400002663527716,0.16799981043938733
0.844,0.3848131922227261,0.44303375282202184,0.16400002756062837,0.16799982805780775
0.846,0.3849471345140957,0.44307299860410254,0.16400026045655058,0.1679999441994328
0.848,0.38508095839384243,0.4431123765713573,0.1639999485265581,0.16800009112564557
0.85,0.38521429569234833,0.44315187455959576,0.16400021634119005,0.16800013530988495
0.852,0.3853471335170976,0.44319185472486883,0.16399984856473768,0.168000172324815
0.854,0.38548074090401674,0.4432314164432539,0.16399999061671894,0.16800040713033468
0.856,0.38561458944976096,0.44327060989153066,0.16399977543573932,0.16800007990638263
0.858,0.3857476268347685,0.4433099895423623,0.16400000756947053,0.16800015175282093
0.86,0.385881427930401,0.443349770250473,0.16400024931559096,0.16800012984318827
0.862,0.38601473662829905,0.4433898372180139,0.16399999247220273,0.16800026132606455
0.864,0.38614897419856814,0.44342830802539523,0.16400005966904768,0.1680001908442994
0.866,0.3862815190546793,0.4434667598837343,0.16400009502749113,0.16800028575304107
0.868,0.38641497179387707,0.44350658327309556,0.1640001898933641,0.1679997387634766
0.87,0.3865499045408226,0.4435463607900271,0.1639999994162497,0.1679998903437195
0.872,0.38668361500912013,0.4435852493911719,0.1640000351976382,0.1680000282987582
0.874,0.3868174432436692,0.44362358700370697,0.1639997975395435,0.16799987838800856
0.876,0.3869509345771523,0.44366286344767897,0.16400020295379092,0.16800001335277265
0.878,0.38708433823577093,0.44370214253890644,0.164000183636543,0.16799985340541124
0.88,0.3872183877381392,0.44373996711721847,0.16399994563143466,0.16800009717348124
0.882,0.3873517635361006,0.4437791220449334,0.16399974372541076,0.16800003372973601
0.884,0.38748593186149505,0.4438180245116942,0.16400012002605324,0.16800013918290221
0.886,0.38762030001734626,0.4438573234410801,0.16399994152339295,0.16800015967553264
0.888,0.38775443815534166,0.44389553590020964,0.16399996223654326,0.1680001696502326
0.89,0.38788746236892546,0.443933583900935,0.164000092107465,0.16800002921631704
0.892,0.38802179719029223,0.44397256704444504,0.16400033116460133,0.16799986937491349
0.894,0.38815568556583196,0.4440116551138516,0.16399977110478572,0.16799993042101743
0.896,0.388290562155245,0.4440488191965914,0.16400012942610848,0.16800006931994146
0.898,0.38842347865445526,0.44408829756396895,0.16400007832845304,0.1680000305242379
0.9,0.3885585325404836,0.44412575967319096,0.16400000979353993,0.16800012915519824
0.902,0.38869286128685376,0.44416417512429035,0.16399994588738837,0.16799999061630552
0.904,0.3888259120600397,0.4442020558973096,0.1639999626835219,0.16800016784690294
0.906,0.3889604399271739,0.44424086454314093,0.16399974311672083,0.16800005091834339
0.908,0.38909498771793377,0.4442786561850711,0.16399992898112567,0.1680000844014936
0.91,0.3892277998147983,0.4443173917326011,0.16400010378265045,0.16799990164182582
0.912,0.38936314278948186,0.44435522064583327,0.1640004413230813,0.16800002358065605
0.914,0.3894965934427924,0.4443930341241248,0.16399986102669234,0.16799984179835145
0.916,0.38963130944398094,0.44443073513890635,0.1640001417773804,0.1680000844458633
0.918,0.38976564271719466,0.44446860729946225,0.16399994177353774,0.16800007612921994
0.92,0.3898996482438402,0.4445062914073,0.16400023576784328,0.16800002572196818
0.922,0.39003511981192285,0.4445440506367266,0.16400005495008718,0.16799991446003787
0.924,0.3901687624272503,0.44458194854926975,0.16399983634347123,0.16800018360848123
0.926,0.3903028504744744,0.4446191162446134,0.16399975510152756,0.168000320303514
0.928,0.39043788752851744,0.4446572485480634,0.1639996554003444,0.1679999787314485
0.93,0.3905721215718243,0.44469463431087153,0.163999714047111,0.16799997110202047
0.932,0.3907068665011712,0.44473175382000313,0.1640000580867606,0.16800045685073892
0.934,0.390840918086691,0.4447700772892899,0.16400002128838526,0.1679998379915449
0.936,0.3909753599306017,0.4448073176350893,0.16399999584521896,0.16800013623519242
0.938,0.39110964141962407,0.4448449000022471,0.16399980991437807,0.16799988827907958
0.94,0.3912440776445166,0.4448817677002598,0.16399997915966846,0.16799986434599548
0.942,0.3913797300066505,0.4449187502548725,0.16400023824119267,0.16800001442712903
0.944,0.3915137610178362,0.44495680369980833,0.16400017797843255,0.16799995767667206
0.946,0.3916483016403207,0.4449929732158181,0.16400000489470434,0.16799987328551585
0.948,0.39178270239190244,0.4450306112153415,0.1640000833642837,0.16800008691298096
0.95,0.3919171310286781,0.4450682334646438,0.16399978341932395,0.1679998776272092
0.952,0.39205317153857805,0.4451051550951089,0.16400008822836967,0.16800025392273552
0.954,0.3921872218858074,0.44514089037017757,0.1639999346149888,0.1680001700875207
0.956,0.39232176375747085,0.44517863752929976,0.16400008542357208,0.16799995151763733
0.958,0.3924567211379781,0.44521532759532917,0.16400008912978178,0.16800000200507517
0.96,0.3925910255738241,0.44525244417406357,0.16400003443138747,0.1679998864267053
0.962,0.3927263221069756,0.44528907311961635,0.164000012010672,0.16800006599411374
0.964,0.3928602999953622,0.4453259066602799,0.16400044263933983,0.1680000366697026
0.966,0.39299520742718014,0.4453623244867193,0.16400019923485296,0.1680001092985199
0.968,0.3931303224396903,0.44539928525143246,0.1640003255272102,0.16799997622952195
0.97,0.3932653942684286,0.4454351458300764,0.1640000036006099,0.1680000498919453
0.972,0.3934009865082285,0.4454715304289058,0.1640000451730708,0.16799969255641917
0.974,0.393535610467786,0.4455078503411621,0.16399995498168007,0.16800006326825087
0.976,0.39367073433769767,0.44554532427189525,0.16400024358476337,0.1679999256637911
0.978,0.39380607252034916,0.4455811050775244,0.1639999958685829,0.1679998208409058
0.98,0.39394078202592236,0.44561674292441933,0.16399985616738866,0.16800005690694225
0.982,0.39407552158141457,0.44565329118887254,0.16399970620413032,0.1679999159047708
0.984,0.3942105621393815,0.4456900708734822,0.16400006420823743,0.16800013690183271
0.986,0.3943454866032628,0.44572623646962534,0.1640004698753529,0.16799977117961284
0.988,0.39448149308377883,0.44576201500560453,0.1640002061178211,0.16799998576972666
0.99,0.39461559259998125,0.4457989425276157,0.16399998234468668,0.16799995239770063
0.992,0.3947507719596166,0.44583395676026016,0.16399969560460123,0.1679998688400445
0.994,0.3948862068655712,0.44587095347753175,0.16399986277463685,0.16799985107317617
0.996,0.395021967388178,0.44590687076574376,0.16400011347774182,0.16799982130484112
0.998,0.39515663338594353,0.44594164839175066,0.16399978132195808,0.1680000359959857
1.0,0.3952913847885125,0.44597859928121714,0.16400018084220952,0.16800029042232575
