-1.0,0.3310001115527904,0.9015489781957831,0.29299987240777997,0.6300001076702184
-0.998,0.33171444572937614,0.9014728900320601,0.29299978364853496,0.6300007270577326
-0.996,0.33242924667559115,0.9013975051603913,0.29299975455974164,0.6299993756699951
-0.994,0.3331434173128529,0.901323154133923,0.2929996405789842,0.6299996350719704
-0.992,0.3338575860927087,0.9012439949653817,0.2930001688636851,0.6300000476379997
-0.99,0.334570448110973,0.901168767469162,0.29300063768741874,0.6300002843395318
-0.988,0.33528299329163386,0.9010935613289007,0.29299992396950714,0.6299998553719165
-0.986,0.33599500435680363,0.9010170339074037,0.29300025069453606,0.6300002581151075
-0.984,0.3367064832647252,0.9009404722893576,0.29299974220990366,0.6300009085862764
-0.982,0.33741721414875214,0.900863815878697,0.2929997203116468,0.6300002411073777
-0.98,0.33812754458497046,0.9007885225102926,0.2929997915590166,0.6300009146404361
-0.978,0.33883780839204525,0.9007115870147268,0.29300037633634934,0.6300002971321416
-0.976,0.33954642783197736,0.9006377017219883,0.29300007850735765,0.6299995739720055
-0.974,0.34025573680552224,0.9005589750170819,0.29299987276078343,0.6300008338053952
-0.972,0.34096429862966304,0.9004840429169102,0.2930001267133693,0.630000562381456
-0.97,0.34167194365129394,0.9004084182672512,0.2930004343680763,0.6299988929417489
-0.968,0.3423790798912869,0.9003325631402043,0.29299998787549825,0.6299998403428985
-0.966,0.3430863450170452,0.9002557419359815,0.29299974651343663,0.6299992567195091
-0.964,0.3437922000735995,0.9001788126032979,0.29300059383842747,0.6300002098973002
-0.962,0.3444975483107657,0.9001036275830083,0.2930003370926354,0.6299995441895829
-0.96,0.3452035066570783,0.9000282494966101,0.2930000065484384,0.6299992182942884
-0.958,0.34590839200066265,0.8999496997791387,0.2929995385422543,0.629999889564871
-0.956,0.34661252675382953,0.8998751917065017,0.29300024823996657,0.6300013289047237
-0.954,0.3473162209012334,0.8997983446594879,0.2929999510673057,0.6300003341330017
-0.952,0.3480202024883459,0.899722913507009,0.29300067154504644,0.62999922541462
-0.95,0.34872208411999084,0.8996474373214974,0.2929997930739074,0.6300006294620082
-0.948,0.3494238938196636,0.8995697904943741,0.29300011319842895,0.6299997296400162
-0.946,0.3501262900131053,0.8994934446005185,0.29299962494762405,0.6300006605062498
-0.944,0.350826925451686,0.8994207208735129,0.2930001552601605,0.6299995647703179
-0.942,0.35152763263911285,0.8993413861011214,0.2929998773974634,0.6300002115791855
-0.94,0.3522276740212314,0.8992651426503628,0.29299997189686655,0.6299987615399583
-0.938,0.35292728457677086,0.8991900410985004,0.29299969998382375,0.6299989240211233
-0.936,0.35362626151361365,0.8991117568793348,0.29299973933897633,0.6300002075682256
-0.934,0.35432509463356504,0.8990388043194781,0.29299981367134265,0.6300010243608803
-0.932,0.35502334562254145,0.8989606464520568,0.29299980024931394,0.6300004037837078
-0.93,0.35572072971226437,0.8988857566344047,0.2929994215441031,0.6299990730885033
-0.928,0.35641848932778825,0.8988085080825642,0.29300043872796744,0.6300001618861201
-0.926,0.3571147410947946,0.8987328380753021,0.29300019567119334,0.6300004857176832
-0.924,0.35781098912920306,0.8986575712898089,0.2929995271683185,0.6299997642539664
-0.922,0.35850585148218406,0.8985808940283724,0.29300000979102253,0.6299997268249253
-0.92,0.3592009054091244,0.8985054674815605,0.2929997541762276,0.6299993992047015
-0.918,0.35989558019493595,0.8984281435257269,0.2929998267637696,0.6300001241450925
-0.916,0.36058912531512183,0.8983522760454767,0.29300025175220046,0.6300007160238021
-0.914,0.36128277075074394,0.8982764935097574,0.29300036491455667,0.6299998982389157
-0.912,0.3619760125659012,0.8982018066123061,0.2930001590691021,0.6300008238280189
-0.91,0.3626673722392021,0.8981226093944595,0.292999967691602,0.6300009665119591
-0.908,0.36336020948401276,0.8980496729289564,0.29299994950813374,0.6300003289348659
-0.906,0.36405164808803864,0.8979723025667525,0.2929997593661434,0.6299988440402818
-0.904,0.36474252467360796,0.8978952437536767,0.29300000130627596,0.6299999551534832
-0.902,0.36543303915746284,0.897819233375293,0.2930002417587721,0.6299993803368316
-0.9,0.36612313924714496,0.8977429015591818,0.29299944961740026,0.6299994413620056
-0.898,0.3668116093464224,0.8976668967878049,0.29300009239096475,0.6300003699667752
-0.896,0.3675014162424517,0.8975912025048423,0.29299985219829766,0.6299993427274806
-0.894,0.3681901173066181,0.8975143549333345,0.29299975911624426,0.6299998009975414
-0.892,0.36887726078247923,0.8974408211955369,0.29300062759885676,0.6300002625224714
-0.89,0.36956542846887186,0.8973653524293682,0.2929998192474464,0.6299987817624829
-0.888,0.3702517774131405,0.8972876336254019,0.2929996108257747,0.6299998883547204
-0.886,0.3709381802637084,0.8972121634828322,0.2930000468215463,0.6299996601258322
-0.884,0.3716249498733592,0.8971378624514803,0.29300014456256396,0.6300002641605693
-0.882,0.37230929669391477,0.8970611000430732,0.29300008912126785,0.6300004661682626
-0.88,0.3729949739384465,0.8969843110313378,0.2930000895398638,0.629999726649865
-0.878,0.37367853395861894,0.8969086045867437,0.29300046740361324,0.6300012602365277
-0.876,0.37436258085830276,0.8968328982272801,0.2930000648312465,0.6300000355631364
-0.874,0.37504594550271103,0.896757284809866,0.2930002607571784,0.6299996448652952
-0.872,0.37572884339265816,0.8966785462389256,0.2929998237300894,0.6299996062242292
-0.87,0.37641128287896686,0.8966031502420404,0.29300018043026144,0.6299990020321137
-0.868,0.3770932332270883,0.8965290563571108,0.2929998581896933,0.6300003795799973
-0.866,0.3777749505259401,0.8964523342812443,0.292999619487478,0.6300009891222395
-0.864,0.3784548642709088,0.8963772330081395,0.29300023758417904,0.6299994969693816
-0.862,0.37913566721193065,0.8962995620390951,0.2929993770829911,0.6299994401986203
-0.86,0.37981576737077494,0.8962235840865974,0.29299977919878056,0.6300006116786664
-0.858,0.3804945370181031,0.8961479572926143,0.2929995690157301,0.6299995391361426
-0.856,0.3811735134086921,0.8960739920847229,0.2930000497759745,0.6299997829729703
-0.854,0.38185109188246336,0.8959974389453402,0.29300047749572006,0.6300001288156837
-0.852,0.3825300127005086,0.8959224780205851,0.2930000099289884,0.6299989435697547
-0.85,0.38320751980374124,0.8958448292366438,0.2930000470433196,0.6299992651587384
-0.848,0.3838838719190414,0.8957696346025577,0.29299972883976394,0.63000042670754
-0.846,0.38456090557825184,0.8956919997555225,0.292999944944063,0.6299991457396303
-0.844,0.38523650046036756,0.8956166499862571,0.29300003367481553,0.629999774440461
-0.842,0.38591205007499846,0.8955417549040395,0.2930004602455828,0.6299999577636227
-0.84,0.386586127840252,0.8954658676765804,0.2930003302710438,0.6299993437300578
-0.838,0.3872608327866187,0.8953902191081669,0.292999951290423,0.629999584916927
-0.836,0.38793478306003265,0.8953143873337596,0.29299994681847424,0.630000597351711
-0.834,0.38860852533459134,0.8952384122260966,0.29299982651194034,0.6299992925776865
-0.832,0.3892794983055976,0.8951631962865537,0.29299954739091455,0.630000155822783
-0.83,0.3899530020822861,0.8950867380082255,0.29300041888331163,0.6300009046517832
-0.828,0.390625602570078,0.8950105869416466,0.2930005344312269,0.6300000369470369
-0.826,0.3912964542486583,0.8949341020829226,0.29299993245986106,0.6300000142954455
-0.824,0.39196735502379504,0.8948591458606256,0.2929996130913123,0.6299994059972143
-0.822,0.39263750035618755,0.8947839553885177,0.2929999560353253,0.6300001020150275
-0.82,0.3933067782767318,0.8947086557763732,0.2930000377112982,0.6300002077373023
-0.818,0.3939776446203143,0.894632313420675,0.2930000495820382,0.6299992234439832
-0.816,0.39464586938666757,0.8945561952927097,0.2930000559015269,0.6299997559013605
-0.814,0.39531446280174026,0.8944795788230222,0.2930002035829271,0.6300002782356323
-0.812,0.3959819076078106,0.8944044910722204,0.29300011520202457,0.6299993395588752
-0.81,0.3966495436917703,0.8943293341299524,0.29300004575886557,0.6300019387465945
-0.808,0.3973161637120785,0.8942532360467287,0.2930000285048573,0.6299992779000138
-0.806,0.3979832657790323,0.894176530562345,0.29299997229284247,0.6299999078427152
-0.804,0.3986487514384549,0.8941013460462854,0.29299974454371563,0.6299993412166675
-0.802,0.39931436607724086,0.8940258276257224,0.29299998288551515,0.630000815532451
-0.8,0.39997934841123306,0.8939522491190377,0.29299989324348713,0.6300009122078938
-0.798,0.40064378727124966,0.8938754339710302,0.293000138116086,0.6299991701886875
-0.796,0.40130792510251423,0.8937987806657753,0.29300000918007896,0.6300000822377124
-0.794,0.4019706301640156,0.8937242741932071,0.29300028628085906,0.6299997004047143
-0.792,0.4026334072755357,0.8936482902839913,0.292999854700359,0.6300002542452275
-0.79,0.40329624933589686,0.8935735917149938,0.2930003320691931,0.6299994106282955
-0.788,0.4039594994416815,0.8934974382179994,0.29299975614230184,0.6300001150320315
-0.786,0.40462019934806226,0.8934214320732462,0.29300007971721365,0.6300007226514495
-0.784,0.4052810957632951,0.8933460810183378,0.29299971727890367,0.6300003078268236
-0.782,0.4059416593475314,0.8932696192865585,0.2929992495187148,0.630000651820906
-0.78,0.40660164989730924,0.8931946351602018,0.2930005716716165,0.6300002463789358
-0.778,0.40726132693259404,0.8931171277623492,0.2929995019375019,0.6299999767833173
-0.776,0.40792073729424994,0.8930414863337053,0.2929997168332997,0.6300004216139172
-0.774,0.4085780037857246,0.8929675156350375,0.292999617892914,0.6300005348560949
-0.772,0.40923673119075465,0.892890591881729,0.29300025055550927,0.6300015010017126
-0.77,0.409894785245259,0.8928157530837025,0.2929996163756442,0.629999308797706
-0.768,0.41055203290448294,0.8927411172722101,0.2929997488282676,0.6299991722904245
-0.766,0.4112084043079581,0.8926662914084801,0.29299990415185356,0.6299993379831139
-0.764,0.4118641349783231,0.892587442910782,0.2929996199729301,0.629999686156633
-0.762,0.41251975082590514,0.8925135353399632,0.29300000657647707,0.6299997231731812
-0.76,0.41317538570594636,0.8924381298849734,0.293000144452974,0.6299998025954852
-0.758,0.41383032876449816,0.8923631662179615,0.2930004252049907,0.6300000048710958
-0.756,0.4144833551397171,0.8922875579562672,0.29299993329156987,0.630000394202971
-0.754,0.415137732731393,0.8922133234744585,0.2930006405390401,0.6299993346310239
-0.752,0.41579069096584165,0.8921361162070657,0.2929997433388688,0.6300003599081352
-0.75,0.41644340727600665,0.8920624269579458,0.2929996133586716,0.6300001872778603
-0.748,0.41709596333074517,0.8919857896600678,0.292999603518863,0.6300007225205815
-0.746,0.41774789971307397,0.8919115131707651,0.2929994860955995,0.6299990570244207
-0.744,0.418398716779855,0.8918352249327367,0.2930000968724753,0.629999704624536
-0.742,0.41904935085106443,0.8917582712950484,0.29299999026928497,0.629999129731544
-0.74,0.41969969077937225,0.8916838028662194,0.293000238094808,0.6299999672594314
-0.738,0.42034947575373366,0.8916088104819924,0.29299971769838823,0.6300012629609134
-0.736,0.42099870564133235,0.8915328419410578,0.29300062910693675,0.6299998762940386
-0.734,0.4216475801021468,0.8914575960516593,0.29299999469992577,0.6300000384850208
-0.732,0.42229614104578495,0.891383259957406,0.2929997011512318,0.6300002909807593
-0.73,0.4229436669947512,0.8913067638025464,0.2929994318523415,0.6299995721433064
-0.728,0.42359209503504364,0.8912336062141187,0.2929997529618603,0.6300002226627265
-0.726,0.4242382257190893,0.8911567824276565,0.29299967977287494,0.6299999949773637
-0.724,0.42488494206785776,0.8910804662978903,0.29300006286249763,0.6299992259659756
-0.722,0.4255314995197403,0.8910053605759877,0.2930002016775732,0.6300001822136475
-0.72,0.4261773841746317,0.8909306415480488,0.29300005347449676,0.6300007998434319
-0.718,0.42682058129471173,0.8908546899547344,0.2930003993798946,0.6299996565384962
-0.716,0.42746575314394286,0.8907815068695119,0.29299985156637964,0.6299984406703142
-0.714,0.42811065508294865,0.8907046858672909,0.2930000587309147,0.6300003875461848
-0.712,0.42875365440690416,0.8906300496924224,0.29299966057669696,0.6300003481252958
-0.71,0.4293964364935913,0.8905537870824194,0.2930004521988454,0.6300001406298004
-0.708,0.43003875483745063,0.8904807439510907,0.29299985805922957,0.6299997288373728
-0.706,0.43068103956266457,0.8904052622507115,0.29300021871940884,0.6299996021378158
-0.704,0.4313226514022373,0.8903299694822984,0.2929994263089591,0.6299989322906858
-0.702,0.4319636703469005,0.8902529698496564,0.29299997323049626,0.630000567519509
-0.7,0.43260427440569765,0.8901771250782469,0.2929998879745757,0.6299994210416525
-0.698,0.4332448586853157,0.8901028568536744,0.2929999887596883,0.6300002471451894
-0.696,0.43388496983905206,0.8900275937796729,0.2929999248044934,0.6300001301468329
-0.694,0.4345232852546758,0.8899531974430751,0.29299974923272515,0.6299983846877207
-0.692,0.43516215777829237,0.8898797336211122,0.2929998311393155,0.6299992958584664
-0.69,0.4358007374591178,0.8898031537011863,0.29299986094144365,0.6299988562272315
-0.688,0.4364381365361143,0.8897267016921865,0.29300043688535066,0.6300006695482214
-0.686,0.4370757274639629,0.8896537418155585,0.29299994070972574,0.6299996824703913
-0.684,0.43771304494487057,0.8895766762405691,0.2930005019238949,0.6300005701751468
-0.682,0.43834972095842273,0.8895040722087312,0.29300012401615755,0.6300008046005139
-0.68,0.43898489811959107,0.8894276916164267,0.29300011747911686,0.6300008847563895
-0.678,0.43962129769260344,0.8893520933498409,0.2930002021745982,0.6300002817395512
-0.676,0.440255185731453,0.8892775494987885,0.29300031093952006,0.6300001154983625
-0.674,0.4408900044689362,0.8892019697075928,0.2930000002985005,0.6300006745330563
-0.672,0.44152453048694534,0.8891274127357557,0.2929996783835254,0.629999401550813
-0.67,0.44215799334564176,0.8890520587419626,0.2930003817241038,0.6300000360910056
-0.668,0.4427920040941269,0.888978431485785,0.2929997214592674,0.6300009559726155
-0.666,0.44342222429553785,0.8889017213326609,0.29299984341740215,0.6300007816788925
-0.664,0.44405575731989866,0.8888269711812704,0.293000264079181,0.6300002557195569
-0.662,0.44468664200232705,0.8887519052556744,0.29299993775357164,0.6300006824177362
-0.66,0.4453182731094217,0.8886784669060892,0.29300051419348405,0.6300002657181324
-0.658,0.44594845285811674,0.888602850665512,0.2930001111910353,0.6300004704551074
-0.656,0.44657954269870176,0.8885270408161922,0.2929998721397698,0.6300008371243969
-0.654,0.4472103796527558,0.8884551883014593,0.2929993529472936,0.6300004735940541
-0.652,0.44783920494644336,0.8883786076270291,0.2929999174232673,0.6300001051564701
-0.65,0.44846651849970726,0.8883023145729486,0.2930004303642874,0.6300000909232545
-0.648,0.4490958987749506,0.8882292371463321,0.29299979961383754,0.6299990906767388
-0.646,0.44972369008293406,0.8881554088716793,0.2929997772804217,0.6299997195986803
-0.644,0.4503501709227598,0.8880794188704456,0.29300022742911563,0.6300010220520041
-0.642,0.45097756692984203,0.8880046137030341,0.2929998830237631,0.6299986545601728
-0.64,0.4516035214368117,0.8879292557976399,0.29300010768014556,0.6299997953352399
-0.638,0.4522299800032984,0.8878528291707676,0.29300003324320734,0.6300009703426289
-0.636,0.4528557543398129,0.8877795619532323,0.2929999882510568,0.6300002839709254
-0.634,0.45348012082538447,0.8877052016200975,0.29299978464463833,0.6300000520114789
-0.632,0.4541049621001933,0.8876284772612779,0.2930002097975506,0.6300010126214654
-0.63,0.4547299411251334,0.8875557381593139,0.2929999225170278,0.6300001870825567
-0.628,0.4553528427453603,0.8874793785190357,0.2929997147517675,0.6300003380168196
-0.626,0.45597620084072543,0.8874067400438519,0.2930004029748301,0.6300005189409696
-0.624,0.45659899899679707,0.8873324876528325,0.2930000550503694,0.6299997438233276
-0.622,0.45722159834693377,0.8872568125634719,0.2929999373759116,0.6299995750046359
-0.62,0.4578431922639433,0.887182964709974,0.2930001424869244,0.6300005670314611
-0.618,0.45846445349577497,0.8871069223825909,0.2930001060702834,0.6300011383711313
-0.616,0.4590844884679983,0.8870337064335763,0.29299948687169164,0.6300000547510198
-0.614,0.45970534239929484,0.8869588484875295,0.29299952146391556,0.6299998995018221
-0.612,0.4603256143518615,0.8868846746949188,0.29299987283568374,0.6300000955184737
-0.61,0.4609442038767028,0.8868077794845467,0.2929999431720414,0.6299997844070003
-0.608,0.4615642123016141,0.886734923885147,0.2930003656332089,0.6299998779883416
-0.606,0.46218223371265904,0.8866608109613491,0.2929996347174596,0.6300002175755742
-0.604,0.4628003392910801,0.8865834631743167,0.29299963746889846,0.6300005198117485
-0.602,0.46341837760143306,0.8865107958026572,0.29299958478430316,0.6299993281323912
-0.6,0.4640352307683812,0.8864374898539383,0.2929998514160009,0.629999705760764
-0.598,0.4646517332662548,0.8863614464274348,0.29300009904909174,0.6299999127730362
-0.596,0.46526794557016393,0.8862877658927774,0.292999892419666,0.63000086155484
-0.594,0.46588386776048013,0.8862127816937827,0.2929993370772041,0.6299997462284203
-0.592,0.46649925383955143,0.8861390098822615,0.2929995974153844,0.6300002290312817
-0.59,0.4671134095287546,0.886065246035668,0.29299965815081647,0.6300005080318835
-0.588,0.4677279992350283,0.8859895535971183,0.2929998545070364,0.6300001348316093
-0.586,0.4683413315015969,0.8859162008694679,0.2930000370603082,0.6299990453373931
-0.584,0.46895514346470885,0.8858394103175126,0.2929997008712887,0.6299996380500532
-0.582,0.46956846360710713,0.8857675461802751,0.29300018182158927,0.6300000607365043
-0.58,0.4701806506189347,0.8856922112009172,0.2929995550146264,0.630000430079185
-0.578,0.47079216000598134,0.885618532007812,0.29299991802980363,0.6300007669829086
-0.576,0.4714041034590161,0.8855433769741986,0.2929998835540031,0.6300008536737323
-0.574,0.47201520980719414,0.8854695565204012,0.2929998167340025,0.6299997499659747
-0.572,0.4726259761141519,0.8853945235207626,0.2930000964719348,0.629998660017686
-0.57,0.473235948965582,0.8853202511639532,0.2930001637215169,0.6300001380892487
-0.568,0.473846071321458,0.8852478099749329,0.2930001404345402,0.6299996258918187
-0.566,0.47445624585388996,0.8851719166465887,0.29300009741698524,0.6300003863209483
-0.564,0.47506393234146926,0.8850971081146564,0.29299985200037665,0.6300008238189192
-0.562,0.47567223513698337,0.8850236266220725,0.29299964624953834,0.6299998503966355
-0.56,0.47628048970395276,0.884950223100579,0.29299956416164546,0.6300007732781988
-0.558,0.4768884914754965,0.8848754497150454,0.2930000062210954,0.6299996248945886
-0.556,0.47749492545035965,0.884800922354207,0.2930000908788165,0.6300002144780705
-0.554,0.47810066590620864,0.884729632176072,0.2929994550657764,0.6299990211135017
-0.552,0.4787078236012579,0.8846541847396345,0.29300007703284253,0.6299999681448132
-0.55,0.47931271816732196,0.8845797496111996,0.29299975240014825,0.6299998415152165
-0.548,0.4799186255762494,0.8845031838889712,0.2930002898803095,0.6299998257717782
-0.546,0.48052350404961813,0.8844313434450757,0.2930002847532055,0.629999148323385
-0.544,0.4811275669849379,0.8843560785256833,0.2929998345202102,0.6300003225723901
-0.542,0.48173160324192943,0.8842842193367417,0.2929997458160183,0.6300007057727275
-0.54,0.48233353052792916,0.8842094892184253,0.29300039315256204,0.6299986199084601
-0.538,0.482937427258899,0.8841345423786929,0.2929997717702963,0.6300005089450743
-0.536,0.48353919458349925,0.8840615593746936,0.29299976655996646,0.6300002210148217
-0.534,0.4841413245010243,0.8839885012398375,0.2929996347623598,0.6299992399245004
-0.532,0.4847425930411637,0.8839140400422341,0.29300023807697756,0.6300002649493317
-0.53,0.4853438016657667,0.8838384338741154,0.2929996760911574,0.6300007741584712
-0.528,0.4859435303449598,0.8837655553441749,0.29300006067964796,0.6300001375304929
-0.526,0.4865451722922123,0.883691174300724,0.2930002319309177,0.6299996719511262
-0.524,0.4871442693843666,0.883617840672835,0.292999571837041,0.6300015381166649
-0.522,0.48774309850132785,0.883542486413852,0.29299977405452604,0.6299999805780429
-0.52,0.4883419242098057,0.8834687700869605,0.29299984916838184,0.6300005050478933
-0.518,0.4889413527243344,0.8833930729392585,0.2929995572483304,0.6299990575291279
-0.516,0.489539043313814,0.8833210433818995,0.2930000016083496,0.6300000421556978
-0.514,0.49013617326368847,0.8832476323969113,0.29300027020270986,0.6299988062718588
-0.512,0.49073304007290514,0.8831727453075227,0.2930010842261919,0.6300005620811439
-0.51,0.4913302623130811,0.8831013110674456,0.29299965371672093,0.6299995835085682
-0.508,0.49192698238280275,0.8830253250007103,0.2930002139664833,0.6300000411129753
-0.506,0.4925205978907733,0.8829536798396539,0.29300028455188765,0.6300007405569161
-0.504,0.49311634242476776,0.8828796609022334,0.2929998037159348,0.6300006421776911
-0.502,0.49371139258509794,0.8828045235141366,0.2929998721823213,0.630000565248938
-0.5,0.49430495050214157,0.8827302847681292,0.2929999975183045,0.6300000275307093
-0.498,0.49489962458317105,0.8826594140269074,0.2930004641850074,0.6299996794122948
-0.496,0.4954925465128874,0.8825852386364006,0.2929997687883244,0.6300004340024319
-0.494,0.496085953509556,0.8825102723723872,0.29299997616584117,0.629999499846343
-0.492,0.4966778810715674,0.882436769689886,0.2930002181783908,0.6300001578021663
-0.49,0.49726981465762354,0.8823641619304115,0.29299988335949817,0.6299996473526964
-0.488,0.4978620268899988,0.8822901650274044,0.29300070978925,0.6299984706695612
-0.486,0.49845279186138347,0.8822169649456213,0.2930003871508188,0.6300002642518528
-0.484,0.49904417066631607,0.8821427357762676,0.2930002633973596,0.6300006048668083
-0.482,0.4996329646281167,0.8820692761380644,0.2929997775503866,0.6299986888195754
-0.48,0.5002227078351227,0.8819954458109659,0.29299988463472154,0.6300009455098982
-0.478,0.5008124805582681,0.8819231986337653,0.2929996422412195,0.6299989174195036
-0.476,0.5014008145789366,0.881849818097079,0.29300003346632264,0.6300007875703246
-0.474,0.5019903513349617,0.8817754783191305,0.29299973925420136,0.6300001924287283
-0.472,0.5025778598339687,0.8817033749739892,0.2929999094246066,0.6300007627028024
-0.47,0.503166921150575,0.8816282220214672,0.29299976168534386,0.630000586226286
-0.468,0.5037536098735175,0.881554981570214,0.2929999622688799,0.6299995983056054
-0.466,0.5043400015658941,0.8814814636384855,0.2930001903067008,0.6300003262169563
-0.464,0.5049258189682216,0.8814078887380633,0.2930000276773096,0.6300004779736648
-0.462,0.5055119261107679,0.88133476641275,0.29300036581248956,0.6299992929002645
-0.46,0.5060968504171407,0.8812628650494887,0.2930003326803128,0.6299993088594382
-0.458,0.5066826824361796,0.8811873017352175,0.2929998733962589,0.6300001209892874
-0.456,0.5072660893915654,0.8811135641984944,0.2930000262551607,0.6299992259440054
-0.454,0.5078505527310248,0.8810406701925422,0.29299981953918863,0.62999960074141
-0.452,0.5084339682552399,0.8809686150345459,0.29300051690184375,0.6299987964900275
-0.45,0.5090169288722756,0.8808960935478248,0.29299972679356145,0.6299999012883571
-0.448,0.5095996517842948,0.8808217271180682,0.29300012438104295,0.6300000808120437
-0.446,0.5101817827966384,0.8807481038213292,0.293000098570282,0.6300000381242397
-0.444,0.5107637595455975,0.880675763298105,0.29300050867839833,0.6300000649699018
-0.442,0.5113451100933228,0.8806016755937494,0.29299972519266276,0.6299996424814083
-0.44,0.5119255602073648,0.8805292063967043,0.2929999269494816,0.6300004052974459
-0.438,0.5125070712707455,0.8804542128636701,0.2929998154103351,0.6300004482859235
-0.436,0.5130865648868299,0.8803842975974868,0.2930001183981766,0.6300011204127139
-0.434,0.5136670017546808,0.8803100345769063,0.2929996521259639,0.6300004067135626
-0.432,0.5142443579315376,0.880236935248222,0.29299985481955054,0.6299996413101533
-0.43,0.51482364719832,0.8801634127085036,0.2930003347882336,0.6300003478814765
-0.428,0.5154012320894429,0.8800912023378632,0.29299979359280215,0.629999085398004
-0.426,0.5159797108610313,0.8800181990738838,0.2929998121977523,0.6300000440773692
-0.424,0.5165573342722056,0.8799453609788233,0.29299984847648924,0.629999582343287
-0.422,0.5171339347576425,0.8798726016490335,0.2929996405078481,0.6300002098117274
-0.42,0.5177099311475548,0.8797988249436052,0.29300021671536713,0.6299999593445336
-0.418,0.5182858693608059,0.8797267398831538,0.29299951777557487,0.6300002184050105
-0.416,0.5188619265823239,0.8796527906840094,0.29299982549027126,0.629999732464409
-0.414,0.5194376926094637,0.879580996358124,0.2930001828140445,0.6299999612363081
-0.412,0.5200127468899611,0.8795085457291305,0.29299994492987375,0.630000209551181
-0.41,0.5205859194948915,0.8794369328800433,0.2929998772277579,0.6300003663943887
-0.408,0.5211605861279761,0.8793625727041954,0.2929997269538702,0.6300007727535367
-0.406,0.521734077607959,0.8792901515423533,0.2929994145984737,0.6300004573414805
-0.404,0.5223072911529055,0.8792163191825272,0.2929995960180559,0.6299996678309363
-0.402,0.5228790742854154,0.8791456922113237,0.29300005851041955,0.6300005759360655
-0.4,0.5234525610910481,0.8790723004040614,0.292999851653632,0.6300002629692757
-0.398,0.524023874759883,0.8789978411947198,0.2930000450541265,0.6300003828299956
-0.396,0.524594817448971,0.8789263145665149,0.29299992982049966,0.6299996902663508
-0.394,0.5251647277373206,0.8788529368839356,0.29300019180811476,0.6300011992452907
-0.392,0.5257353709522238,0.8787800774703786,0.29300017863043415,0.630000438374905
-0.39,0.5263059625472214,0.8787091986237147,0.2929998479443124,0.6299981139374461
-0.388,0.5268753389987049,0.8786352501171355,0.2930000164341712,0.6300002640583998
-0.386,0.5274432986599322,0.8785638770536159,0.29300006097417375,0.6299996844429132
-0.384,0.5280131337284376,0.878490243288249,0.29300021368518575,0.6299998981813879
-0.382,0.5285808945959276,0.8784180071884305,0.2930005193991513,0.6299996036150388
-0.38,0.5291482091138451,0.8783468081297431,0.29299922230409164,0.6300013024503645
-0.378,0.5297153422318343,0.8782727674593129,0.2930002132614574,0.6299994042532113
-0.376,0.530282205773402,0.8782002563452945,0.2930000334609148,0.6299998348337038
-0.374,0.5308501321606818,0.8781276879624741,0.2930002522282809,0.6300003879500298
-0.372,0.5314156559753137,0.8780552922329316,0.29300020189405346,0.6300010496207018
-0.37,0.5319820176793013,0.8779841511058618,0.29300092501729286,0.6300001477000317
-0.368,0.5325457994908384,0.8779116769127225,0.2930004070798994,0.6300005885775536
-0.366,0.5331110264144501,0.8778379220319219,0.29300022039022205,0.6300012280870503
-0.364,0.5336751473052984,0.8777660321153606,0.29300030610920474,0.6300011927692125
-0.362,0.5342397113400074,0.8776929473479673,0.29299988391139,0.630000036241434
-0.36,0.5348027140755836,0.8776216498419974,0.29299937458535835,0.6300000378655621
-0.358,0.535366278998931,0.877548515278984,0.2930003199942648,0.630000254077486
-0.356,0.5359276673838657,0.877476161762966,0.2929998083386417,0.6299996972681067
-0.354,0.5364901727149763,0.8774050815553059,0.29300055962815647,0.6300004086655174
-0.352,0.537052122497027,0.8773322231902055,0.2929998601395865,0.629999395419957
-0.35,0.5376127325736174,0.8772585659637228,0.2929999136631078,0.6300009845171759
-0.348,0.5381748865172863,0.8771879213827949,0.2929997821483624,0.6299990199997227
-0.346,0.5387347990393825,0.8771158468695237,0.29299991198613284,0.6300002385356427
-0.344,0.5392939164573706,0.8770419480174471,0.293000035969979,0.6299997492010287
-0.342,0.5398542724354679,0.8769725894328799,0.293000257155646,0.6300004395326468
-0.34,0.5404121554972817,0.8768989557483364,0.2930001079192959,0.629999146797258
-0.338,0.5409717374390974,0.8768282634572272,0.29299991912274215,0.6300002846269795
-0.336,0.5415295012146006,0.8767547160776428,0.29300002310453505,0.6299996288931039
-0.334,0.5420882712663995,0.8766817510880579,0.2930002625088262,0.6299991677794331
-0.332,0.5426451562401967,0.8766132320066425,0.2929997088963247,0.6300007962047222
-0.33,0.5432027570279538,0.8765376191478125,0.29300014348346703,0.630000680129607
-0.328,0.5437602419821242,0.8764674096120438,0.29299990887589344,0.6299994423208485
-0.326,0.5443154703580448,0.8763957336194146,0.2929997380643392,0.6300001459227338
-0.324,0.5448708391666298,0.8763238151741757,0.29299949301607436,0.6299996677976186
-0.322,0.5454249989738879,0.8762496533571802,0.2929999532260173,0.629999804533077
-0.32,0.545981382425102,0.8761791279748448,0.2930003704333109,0.6299988973545166
-0.318,0.546536013583204,0.8761067909580272,0.2929996531451303,0.6299998265003842
-0.316,0.5470896018946605,0.8760353160799498,0.2929996895928569,0.6300004482761578
-0.314,0.54764246602294,0.8759646960274599,0.29300010373548013,0.6299997017551932
-0.312,0.5481961719741409,0.8758911046768789,0.2929994778956508,0.6300004316490421
-0.31,0.5487501018380392,0.8758199542809534,0.2929995421197643,0.6299989685546882
-0.308,0.5493022154333271,0.8757481485888314,0.29299982482952375,0.6299995055434128
-0.306,0.5498540372610693,0.8756767540268482,0.2929994996630697,0.6299999137535532
-0.304,0.5504059140887337,0.8756047992277822,0.2930007612549452,0.6299990810855205
-0.302,0.5509560041872926,0.8755328786246355,0.29300058417794933,0.6299990852679884
-0.3,0.5515072339726254,0.8754617817071236,0.2930002070696149,0.6300001537157912
-0.298,0.55205695416806,0.8753882427461934,0.29300046463933666,0.6299995715773241
-0.296,0.5526070956382448,0.8753188765560598,0.2929997775117395,0.6299997942884802
-0.294,0.5531572196733326,0.8752452204998795,0.2930000175395395,0.62999965288697
-0.292,0.5537053683485957,0.875175103866417,0.29299997196903604,0.6299993246860398
-0.29,0.5542540459744695,0.8751030681012554,0.2930000152112456,0.6299998980119205
-0.288,0.554802746794973,0.8750307442333302,0.29300016931850187,0.630000247351789
-0.286,0.5553498604797236,0.8749601088492961,0.2929998198537958,0.6300002753335137
-0.284,0.5558963928559467,0.8748883694475152,0.29300016064368917,0.6300000963446504
-0.282,0.5564434856403411,0.8748183879730015,0.29300021622655426,0.6299998968969103
-0.28,0.5569898262431594,0.8747448884717578,0.29300022146089266,0.6299996673439474
-0.278,0.5575360084710922,0.8746747457948373,0.2930005382117833,0.6300013963895292
-0.276,0.5580824391529754,0.8746038583659306,0.2930004087770239,0.629998498293389
-0.274,0.5586273819945191,0.8745327142062613,0.2930002268391046,0.6300007723932604
-0.272,0.5591729726729653,0.8744601782704644,0.29299993834924165,0.6299998774070865
-0.27,0.5597154312165015,0.8743890443041122,0.2930000193778295,0.6300008003306522
-0.268,0.560260196185599,0.8743172745565506,0.2929999434868776,0.6300002866056842
-0.266,0.5608038534616201,0.8742476454145136,0.2930004259734471,0.6300012047945672
-0.264,0.5613458958509104,0.8741731953091917,0.29299981910539397,0.6299991077094883
-0.262,0.5618906068259266,0.8741019547180944,0.29300012140974724,0.6299999595586326
-0.26,0.5624313078308124,0.8740324134387563,0.2930001036516551,0.6300007884159587
-0.258,0.5629747445347498,0.8739617431578179,0.2929998983510166,0.6299994430473366
-0.256,0.5635138077757276,0.8738908544845462,0.2930002254015535,0.6300002500432875
-0.254,0.564055592813472,0.8738177294828502,0.2929999785551219,0.6300001731107373
-0.252,0.5645969872777502,0.8737480718229194,0.2929999776110299,0.6300008627595884
-0.25,0.5651359268942048,0.8736758775590798,0.29300021203808474,0.6299996930739188
-0.248,0.5656764698468582,0.873606413372381,0.29300031702244395,0.6299990176506305
-0.246,0.5662150852022549,0.8735353145100578,0.29300006191730577,0.6300008796027219
-0.244,0.5667552882363186,0.8734634958325984,0.29300025825361087,0.629998352863282
-0.242,0.5672936390456056,0.8733916607950196,0.29300031075980926,0.6300007049258812
-0.24,0.5678306760217455,0.8733208568120667,0.2930001376957361,0.6300009845804866
-0.238,0.5683689939340094,0.8732520863411201,0.29300001941850445,0.6300003822493405
-0.236,0.5689068493506201,0.8731793480952932,0.2930000765672493,0.6299997871130932
-0.234,0.5694421439934139,0.8731066275169262,0.29300049237835185,0.6299999827601462
-0.232,0.5699803942723195,0.8730372949249742,0.29300029668038324,0.630000895892383
-0.23,0.5705148485753261,0.8729661576234826,0.29299995276157687,0.629999343841599
-0.228,0.5710515507715294,0.8728970809336078,0.29299991876039877,0.6299995951921512
-0.226,0.5715867612368203,0.8728249250829098,0.29300028224026137,0.6299999111380268
-0.224,0.572121376540626,0.8727542539592911,0.29299980601503645,0.6300008808195919
-0.222,0.572654824557906,0.8726829358925017,0.29299957774111196,0.629999316909736
-0.22,0.5731899479257603,0.872612641677878,0.29300008397108934,0.6300006400042378
-0.218,0.5737239045117546,0.8725427210251533,0.29300011608667137,0.6299998470739093
-0.216,0.574255913521956,0.8724697264623689,0.2929999332871898,0.6300006336861729
-0.214,0.5747893917966814,0.8724005878276586,0.2929998927734808,0.6300003600369731
-0.212,0.5753203319246661,0.8723302754781947,0.2930000374303665,0.6299991704616854
-0.21,0.5758539757587259,0.8722585158611249,0.29299981207151604,0.6300001922775662
-0.208,0.5763845935649754,0.8721872156896652,0.2929998205144725,0.6300004976806413
-0.206,0.5769153203749895,0.8721167260811965,0.29299957555938466,0.6300012909917438
-0.204,0.5774462793242666,0.8720486390383857,0.2930000986772138,0.6300009572824102
-0.202,0.5779770749288162,0.8719754942307987,0.29300055900779065,0.6299997936824655
-0.2,0.5785061271822085,0.8719051050678761,0.29299989103509877,0.6300001866434691
-0.198,0.5790356805584744,0.8718344562932435,0.2929999923912712,0.629999387662977
-0.196,0.5795636674468516,0.8717661751826941,0.2929997616107344,0.6300005643698724
-0.194,0.5800932269025489,0.8716943598248976,0.29299995981566046,0.6299996666469242
-0.192,0.580621316586793,0.8716239619029412,0.2930000234282902,0.6300007297415984
-0.19,0.5811505010621242,0.8715545041518501,0.29300017953250856,0.6300006204034643
-0.188,0.581678034288513,0.8714833653284855,0.29299969858322217,0.6299997426784354
-0.186,0.5822054870974719,0.871412643861185,0.293000072754891,0.6300007196222377
-0.184,0.5827298593525442,0.8713424061972425,0.2929999855813272,0.6299995793082594
-0.182,0.5832567630724503,0.871274067271664,0.29299968865709064,0.6300003697604695
-0.18,0.5837823396493078,0.8712017866399244,0.2929996673685704,0.6300007889700422
-0.178,0.5843080231504253,0.8711313533859334,0.2929999130629336,0.6300004067367759
-0.176,0.5848331994532111,0.8710620619970129,0.2930000194908526,0.6300006838799597
-0.174,0.5853576776605065,0.8709907825358276,0.29299989035256574,0.6299995739693043
-0.172,0.5858807629753197,0.870921563144075,0.29300019482826495,0.6300015522561055
-0.17,0.5864048378597039,0.8708507939686242,0.2929999643137734,0.6300000856545858
-0.168,0.5869283515481688,0.8707804036494146,0.2929995380885735,0.6300000625126098
-0.166,0.5874512757266805,0.8707105820454989,0.2929995977349408,0.6300003770542926
-0.164,0.5879747447401963,0.8706392337170317,0.2929997909820273,0.6300002836316527
-0.162,0.5884959612703291,0.8705712277482937,0.2929997832949298,0.6299997446249883
-0.16,0.5890176772561718,0.8704993305067692,0.29299945338245903,0.6300001466068528
-0.158,0.5895387183718334,0.8704295575645409,0.2930003424626065,0.629999703760475
-0.156,0.5900586060180785,0.8703613503670723,0.29299997840296366,0.6299983787943846
-0.154,0.5905815261567544,0.870290907662557,0.2929995531117499,0.6299990303642137
-0.152,0.5911003954214568,0.870220606464594,0.2929999765896122,0.6299991596512277
-0.15,0.5916199343367861,0.8701490607360384,0.29299969788350566,0.6300002861877723
-0.148,0.5921400927197473,0.8700786418886508,0.2930000748666214,0.630000368104921
-0.146,0.5926592622128039,0.8700101842563129,0.2929998246387882,0.629999850472109
-0.144,0.593176877861699,0.869941188144441,0.2930000830244921,0.6300001186737599
-0.142,0.5936953913567189,0.8698697664336587,0.293000148204791,0.630000322642218
-0.14,0.5942132992642851,0.869801987012623,0.29300040507193176,0.6300009831329495
-0.138,0.5947300257979323,0.8697305001053114,0.292999615013199,0.6300002106927555
-0.136,0.595247021379209,0.8696594437933745,0.29300021080878197,0.6299998203238889
-0.134,0.5957647726905257,0.8695917432639976,0.29299979313238567,0.6299997657867619
-0.132,0.5962801954548856,0.8695202831206787,0.29300047692047176,0.629998436348197
-0.13,0.5967963533607019,0.8694524787825467,0.2929997234979351,0.6299995143187331
-0.128,0.5973108118267965,0.8693842045370712,0.2929996270719795,0.6299999099809499
-0.126,0.5978258401280154,0.8693134700338475,0.29300002747464926,0.629999530953887
-0.124,0.5983403511930537,0.8692423399788646,0.2930002782202082,0.6299995721430653
-0.122,0.5988537562506503,0.8691730986274936,0.2929997400125504,0.6299984396198246
-0.12,0.5993684502536792,0.8691053009929531,0.29299979402883036,0.6300000579541541
-0.118,0.5998823339014709,0.8690331366888142,0.2930000280731109,0.6300006017362552
-0.116,0.6003939126419477,0.8689646236340228,0.29299971044475887,0.6299991518998916
-0.114,0.6009073828738978,0.8688963863169994,0.2930000973344074,0.6299997748006563
-0.112,0.6014190283843248,0.8688268130398151,0.2930001049945655,0.6299995324478104
-0.11,0.6019305381291908,0.8687556421374323,0.2930003987943049,0.6300002604929276
-0.108,0.6024424738353805,0.8686868462457062,0.2930004214722692,0.6299992365141102
-0.106,0.6029530950675025,0.8686181738215119,0.2929999052136008,0.6300008493497238
-0.104,0.6034631022640088,0.8685469251692378,0.29299983562717946,0.6300006094086823
-0.102,0.6039732773090349,0.868479876202556,0.2930005199072807,0.6300001138498147
-0.1,0.6044828699517927,0.8684094765420257,0.2930001990434657,0.6299993501943644
-0.098,0.6049929536958439,0.8683410048448121,0.29299936136802396,0.6300017291230516
-0.096,0.605501646340305,0.8682711916003174,0.29299970613933873,0.6299996966890922
-0.094,0.6060101039929722,0.8682027178668215,0.2929998495538849,0.6299995782955249
-0.092,0.6065187177679549,0.8681319731373138,0.29299971694728905,0.6300001852467613
-0.09,0.6070256186631647,0.8680643860995838,0.29299959386326635,0.6299988853883673
-0.088,0.6075318032781807,0.8679943929046555,0.292999397159554,0.6299993705380259
-0.086,0.608039811014455,0.8679266808954055,0.29300046602140783,0.6300007092667194
-0.084,0.6085469065879555,0.8678566637588873,0.2929996724465727,0.63000053142739
-0.082,0.6090537868523875,0.8677875219143171,0.29299997846518483,0.6299994987923343
-0.08,0.609559500617453,0.8677171606592399,0.29299961833398463,0.6299998471192448
-0.078,0.6100633190069205,0.8676502170432665,0.29300043812957716,0.629999468359113
-0.076,0.610568865426359,0.8675802077416241,0.29299961200876096,0.6299999520594068
-0.074,0.6110734798147083,0.8675120296701457,0.29299992425054944,0.6299996415772459
-0.072,0.6115783294782171,0.8674422152399633,0.2929997972321631,0.6300005179384508
-0.07,0.6120825297393319,0.8673735929652687,0.29299991472876263,0.6300002850645903
-0.068,0.6125857641924095,0.8673034634460222,0.2930000836947879,0.6299994464308077
-0.066,0.6130889010421701,0.8672345403586184,0.2930002994566241,0.6300006820225867
-0.064,0.6135911477535321,0.8671683732708125,0.2930002648424447,0.6299998029048645
-0.062,0.6140925065685618,0.8670977260136067,0.2929998492047614,0.6299998312933994
-0.06,0.6145946287418833,0.8670279992029436,0.2930002101432782,0.6300014370982981
-0.058,0.6150956581466217,0.8669619483937758,0.2930001814183318,0.6299995696813693
-0.056,0.6155972174704417,0.866891480040401,0.2930001744184005,0.629999471102006
-0.054,0.6160976921071005,0.8668223422386127,0.2929997879902275,0.6299991200866533
-0.052,0.616597480145948,0.8667549279084755,0.29299977708484476,0.6299991427429095
-0.05,0.6170989308810265,0.8666860416562903,0.2929998571073541,0.6299992399972968
-0.048,0.6175980780508532,0.8666157580901122,0.2929999631694046,0.6299994995096008
-0.046,0.6180962569393658,0.8665468726693522,0.29300020594931053,0.629999854960099
-0.044,0.6185948960413447,0.8664796091743061,0.292999458679765,0.6300004769558651
-0.042,0.6190950982424482,0.8664108954769196,0.2929999985907329,0.6299991122941558
-0.04,0.6195926937598614,0.8663428524662978,0.29300060922919574,0.6299991267626248
-0.038,0.6200891167813107,0.8662735332342119,0.2930002604654313,0.6300003410518303
-0.036,0.6205857022241152,0.8662061065764617,0.29300008075025846,0.6300001321966245
-0.034,0.6210831879590625,0.8661359371038588,0.292999789082152,0.6300006052961761
-0.032,0.6215804197362174,0.8660682965564752,0.29300004200950264,0.6300005264643264
-0.03,0.6220754728693297,0.8659993557661153,0.2929999477983454,0.6299995783568431
-0.028,0.6225714748855189,0.8659340715693753,0.29300016440316057,0.6300001087081093
-0.026,0.623067591099631,0.8658640737030276,0.29300017382053056,0.6299997340736804
-0.024,0.623561928180878,0.8657960840330882,0.29300003653371326,0.6300001178632787
-0.022,0.6240568453790643,0.865726319040303,0.2930001858747648,0.6299991197490289
-0.02,0.624550535573307,0.8656583013395661,0.2930003620790652,0.6299999804923802
-0.018,0.6250437806943019,0.8655908438392524,0.2930004742405523,0.6300006556271057
-0.016,0.6255360514618344,0.8655216272700406,0.2929994956523587,0.6300012776271081
-0.014,0.6260311070678514,0.8654558455123871,0.2930000879618222,0.6299996592599784
-0.012,0.6265234303185961,0.8653872406207764,0.29299995020107494,0.6300001246972589
-0.01,0.6270150964561105,0.865317860601206,0.2929999186822702,0.6299991317242023
-0.008,0.6275061369407787,0.8652478612338683,0.2929997676784299,0.6299994178305554
-0.006,0.6279984989615761,0.8651817635979498,0.2929999136589623,0.6299999840100324
-0.004,0.6284899197156407,0.8651131394535604,0.2930002196629689,0.6300011027047934
-0.002,0.6289788605815247,0.8650467896823866,0.29300006508003273,0.6299998961810294
0.0,0.6294700208716333,0.8649760818331845,0.2930001937226502,0.6299997971009181
0.002,0.6299600107089287,0.8649101846444317,0.2929998253219016,0.6299992034200695
0.004,0.6304494465659899,0.8648404340596865,0.2930001420886347,0.6299998015707421
0.006,0.630938241409428,0.864772123497235,0.2929999131445997,0.6299991698072231
0.008,0.6314285490943294,0.864705597430368,0.2930001359314132,0.6299996722255244
0.01,0.6319157323956052,0.8646363529222614,0.2929996595878962,0.6299993725882926
0.012,0.6324027924509349,0.8645685629106985,0.2930001321905975,0.629998935033498
0.014,0.6328905994637094,0.8645018994468676,0.29299971895112076,0.6299999820854685
0.016,0.6333790376822334,0.8644339889067653,0.29300025077111097,0.6300005252780067
0.018,0.6338652039554225,0.8643653597822429,0.29299987822993273,0.6299994576390742
0.02,0.6343519730171614,0.8642986588942457,0.29300004734281654,0.6300004541256198
0.022,0.6348377770320168,0.8642311600167002,0.29299993251592504,0.6300008583626155
0.024,0.6353238414937112,0.8641637291235065,0.29299957650761393,0.6300007183348411
0.026,0.6358086543515075,0.8640957781855574,0.2929998963844027,0.6300000362839323
0.028,0.6362941653750834,0.8640270239203542,0.2930003529738776,0.6299995715014144
0.03,0.6367790157739291,0.8639589193935263,0.293000017514029,0.62999942877364
0.032,0.637261413372354,0.8638923159695656,0.2930002497316451,0.6299998910500145
0.034,0.637744923468356,0.8638249064413626,0.2929999729466811,0.6299997980240215
0.036,0.6382292606651836,0.8637573519438215,0.2929998315674792,0.6299999157687606
0.038,0.6387119519826051,0.8636892636724327,0.29300003438281336,0.6299993260080688
0.04,0.6391951023192675,0.8636230164201878,0.2930001118425352,0.6300003286311513
0.042,0.6396764258317686,0.8635542697181913,0.29300055694173505,0.6300004411635576
0.044,0.6401596448787084,0.8634886648859323,0.29300020101666996,0.6299996629248468
0.046,0.6406392223426942,0.8634199876718298,0.293000085912669,0.6299996618467483
0.048,0.6411214813170851,0.8633518908587279,0.2929999373291853,0.6299990856576528
0.05,0.641602723712882,0.8632873380557502,0.2930001351342208,0.6299983525277707
0.052,0.6420821959014625,0.8632185791079622,0.29299971116313084,0.6300002704265342
0.054,0.6425624789483066,0.863150499418157,0.29300097178539763,0.63000068489304
0.056,0.6430420202406606,0.8630832522996359,0.29300022762155703,0.629999202536915
0.058,0.6435228281936755,0.8630168756174051,0.29300039999422023,0.6300005509940924
0.06,0.6440007895024478,0.8629499581954729,0.29300013417074233,0.6299998120279133
0.062,0.6444785788866018,0.8628826707924929,0.2929995149336569,0.6300000697874624
0.064,0.6449575308719165,0.8628142012051597,0.2930003452177452,0.6300002917142274
0.066,0.6454335921323681,0.8627472546975581,0.2930000945565053,0.6299994399074598
0.068,0.6459116128718627,0.8626805789019232,0.29299975533366696,0.6299999398800894
0.07,0.6463901273306466,0.8626144256145605,0.29300001969347933,0.6299999487287263
0.072,0.6468657075611063,0.862545161215311,0.293000184970456,0.6299996588332164
0.074,0.6473407840263588,0.8624795012991631,0.2930002290659951,0.6300008285890139
0.076,0.6478176270786742,0.8624114682001712,0.29299995822422975,0.6300006248593151
0.078,0.6482933636598147,0.8623451986879054,0.29299975019713104,0.6299999766967803
0.08,0.6487693148998592,0.8622787153316286,0.2929999866574069,0.6300009527719269
0.082,0.6492431785989983,0.8622107167964568,0.2930000400610451,0.6300002811462024
0.084,0.6497162569250116,0.8621447073543153,0.2929997580398177,0.6300003920659238
0.086,0.6501910146865855,0.8620778456149821,0.2929998079528586,0.6300001763706773
0.088,0.6506647040746927,0.862010497252521,0.29300059363657616,0.6299998173694674
0.09,0.6511387492983506,0.861944242385602,0.2930003089485295,0.6300014264166942
0.092,0.6516124996333595,0.8618757696831009,0.29300004462802165,0.6300006620646152
0.094,0.6520843786204384,0.8618098315785807,0.29299995425666253,0.6299999596474466
0.096,0.6525556912518956,0.861745412064411,0.29300061956933315,0.629999808826814
0.098,0.6530270101110207,0.8616769819117784,0.29300062485208617,0.6300010868837106
0.1,0.6534991632403833,0.8616103191071597,0.2930002893813702,0.6300002942994456
0.102,0.6539695508247761,0.8615437761935836,0.2929997011091555,0.6300009027693825
0.104,0.65443999501632,0.8614773506907909,0.2930001618159327,0.6299999174842568
0.106,0.6549105679585506,0.8614108943179987,0.29299965437910297,0.6300006073851906
0.108,0.6553808345672636,0.8613454999813557,0.2930001226905985,0.630000021588029
0.11,0.6558498810724739,0.8612781959946426,0.2929996343068557,0.6300003437735596
0.112,0.6563198322086491,0.8612116044197068,0.2929999100384577,0.629998751287918
0.114,0.6567874060217632,0.8611441780273816,0.2930002284282372,0.6299997920008865
0.116,0.6572576764817365,0.8610787645835462,0.29300044260537167,0.6299998578726262
0.118,0.6577254684941883,0.861014641089396,0.29300025608959673,0.6300001466194225
0.12,0.6581931625078662,0.860945106161267,0.29299977708692243,0.6299994575571802
0.122,0.658659525767695,0.8608792271475981,0.2929999238823971,0.6300006241640427
0.124,0.6591280733562641,0.860812937614855,0.2930001250373986,0.6300002239895282
0.126,0.6595939870838178,0.8607469503900743,0.29300005504535653,0.6300005007405067
0.128,0.6600608886224683,0.8606811128312644,0.29299978099854523,0.6299998548047694
0.13,0.6605253251197225,0.8606158786226782,0.29300036941076674,0.630000396535274
0.132,0.6609911708299164,0.8605476250987342,0.29299988626627604,0.6299995490627482
0.134,0.6614567352565034,0.8604821907558975,0.293000285640862,0.6300011211839937
0.136,0.6619222715762535,0.8604165851071126,0.292999347598276,0.6300005750158841
0.138,0.6623868590382175,0.8603515785317257,0.29300035932914104,0.6299997945501888
0.14,0.6628503682521149,0.8602845485099511,0.29300047654270645,0.630000380543529
0.142,0.663313095990794,0.8602190553121752,0.292999717490683,0.6299994107272945
0.144,0.6637780208069677,0.8601503266722492,0.2930000177819652,0.6299999537460903
0.146,0.664239314714237,0.8600852452348388,0.2929998666371221,0.6300010032225782
0.148,0.664701926832737,0.8600196591763591,0.2930001678213028,0.6300000403208899
0.15,0.6651650763342041,0.8599534428960194,0.2929999169839837,0.630000063082726
0.152,0.6656270519048866,0.8598868659285708,0.2930000492030417,0.6299995365230593
0.154,0.666088313923585,0.859822583546557,0.29300019521398013,0.629998952896782
0.156,0.6665487681846769,0.8597559343708394,0.29300041370932894,0.6299995086466819
0.158,0.6670106653655022,0.859690291288287,0.2929996844015695,0.6300002800699409
0.16,0.6674696835045744,0.8596235745630624,0.2929998400221065,0.6299996317586773
0.162,0.6679295075741909,0.8595584730713751,0.2930000394494695,0.629999618498757
0.164,0.6683904444033266,0.859491138160804,0.29299909141628394,0.6299993034210154
0.166,0.6688484989228881,0.8594268983755156,0.2929995369612923,0.6300007045255952
0.168,0.6693085217380664,0.8593617752377429,0.29300014327542817,0.6299994629969731
0.17,0.669766537952469,0.8592954484059723,0.2930004091865305,0.6299994514235335
0.172,0.6702255250109921,0.8592303641081925,0.2930003840565251,0.6299996939531359
0.174,0.6706832332496909,0.8591628712210775,0.29299987424340623,0.6299997809302726
0.176,0.6711406141890495,0.8590981379106899,0.29300018038552567,0.6300004019405293
0.178,0.6715975611474195,0.8590353720347431,0.2929996743245065,0.6299995408858682
0.18,0.6720550330170442,0.8589668122016342,0.2929997539282883,0.6299996016471379
0.182,0.6725107399383455,0.8589024003667842,0.2929995913455162,0.630000287703677
0.184,0.6729674290695417,0.8588367945654833,0.2929996019670175,0.6300003998021471
0.186,0.6734224841435849,0.8587712097681733,0.2929996646323234,0.6299998723465619
0.188,0.6738780185784622,0.8587073156972581,0.29299990399717013,0.6299995603406411
0.19,0.6743339037336253,0.8586405628319967,0.29299999340235405,0.6299993341827789
0.192,0.6747867244329816,0.8585747299125024,0.29300033420868654,0.6299995693573548
0.194,0.6752410454115892,0.8585106267284227,0.29300010289448264,0.6300004123784262
0.196,0.67569614591857,0.8584444309328764,0.29299982238900085,0.6299991902635658
0.198,0.6761500085717469,0.8583790041878369,0.29299968937314186,0.6300006661537504
0.2,0.6766023289548413,0.8583140597431633,0.2929998965594641,0.6300003746876482
0.202,0.6770562583550561,0.8582493229641621,0.2929994674122551,0.6300013631014025
0.204,0.6775076029811403,0.8581830613166674,0.2929996477635422,0.630000004514813
0.206,0.6779597549705597,0.8581172592928992,0.2930004322911943,0.6299999915935661
0.208,0.6784121900648253,0.8580535281843591,0.292999977719652,0.6299998528527385
0.21,0.6788636260593521,0.8579875754785826,0.293000487597604,0.6299997805470126
0.212,0.6793142714809245,0.8579229048559702,0.2930003444008776,0.6299991524543774
0.214,0.6797649441028718,0.8578575375599441,0.29299985508750476,0.6299999753146225
0.216,0.6802156080744475,0.8577940714919499,0.29299982867129,0.6299983314849472
0.218,0.6806658910688463,0.8577272215912,0.2930001225264013,0.6299994469414949
0.22,0.6811150402261461,0.8576631002623749,0.2929995352978704,0.6299985726506669
0.222,0.6815647597870262,0.8575973249993019,0.2930001912791904,0.6300007144224998
0.224,0.6820129809740293,0.8575319395059158,0.2929998490682721,0.629999701835373
0.226,0.6824618122638739,0.8574692535510491,0.29299998902997487,0.6299996395724262
0.228,0.6829097113316955,0.8574054488006486,0.2929994754236883,0.6300003411971087
0.23,0.6833570652854323,0.8573380153300323,0.29299961886066705,0.6299996936987418
0.232,0.6838051841361616,0.8572739469253132,0.2930003724513976,0.6299993758666078
0.234,0.6842521504479963,0.8572085830372901,0.2930004222541252,0.630000281369937
0.236,0.6846992301866129,0.8571442080526536,0.29300021847068475,0.630000551392691
0.238,0.6851454905144715,0.8570770174516624,0.29299997293932706,0.6299991503368861
0.24,0.6855918857894925,0.8570129884271118,0.2930002337796126,0.6299998912266884
0.242,0.6860385339034877,0.8569478268684619,0.29299926508303104,0.6300005510844777
0.244,0.6864825364261755,0.8568854932229457,0.2930000605760868,0.6299995839699537
0.246,0.6869282264408121,0.8568196876170892,0.29300066225083116,0.6300003937153635
0.248,0.6873727070044123,0.8567562156196853,0.29299995166149934,0.6300005111361467
0.25,0.6878169318439217,0.8566907107771262,0.29299983230211285,0.630001117058026
0.252,0.6882608222314955,0.8566264513358103,0.29299999144041533,0.6299995885266281
0.254,0.6887046315134859,0.8565629018577242,0.29299973335885454,0.6300007463707494
0.256,0.6891474469887566,0.8564975885078925,0.293000029423718,0.6300000184961504
0.258,0.6895909677953519,0.8564348571294337,0.29300045750365505,0.6299999471592854
0.26,0.6900337949003464,0.8563699182548112,0.292999914597465,0.6300001299138105
0.262,0.6904750840912192,0.8563034156324535,0.2930000223260205,0.6300011299829931
0.264,0.690917615342011,0.8562397219864735,0.2930000893301488,0.6299993093310923
0.266,0.6913584324543903,0.8561761273982218,0.29299947243166347,0.6299995012583063
0.268,0.6917988730230311,0.8561119886627884,0.2930003997488687,0.6299989162285894
0.27,0.6922401920062029,0.8560477589434554,0.2930002728004911,0.6300002742253402
0.272,0.6926805432681494,0.8559826466209381,0.29300063539940835,0.6299995129278234
0.274,0.6931204550915191,0.8559182059570859,0.2929997731037092,0.6299997043492631
0.276,0.6935616983711503,0.8558556446037274,0.29300032637296985,0.6300013926629224
0.278,0.6940006518481946,0.855791434260642,0.2929998968461095,0.6299996147389137
0.28,0.694439788772111,0.8557262530678545,0.29299928791007096,0.6300002156547497
0.282,0.6948787262003914,0.8556626646246238,0.2929999031201985,0.6300001615042751
0.284,0.6953165053346092,0.8555986919909199,0.2930000513941887,0.630000354774187
0.286,0.695754953966722,0.8555344151764107,0.29299971015989906,0.6299993126481355
0.288,0.6961905790466204,0.8554696138230007,0.29300043903703943,0.6300010663381251
0.29,0.6966300859547877,0.8554074870782974,0.2930001052318342,0.630000108071149
0.292,0.6970672172612674,0.8553417479762647,0.2929997103695235,0.6299995231680777
0.294,0.6975039579187323,0.855278786516284,0.2929998021176031,0.6299994119608424
0.296,0.6979390638410177,0.8552143432895187,0.2930002203729863,0.6300000750707857
0.298,0.6983749030244667,0.8551510095395799,0.2930000087006689,0.6299997619280121
0.3,0.6988103517945686,0.8550862522316935,0.29299970959346117,0.6300001251526818
0.302,0.6992463193317363,0.8550239185542841,0.293000534229164,0.6300014044076198
0.304,0.6996803719409599,0.8549586214073492,0.2930000127823407,0.6299995544140475
0.306,0.7001154872950819,0.8548967586996059,0.2930001450321544,0.6300005466397405
0.308,0.7005500861600706,0.8548329286335913,0.29299986624477187,0.6300003935637976
0.31,0.7009844440068994,0.8547689078935367,0.29300016645699645,0.630000422118227
0.312,0.7014183193669461,0.8547037474493995,0.29300016756608344,0.630000219331851
0.314,0.7018512829843818,0.854641890101731,0.29299980111541724,0.6300010374618418
0.316,0.7022830247008931,0.8545783088979683,0.2930000168329777,0.6300000201812848
0.318,0.7027170065936647,0.8545143820538831,0.2929999468853538,0.6300005342449172
0.32,0.703148093420754,0.8544519640822211,0.2930001947562434,0.6299994929078807
0.322,0.7035793395554428,0.8543876131930923,0.29300037007280316,0.6300013734325413
0.324,0.7040109029305139,0.8543222493796737,0.2930002728659077,0.6299989224962163
0.326,0.704441218560393,0.8542599861543212,0.2929999715127107,0.6300002743767392
0.328,0.7048733386970579,0.8541980173066919,0.2929998665422045,0.6299995929772811
0.33,0.7053026855530203,0.8541328446215987,0.29299976314137466,0.6299999816565657
0.332,0.705733999139315,0.8540705155589954,0.29300018936021177,0.6300001550656589
0.334,0.7061643622195133,0.8540060212500313,0.2929999299286377,0.6299996713193194
0.336,0.7065926885304842,0.8539443381962135,0.2929998365892086,0.6300001266431512
0.338,0.7070226369319839,0.8538803865531405,0.29300030527395243,0.6300009955717006
0.34,0.7074501281589267,0.85381817320202,0.293000192957499,0.6300007458085618
0.342,0.7078787576937208,0.8537521082059693,0.29300022615437366,0.6299999091878432
0.344,0.7083071782446325,0.8536910087657,0.29300011140741566,0.6299991196758044
0.346,0.7087336985912986,0.8536271481648244,0.2929999164140256,0.6299998183677689
0.348,0.7091628022806196,0.8535642554040314,0.29299966082531653,0.6300000531508312
0.35,0.7095890478071633,0.8534999612066988,0.29300028249009125,0.6300000768077704
0.352,0.710015605012738,0.8534368447176611,0.2929997284907538,0.6299994420064576
0.354,0.7104421488271243,0.8533750789164091,0.29299962879093994,0.6299998478814937
0.356,0.710867921145617,0.8533110022647972,0.2930001060273814,0.6299996658955729
0.358,0.7112935572590758,0.8532489070663644,0.2929998652602534,0.6300008258256038
0.36,0.7117189979709936,0.8531855077940528,0.2929999876515355,0.6299995718108797
0.362,0.7121447623154867,0.8531214791349424,0.29300073780576585,0.6300006795794338
0.364,0.7125698846071786,0.8530601927278789,0.29300030151253387,0.6299998825524068
0.366,0.7129931794616566,0.8529975648094115,0.2929996149379673,0.6300008283727415
0.368,0.7134169934225151,0.8529351966096779,0.29299975776204473,0.62999973760348
0.37,0.7138416470663721,0.8528706844539204,0.29300048599975265,0.6300006802027838
0.372,0.7142651760778053,0.8528095435648583,0.29300018479351403,0.6300005725076674
0.374,0.7146866590993824,0.8527473976216084,0.2929994010618622,0.6299998992184951
0.376,0.7151095722524358,0.852683997258721,0.2929997561805767,0.6299998526235773
0.378,0.7155328559712989,0.8526202267268672,0.29299976126672045,0.629999164968088
0.38,0.7159548414444499,0.8525585261649105,0.2929999013974178,0.6300001066878137
0.382,0.7163742034832484,0.8524958753829663,0.2930000569996406,0.6299996796387962
0.384,0.7167975413498063,0.8524320759025791,0.292999660283755,0.6300009095389338
0.386,0.7172175388731832,0.8523697324645344,0.2930006928726295,0.6300010134845395
0.388,0.7176388139039649,0.8523082437383013,0.29300023557075233,0.6299986980295597
0.39,0.718057295903039,0.8522450722289557,0.2929994694243117,0.6299998036358695
0.392,0.7184783199266414,0.8521834547416735,0.29300020345631517,0.6300003444987485
0.394,0.7188982787587739,0.8521209162509076,0.2929997352068823,0.6299998890124997
0.396,0.719317714117917,0.8520578880404647,0.2930000576461179,0.6299994632643497
0.398,0.7197360697979468,0.8519975712729142,0.29300020965504847,0.630001294624239
0.4,0.7201550012261079,0.8519340573723577,0.29300016368948695,0.6300000482714712
0.402,0.7205721210946544,0.8518718128775528,0.292999983780968,0.6299999294428374
0.404,0.7209900090855224,0.8518099917282106,0.29299998405024463,0.6299999281809858
0.406,0.7214085048996509,0.8517456383866041,0.2929994707215202,0.6300006621100944
0.408,0.7218258686749411,0.8516858388406899,0.2930001466521243,0.6299995619166625
0.41,0.7222424010630571,0.8516231339737104,0.292999976999236,0.6299996496652254
0.412,0.7226577448033386,0.8515607916427231,0.2930000232063673,0.6300002841414674
0.414,0.7230764568128291,0.851498444581089,0.29299999516782854,0.6300006807703814
0.416,0.7234919026761921,0.8514367258327408,0.29299945708629216,0.6300002892436523
0.418,0.7239080275789205,0.851373596849491,0.2929994505120585,0.6300001030064922
0.42,0.7243220385607367,0.8513125127439672,0.2930001682857733,0.6300006258767906
0.422,0.7247362725638002,0.8512499042711391,0.29299996720147065,0.6300006173405067
0.424,0.7251526419086454,0.851187286283534,0.2930000215814968,0.6299995356000991
0.426,0.7255648508876452,0.851126796413965,0.292999802195015,0.6299987493337431
0.428,0.7259784489878245,0.8510648256362919,0.2930004916839189,0.6299997521032761
0.43,0.7263935997940367,0.8510014357142704,0.2930001357095361,0.6299999388245311
0.432,0.7268065485006711,0.8509392632558136,0.29299964408970447,0.6300003100384347
0.434,0.7272184164903958,0.8508790188910414,0.29299954620366403,0.6300000703978536
0.436,0.727633813938934,0.8508169095656132,0.2930002223817839,0.6300001521262066
0.438,0.7280464202566593,0.8507548001183621,0.29300006342977647,0.6300003774903572
0.44,0.7284570013096994,0.8506924610620797,0.29300010221045886,0.6300002793439943
0.442,0.7288691735261728,0.8506322851791918,0.2929996521905661,0.6299995677768478
0.444,0.7292788852962425,0.8505695667411063,0.2930005854979546,0.6300007454488471
0.446,0.7296899798711597,0.8505079631269417,0.29300004494368437,0.6299989739854592
0.448,0.7301011174627341,0.8504450050387129,0.29300021267369514,0.6299995130690271
0.45,0.7305093023406162,0.8503858741538023,0.2929996010857687,0.6300004742053853
0.452,0.7309220698086691,0.8503233833857035,0.2930002434698487,0.6299995704679926
0.454,0.7313313556704212,0.8502616210908722,0.2930000762814834,0.6299996386901096
0.456,0.731740559985324,0.8502006056942623,0.2930001674591021,0.629999822695429
0.458,0.7321501863236027,0.8501386675310096,0.2930001161001733,0.6300003392070611
0.46,0.7325594341796886,0.8500771624834648,0.2929994988308722,0.6299994316111407
0.462,0.7329664049777344,0.8500157561295666,0.2929999247504168,0.6299992939592397
0.464,0.733373979937671,0.8499544291228301,0.29299999716548486,0.6300001072839233
0.466,0.7337824719813505,0.8498937283603017,0.2930001563480278,0.6300002547549938
0.468,0.7341892820061491,0.8498325300425048,0.2929997527036539,0.6300001525569977
0.47,0.7345969658052629,0.849770594187238,0.2929998519581587,0.629999119724627
0.472,0.7350034142359058,0.8497082135956396,0.2929997280427543,0.6299994872834838
0.474,0.7354083935387025,0.8496481546819048,0.29299979660816067,0.6300008341711885
0.476,0.7358153350577205,0.8495861027014281,0.2930001065680647,0.6300004237444021
0.478,0.7362214941096568,0.8495271203939257,0.2929998446339981,0.6300002072605929
0.48,0.7366260797953207,0.8494642430887468,0.2930001854389635,0.6299997712424504
0.482,0.7370317101817901,0.8494021906706397,0.29300007601711725,0.6300008448039088
0.484,0.737436118693372,0.8493437730142226,0.2930004081875307,0.6299992770075328
0.486,0.7378417641851434,0.8492814884138981,0.2930001364036223,0.6299992408468483
0.488,0.7382454839744983,0.8492192916453066,0.29300009537048993,0.6300008803082863
0.49,0.7386492438221792,0.8491604813913596,0.29300036982133776,0.6300007538550303
0.492,0.7390529266142853,0.8490982092879424,0.2930003151487075,0.6300000754866814
0.494,0.739454348958049,0.8490365949039048,0.2929999079286117,0.6300005486452631
0.496,0.7398602815913922,0.8489781435365878,0.29299931033393667,0.6299982954116947
0.498,0.7402605466650273,0.8489161097212224,0.29299976913826586,0.6299988159299164
0.5,0.7406618727769164,0.8488570910841838,0.2930003506925023,0.6299996903015403
0.502,0.741065193031172,0.8487942896246182,0.2930001608974074,0.6300000048992712
0.504,0.7414668155457493,0.848733178858742,0.2930007043423652,0.6299984793950447
0.506,0.741867464372544,0.848671288147889,0.2930000021626395,0.6300002248532457
0.508,0.742268806083501,0.8486111838819174,0.2930003996052231,0.6300012597757036
0.51,0.7426696610202228,0.8485519725212077,0.2929996162087848,0.6299999505700624
0.512,0.7430704993212476,0.8484910740771402,0.2930002590571049,0.6299992161715153
0.514,0.743469016192043,0.8484296543225409,0.29299971817624637,0.6300004273092181
0.516,0.7438694464550146,0.8483698854135542,0.2930001787437165,0.6299992257674979
0.518,0.7442678739900316,0.8483081013133558,0.2930000243511796,0.6300004260334956
0.52,0.7446670683080997,0.8482476445075882,0.2929999318446604,0.6300011652303809
0.522,0.7450666658495158,0.8481873276096684,0.2929997838504113,0.6300003340186029
0.524,0.7454645529189388,0.8481264591234902,0.29300001204345766,0.6300005793807619
0.526,0.7458615078884547,0.8480669193387685,0.29300004840608845,0.6300002403352061
0.528,0.7462605397934546,0.848006183140938,0.29299968228216944,0.6300004931898658
0.53,0.7466570466198003,0.8479453589876743,0.2930001403218231,0.6300004694684898
0.532,0.7470538709550467,0.8478840447718987,0.2929998068556238,0.6300001102361811
0.534,0.7474521583620555,0.8478263176396972,0.2930002619076259,0.6299996418193923
0.536,0.7478465486290371,0.8477640465012988,0.293000087719454,0.6299994774387618
0.538,0.7482444870235838,0.8477042160592829,0.29300047589614087,0.630000691018955
0.54,0.7486400224779839,0.8476455785335028,0.29299971374114375,0.6299994810732147
0.542,0.7490351556483211,0.8475848623240378,0.2930005516023764,0.6299984081926826
0.544,0.7494296274337081,0.8475233509447322,0.2930000335429528,0.6300002051873866
0.546,0.7498259877515999,0.8474635295317682,0.292999890568383,0.6299993806560398
0.548,0.7502210034759204,0.8474027085817986,0.29300004724688533,0.6299992727290431
0.55,0.7506124522081742,0.8473428476199826,0.29300003128833774,0.6299989856248249
0.552,0.7510074765198013,0.8472830459193575,0.29300000710928864,0.6299993390391649
0.554,0.751400840071611,0.8472229833503706,0.2930000498905864,0.6300000972855215
0.556,0.7517941203407519,0.847162171342034,0.29300019233016317,0.6300000584540233
0.558,0.7521859921224167,0.8471038733563357,0.29299949193667696,0.6300010224385021
0.56,0.7525799995121264,0.847043042507555,0.2930003702414767,0.6299998657967574
0.562,0.7529704909863353,0.8469826265236667,0.2930001097186487,0.6299990705008178
0.564,0.7533644446473002,0.8469240333117766,0.29299986100297065,0.6300002902453626
0.566,0.7537551569132125,0.8468642329876983,0.292999993032726,0.6300014010921825
0.568,0.7541468007372626,0.8468041331396886,0.29300040490091334,0.6299995603731757
0.57,0.7545376764483692,0.8467443401239036,0.2929997402049036,0.6299998750406582
0.572,0.7549277502436541,0.8466844068296775,0.2929996745287636,0.6299998478634796
0.574,0.7553184809991201,0.8466243817750914,0.292999411185741,0.6299997127188808
0.576,0.7557101301543759,0.8465646285520004,0.2930000832598972,0.629999090591213
0.578,0.7560989796337924,0.8465057072150114,0.29300020421191797,0.6300007471068098
0.58,0.7564866824882966,0.8464455053862442,0.2930000574741634,0.6300005923009082
0.582,0.7568770855212622,0.8463859217086327,0.29299987754804874,0.6299990160552065
0.584,0.7572662147490811,0.846327481433797,0.29299995559217035,0.6300007725128635
0.586,0.7576545740265639,0.8462655798140334,0.2930002048729683,0.6299999826769337
0.588,0.758043863271214,0.8462077059128872,0.2929999186059406,0.6299992669711951
0.59,0.7584312011189313,0.8461470484981758,0.2929995337456092,0.6299991524894856
0.592,0.7588188142830466,0.8460869660364497,0.2930004894701373,0.6300002356522504
0.594,0.7592064685995356,0.8460286912872216,0.2929997861947134,0.6300000608684985
0.596,0.7595912396904081,0.8459708042098645,0.29299990395080877,0.6300003891652284
0.598,0.7599808397656732,0.8459099009698707,0.2930000573818419,0.6300009631675214
0.6,0.7603656677429841,0.8458504382240812,0.2929995408580651,0.6299984491005785
0.602,0.7607516675508991,0.8457927108575078,0.2930002858077667,0.6300008672869606
0.604,0.761136774001536,0.8457328032130863,0.2929995162881498,0.6299990275323534
0.606,0.7615231831992677,0.8456722285589467,0.29299986622331076,0.6299986720834865
0.608,0.761906820160476,0.8456137858965522,0.2929999335372185,0.6299993759712728
0.61,0.7622917324669676,0.8455534096691301,0.29299994063730733,0.6300002298715502
0.612,0.7626779207548344,0.8454963558771578,0.2929996805398206,0.6300009036653216
0.614,0.7630610510607952,0.8454371035552333,0.292999845116951,0.6299999855037635
0.616,0.7634441252270388,0.8453772309331639,0.2929997364462881,0.629999876007295
0.618,0.76382955952251,0.8453193186736094,0.29299961488765003,0.6300003266261579
0.62,0.7642119079293367,0.8452598303605204,0.2930001267026236,0.6299998520070388
0.622,0.7645940108610566,0.8452011936047291,0.2930006132451014,0.6300004340766178
0.624,0.7649757532366946,0.8451413372713988,0.2929999389122965,0.629999964832336
0.626,0.765359069087788,0.8450826548944022,0.2930001459064377,0.6299992240955534
0.628,0.765742416411302,0.8450247580767827,0.2930003969595651,0.6300005260394363
0.63,0.7661225702843479,0.8449639106328356,0.2929998392380518,0.629999597662138
0.632,0.7665041120056261,0.8449056907538758,0.2929999345849113,0.6300012876498519
0.634,0.7668856627616192,0.8448466154817915,0.292999863928201,0.6300001844472717
0.636,0.7672658844839334,0.8447894561850211,0.2930000808243027,0.629998903554826
0.638,0.7676472460213614,0.8447292491138932,0.2930001478971643,0.6300000061998022
0.64,0.7680266220437918,0.8446713301841731,0.293000460119535,0.629999917502
0.642,0.7684075851155282,0.8446123520099554,0.29299990628107986,0.6299990171448052
0.644,0.7687851699431897,0.844553678371824,0.2929998058428364,0.6299992491380761
0.646,0.7691652947984061,0.8444926239762854,0.29299978951851935,0.6299988342894652
0.648,0.7695445112338237,0.8444355444943915,0.29299945761403506,0.6299998285209097
0.65,0.7699230210381987,0.8443768702109752,0.29299958560948564,0.6300000109768621
0.652,0.7703025001998257,0.8443185498335908,0.29300001341737514,0.6300005045753946
0.654,0.7706794840830281,0.8442591769730466,0.2930001159298982,0.6300003836134359
0.656,0.7710563442205651,0.8442016276180616,0.2929999567164718,0.630000278490993
0.658,0.7714336571143374,0.8441437536966256,0.29300052495768575,0.6300002608063399
0.66,0.771810971959318,0.844085396859327,0.29299980945419263,0.6300007159669568
0.662,0.7721868530245977,0.8440260725324573,0.29300001349693966,0.6300001034326792
0.664,0.772564135531707,0.8439677506313411,0.2930000026313518,0.6299987400904802
0.666,0.7729407492768285,0.8439101252635518,0.2930000756306554,0.6299994376528919
0.668,0.773317948949808,0.8438508099454073,0.29299993917177514,0.6299990132344603
0.67,0.7736915625577627,0.8437932679316773,0.29300009684211353,0.6300011250896269
0.672,0.7740664211154727,0.8437356569553283,0.2929999902354466,0.6300003753451603
0.674,0.7744429413646936,0.8436748678939413,0.2929997498542953,0.6300002045915191
0.676,0.7748177969819766,0.8436186831718115,0.2929999076435062,0.6299999792973827
0.678,0.775192602317528,0.8435604768380311,0.2929995566314714,0.6299999098177474
0.68,0.7755653422909378,0.8435021352015747,0.2930005527388322,0.6299996426860333
0.682,0.7759396331384697,0.8434444902668514,0.2930000040303897,0.6300004367084572
0.684,0.7763139784467892,0.8433877480015969,0.2930004226518901,0.6299989111779167
0.686,0.7766858513502028,0.8433266158458796,0.2929999857309382,0.6299993954428309
0.688,0.7770587512199357,0.8432718326481408,0.2930003628933783,0.6300001142583177
0.69,0.777431634763412,0.8432133348209415,0.2929996334574073,0.6299989189523924
0.692,0.777804267375966,0.8431536812988192,0.2930000335070831,0.6299996821210786
0.694,0.7781756384857044,0.843096734642083,0.293000012903222,0.6299992422794565
0.696,0.7785476344312686,0.8430385128399406,0.2930002824805864,0.6300007766619131
0.698,0.7789191086104159,0.8429799808763994,0.2929998054517987,0.6300000347038388
0.7,0.7792893540782738,0.8429238544197999,0.29299964739797973,0.6299992425096704
0.702,0.7796608110082222,0.842865333568896,0.293000145235243,0.6300008824739887
0.704,0.7800304085994368,0.8428082362733675,0.2930003609804213,0.6299997001025379
0.706,0.7804010063560856,0.8427504883655167,0.29299958098308837,0.6299990865992112
0.708,0.7807712901837347,0.8426926846999437,0.2929999075813295,0.6299999276542315
0.71,0.7811397050171117,0.8426349119835691,0.2930002579889608,0.6300003848424847
0.712,0.7815092660133156,0.8425757915222708,0.29299969045941876,0.6300002853469047
0.714,0.7818784833547097,0.8425183495472637,0.29300008643866676,0.6299990822890589
0.716,0.7822465783686654,0.8424609452632789,0.2930001244642614,0.6299998345977944
0.718,0.7826165350526088,0.8424020479857047,0.2930002295500786,0.6300006144881456
0.72,0.7829833901375693,0.842345563772595,0.29300003251138756,0.6300010275500143
0.722,0.7833506284557151,0.8422882692161398,0.2930000801898005,0.6299990920714208
0.724,0.7837178674858956,0.8422309417950737,0.29299976528478394,0.6299999908702536
0.726,0.7840877897746381,0.842173277548298,0.2929998216511445,0.6300000238832821
0.728,0.7844521234402172,0.8421173984884678,0.2930000713321612,0.6300005196692323
0.73,0.7848202531785616,0.8420596240422136,0.29300011509056506,0.6299996854497494
0.732,0.7851839591088015,0.8420021811564825,0.29300010277277927,0.6300008779805898
0.734,0.7855517332041418,0.8419444796356158,0.29299990469994003,0.630000242651253
0.736,0.7859179881121489,0.8418869358989702,0.29300046582486156,0.6299992379976614
0.738,0.7862833931364381,0.8418304175318135,0.2929998297043678,0.630000023741608
0.74,0.7866473345046998,0.8417737503848468,0.29300050415144513,0.6299999376086839
0.742,0.7870121934205317,0.841714457202286,0.29300011423000744,0.6299997329374151
0.744,0.7873771127575062,0.8416593178083799,0.293000444329566,0.6299994455700195
0.746,0.7877397838978857,0.8416030006678967,0.29299991414284604,0.6299991287542301
0.748,0.7881057772690909,0.8415449432781461,0.29300015292417647,0.6300003810594458
0.75,0.7884682638680925,0.8414879665492032,0.293000657056753,0.6300008305343147
0.752,0.7888322929474919,0.8414291821528972,0.29299971033651956,0.6300002775361604
0.754,0.7891950111423088,0.8413731710251575,0.2929998458780793,0.629999534469643
0.756,0.7895572954788656,0.8413173752711587,0.2930006464921768,0.6299990071769065
0.758,0.7899199928404685,0.8412593614311642,0.2930000027177337,0.6300002388495511
0.76,0.7902805328927343,0.8412025395681447,0.29299956827681445,0.630000117279008
0.762,0.790643571648795,0.8411459320434013,0.2929998276728447,0.6299995481867833
0.764,0.791006129894325,0.8410894342410302,0.29300036839117,0.6300000960443073
0.766,0.7913674134005693,0.8410319625382264,0.29299971756087234,0.6300001100640401
0.768,0.7917276432178061,0.8409764146123364,0.2929999176959404,0.6299995846529984
0.77,0.7920890373380273,0.8409197705227238,0.2930005598438883,0.6300002328602102
0.772,0.7924493822024791,0.8408624217192776,0.2930001449614244,0.6300007792332799
0.774,0.792808434310105,0.8408056086847441,0.2930002980649836,0.6300005551268424
0.776,0.7931682775865814,0.8407477915599864,0.29299968115013175,0.6300004637531846
0.778,0.7935285118266259,0.84069046395596,0.29299990441700197,0.6300005302072514
0.78,0.7938882152992361,0.8406359426631913,0.2929995595721607,0.6299999816582044
0.782,0.7942460014477091,0.840579942357826,0.29299977280718686,0.6300003722658609
0.784,0.7946049750137046,0.8405233407299074,0.29300031044984215,0.6299994653849196
0.786,0.7949624493727173,0.8404661652805473,0.2930004286504735,0.6300008974999908
0.788,0.7953216466715067,0.8404101203602033,0.29300044018686505,0.6300009013829565
0.79,0.7956785557133279,0.8403521877155902,0.2930002910568051,0.6299985810692833
0.792,0.7960355934558613,0.8402971212610005,0.2929993663034808,0.6299994124639294
0.794,0.7963921263298194,0.8402411999547387,0.29299959080887406,0.6300004478566839
0.796,0.7967495294904792,0.8401832148011574,0.29299893155542467,0.6300007444548421
0.798,0.7971060597341892,0.8401284583916561,0.292999905853194,0.6300001281065021
0.8,0.7974633635270778,0.8400718272673305,0.29300018632187685,0.6299998726529507
0.802,0.7978181762402546,0.8400141458795922,0.2929997968446967,0.6299991988209934
0.804,0.7981728213097086,0.8399588163433054,0.29300016792585226,0.6300008555957792
0.806,0.7985295697806953,0.8399020478613799,0.29300015042675576,0.630000682947023
0.808,0.7988854106060832,0.8398463459915542,0.2929995690939193,0.6299992750642366
0.81,0.7992399337276606,0.8397893767433451,0.2929998058493168,0.6299986823731147
0.812,0.7995931230695678,0.8397335304185459,0.29300012415466303,0.630000004256527
0.814,0.7999498069946195,0.8396785721912616,0.29300043414888227,0.630000577360619
0.816,0.80030214289157,0.8396228765736823,0.2929998943019642,0.6299987637598803
0.818,0.8006569383648487,0.8395666332840449,0.29300014041283107,0.6300007018406155
0.82,0.8010098972252986,0.839510783299771,0.2930005091896841,0.629999592805102
0.822,0.8013630289565973,0.8394549834710935,0.2930002140964497,0.6299996762023313
0.824,0.801715122731168,0.8393963995839573,0.2930004468978543,0.6299990612285887
0.826,0.8020688706348973,0.839343637525964,0.29300006693527975,0.6300006073217207
0.828,0.8024195460587488,0.8392861910143876,0.2929994695262034,0.6300010016911148
0.83,0.8027731343148227,0.8392290308312494,0.2930000934749426,0.6300007637536388
0.832,0.8031246429476574,0.8391757109826555,0.29299945853724485,0.6300002807559597
0.834,0.8034739600363084,0.8391177654221654,0.29299995681365604,0.6300007662907918
0.836,0.8038262748960494,0.8390635973773138,0.29299965564668984,0.6299996266224613
0.838,0.8041769066847115,0.8390076133995877,0.292999972292413,0.630000235314351
0.84,0.8045286677196363,0.8389537629245459,0.2930003085819527,0.6300013884705455
0.842,0.8048783579389724,0.8388964407926596,0.2929997449653585,0.6300003943110771
0.844,0.8052290801819024,0.8388414881159318,0.29299946464741544,0.6299999906603209
0.846,0.8055766066888961,0.8387869290638034,0.29300021666981607,0.6299996408985075
0.848,0.8059270655867855,0.8387294837318415,0.29299996082878216,0.6299997597806007
0.85,0.8062756880980847,0.8386746556682383,0.29300003883096876,0.6300001579989677
0.852,0.8066244773570102,0.8386168302521579,0.29300048329481726,0.630000471673181
0.854,0.8069734351334779,0.8385627299883853,0.2929998105818341,0.630000338311865
0.856,0.8073214835109315,0.8385080277770536,0.2930001919324368,0.6300011003633387
0.858,0.8076692502023106,0.8384518194806111,0.2930000487987086,0.6300008013534067
0.86,0.8080150495273489,0.8383993909265592,0.29299980426723293,0.6300009989495804
0.862,0.8083665909058694,0.8383423867707186,0.2930002295181017,0.6299997427759293
0.864,0.8087118504053148,0.8382855861256008,0.2930001417887823,0.6299997597845515
0.866,0.8090586394433538,0.8382314906271883,0.2929996476519572,0.629999774759467
0.868,0.8094058056028807,0.8381769674469829,0.2929998690994806,0.6299999867362273
0.87,0.8097530294173654,0.8381206612927866,0.2930002363655043,0.6299994718793117
0.872,0.810098069486709,0.8380651850259898,0.2929995172022172,0.6300001152532368
0.874,0.8104431632055389,0.8380106340554853,0.29300014894228504,0.6300007450314656
0.876,0.8107876855102633,0.8379545536331221,0.2930001699196913,0.6299990320086848
0.878,0.8111348276642849,0.8378998176580564,0.29300086833055794,0.6300009139688131
0.88,0.811479385925466,0.8378451949752711,0.29299973345725094,0.6299999916741703
0.882,0.8118241564348421,0.8377890565498778,0.2929997459531902,0.6300008088624294
0.884,0.8121681145388797,0.837736410697509,0.2930001018655807,0.63000092452913
0.886,0.8125137955453232,0.8376799233792122,0.29299992413919757,0.62999987266644
0.888,0.8128579259146713,0.8376253686818993,0.2930000494164846,0.6300002678875272
0.89,0.8131993338468584,0.8375697996930921,0.29300055663577645,0.6300008769383686
0.892,0.8135418428155073,0.8375145462538028,0.2930003618015044,0.6300012391558965
0.894,0.8138851945475418,0.8374605240405006,0.2930004106246484,0.6300001198734907
0.896,0.8142279878097162,0.8374050780288587,0.29299974175726684,0.6299999861414216
0.898,0.8145689843046287,0.8373511315594672,0.29299961169456096,0.6299995238697578
0.9,0.8149126600137918,0.8372955004934133,0.2929999992768814,0.6300002028795235
0.902,0.815253230292367,0.837240999615207,0.29299972636726285,0.6300003352272198
0.904,0.8155968357332848,0.8371861333975645,0.2929999809504977,0.6299986430849502
0.906,0.8159353531781619,0.837132414171958,0.29300022108251833,0.6300009805178914
0.908,0.816276519244506,0.8370780952330436,0.29300024283270526,0.6300011274996776
0.91,0.8166202559033549,0.8370244122191874,0.2930001253983009,0.6300005020049373
0.912,0.8169577239341653,0.8369689983465618,0.29299993240412886,0.6300006395511324
0.914,0.8172978079633483,0.8369140629918741,0.2930001851474571,0.6300008942115549
0.916,0.8176389448169427,0.8368579113808963,0.2929999981646117,0.6299998772959853
0.918,0.8179777140025054,0.8368050943445603,0.2930000663258462,0.6300002943086281
0.92,0.8183183428337243,0.8367494679010329,0.29300026045644756,0.6300008002506654
0.922,0.8186576454994191,0.8366960944385252,0.29300005957793296,0.6300002955177432
0.924,0.8189946774328961,0.836642219053237,0.29300000649737434,0.6299995254362443
0.926,0.8193326222564004,0.8365890056811253,0.2929995803125886,0.6299987019973446
0.928,0.8196720807158198,0.8365330729668775,0.2929998160611048,0.6299995522516489
0.93,0.8200100351548486,0.8364796951562045,0.2930002275482726,0.6299986888881998
0.932,0.8203469398667552,0.8364250457231206,0.2929997506692429,0.6300001656503548
0.934,0.8206851651296181,0.836370306933882,0.29299962246923406,0.6299987024262795
0.936,0.8210214185584679,0.8363163683201097,0.29300026492661346,0.6300002256868521
0.938,0.8213586371391082,0.8362629960170548,0.29300027631946407,0.629999191949067
0.94,0.8216948534082805,0.8362065497045781,0.29300028216972296,0.6300002888178334
0.942,0.822032328535891,0.8361534066755866,0.29299990541527343,0.629999239238033
0.944,0.8223669825433008,0.8361000469141074,0.29299996171295767,0.6300005822802238
0.946,0.8227019826726563,0.8360444017167157,0.29299979355618855,0.6299993659428932
0.948,0.8230388445276137,0.8359900832562093,0.2930003243489623,0.6299993364399101
0.95,0.8233728329305493,0.8359378137915481,0.292999840363807,0.6300005473186967
0.952,0.823708768339938,0.8358840261530001,0.29299980178929835,0.6300003179462312
0.954,0.8240417643197419,0.835830030199655,0.2930002558336164,0.6300003496716025
0.956,0.8243772955242228,0.8357764814630899,0.29300014229271104,0.6300001676652403
0.958,0.8247122818578498,0.8357215841714922,0.293000359596003,0.6300011799021706
0.96,0.8250455118336733,0.8356677852037908,0.2930002274362472,0.630000850456732
0.962,0.8253801785890226,0.835613505882951,0.29299971513415035,0.629999834379029
0.964,0.8257123796286714,0.8355616360651861,0.29300020623404743,0.629999420338283
0.966,0.8260457069258273,0.8355076066898365,0.29300042515315555,0.6299994334508598
0.968,0.8263790910178446,0.8354528659975281,0.2929996155301803,0.6299992575826162
0.97,0.8267094530375705,0.8354003311322121,0.2929996708445828,0.6299999530328386
0.972,0.8270418758456919,0.8353451170774187,0.2930001268547395,0.6299994244647563
0.974,0.8273715910300352,0.8352919474507906,0.2929996676018733,0.6299996209409566
0.976,0.8277056467987844,0.8352384825085032,0.2929996398457015,0.630000109428547
0.978,0.8280367944319921,0.8351836180226343,0.2929999934095327,0.6299996492371621
0.98,0.8283674000204555,0.8351317951951959,0.2929994691770861,0.6299989175840511
0.982,0.8286993687802002,0.8350782832757537,0.29299999808325433,0.6299997613704926
0.984,0.8290278255878409,0.8350247549490469,0.2930000239560014,0.6299995609686642
0.986,0.8293588558795453,0.8349712132523701,0.2929997612273167,0.6299991101384516
0.988,0.8296897066605722,0.8349171843485828,0.2929999876785875,0.6300014010603484
0.99,0.8300196200781813,0.8348637214204768,0.29299999466063403,0.6299996719253529
0.992,0.830350033536085,0.8348103861124194,0.29299968664215376,0.630000676675443
0.994,0.8306781800580904,0.8347589123794893,0.2929998875182395,0.6299999858123292
0.996,0.8310070489434159,0.8347047735907515,0.2929996613583678,0.6299998748085334
0.998,0.8313365079383032,0.834650462689922,0.29299982575114714,0.629999899676575
1.0,0.8316643328304523,0.8345963540024806,0.2929996084141172,0.6299996538906715
