nu,NN(t),b,In(t),S(t),E(t),a
0.16940975283774123,0.5620000000000003,-1.2164656656497608,0.32259705065347144,0.008591113537116663,4.081851072445028,0.8387992414038566
1.0599632860558883,0.5620000000000003,-0.6426957171565608,0.30755927603200567,0.021507169099693527,0.46074945398811773,0.08586534916303115
-1.0364220254543597,0.5620000000000003,0.8945902084751347,0.3633864415747698,0.7939405482939059,-0.33161451446569395,0.1269837058758814
0.8101889055246742,0.5620000000000003,0.37559268756765085,0.33202118088174865,0.7302563921322014,0.7080981036302267,0.46523063200400583
0.8319999957634312,0.5619999999999999,0.3859999979282549,0.33200000001859004,0.6850000056805631,0.6820000043487594,0.4460000025157849
0.8320259365471385,0.5619999999999999,0.38600628644138707,0.33199922769356904,0.684983014142087,0.68197711347256,0.4459891962596494
0.4652306320245655,0.5620000000000003,0.3755926875395689,0.33202118084049886,1.2717254332917556,1.4793236592600845,0.8101889055237256
0.4460000025093037,0.5619999999999999,0.3859999979184192,0.3320000000394053,1.2778475305095771,1.5595874317578424,0.8319999957653249
0.4459891962705564,0.5619999999999999,0.38600628644145446,0.3319992277054343,1.2778866363453887,1.5596488704234337,0.8320259365539795
