s(t),deltaLM,p(t),rhoP,deltaNE,rhoE,m(t),muLE,muPL,muLL,muP,e(t),muEE,muPE,n(t),muN,deltaEL,muM
-0.6161843449647444,5.905114509584456,0.2060094944510628,-69.48095992951177,-1.012386293584698,31.621012417519452,1.3241944312318206,32.37285556976057,192.9903520402568,51.88800464884321,27.81462251919939,0.7910672649216763,9.80299629646691,97.87033990781202,0.5690310596670404,0.9143123884555214,-0.8714103331797252,-2.382387180382656
-1.0466664491977165,-5.86209766343432,0.20602399296734838,-0.47481893377509243,0.2686388038938071,0.47997828673543763,1.723076488714034,7.084386693710692,0.0005681080430908267,-0.09954288693252744,0.28536767267211366,0.7909872167252375,0.2751297001044034,0.32116780827418423,0.5690093715251593,0.6495831158702662,0.43971584640411604,3.1714510503081885
-4.2367060776167615e-6,0.6374969350308023,1.0739232241617154,5.686750894943967,0.2546565001297767,1.0068163622145236,1.5630034373942334,-36.57059204296896,10.144038358296417,-18.386031025226963,0.45079348810194414,0.20493970482640864,0.39296741425716514,22.001288340164812,0.7113692738205032,0.6510656853461476,0.44443190732432775,-0.008932650201173686
3.687359668810698,-5.071726444095041,0.2060094944510628,5.815149023240523,-1.0123862935846981,31.621012417519445,-2.979349582543622,8.268586988047888,-0.01001381706599147,-0.09547909891690765,0.0044097372694523775,0.7910672649216763,9.802996296466906,2.3553485280036965,0.5690310596670404,0.9143123884555215,-0.871410333179723,8.661180270314237
-0.0852645864071064,-3.059720217986733,0.20602415557521042,-0.4733418192935582,0.2686388038938064,0.4799782867354376,0.792191559468439,1.5804301835479733,0.0029105081553700137,-0.12355433048827037,0.2852380598938707,0.7909872093408931,0.2751297001044032,0.3212878500277302,0.5690093736121932,0.6495831158702663,0.439715846404116,0.36516114893453133
-4.206128487680883e-8,-10.749858284078933,0.20693119764649817,-0.8874312267933877,0.26371091483371384,0.6655544588217001,0.6831565717321358,1.8560259680719051,0.00023634696217002138,-0.09629189307383085,0.266977260058742,0.7899052882713911,0.316391974869457,0.2515651065669123,0.5689397079876419,0.6502064997185713,0.441546484923122,0.2438847708236504
1.1593017381660764,2.385415500604584,0.20602383909271965,-0.430575813403713,0.2686388038938071,0.47997828673543763,-0.4519565257311117,3.4880976967296653,0.06598596584180073,-3.7915743237811848,0.25123925594199475,0.7909872232640663,0.2751297001044034,0.2783651213500641,0.5690093696755585,0.6495831158702662,0.43971584640411604,-5.817808684205029
6.927106683208404,-0.11827510168947715,0.20400241058928978,360.82306061487037,0.26371091483371406,0.6655544588216993,-7.079400127276914,4.991676488977607,1.4473658770211275,-0.308554033450123,4.6037951665938905,0.7902687732307657,0.31639197486945686,75.375705015461,0.5688620183350758,0.6502064997185713,0.44154648492312193,1.876414501220236
16.536213010200225,-4.281843907538048,0.20605234981011866,-2.997752304672034,0.21213119989786122,0.5729973516330343,-17.236580860525038,12.666615098719305,-0.002483978681962093,-0.14834769970681785,0.25989278962065543,0.7910524275699926,0.291324075030078,-0.25387234145310433,0.5684250884278926,0.6576735117424036,0.43830084390014673,7.859487831930178
0.09620073782033757,-0.4658331282482435,0.19328281574002093,108.34692226247793,0.5067858374119233,-2.0226449416744448,1.2453245268421538,-1.6738531458596886,-1.5755454472157815,2.677903507661289,2.2910250674296613,0.8001613853267922,-0.2382644145411981,24.135333313742905,0.5809894067937859,0.6312980211369127,0.4100862623400036,1.6069174094884362
1.537059597166708,0.35321109221861985,0.2118896195474023,458.2927578908052,0.25465650012977586,1.0068163622145252,-0.6465915029463202,0.8825003120760851,17.122650714754165,0.5908795065182837,3.934008036797029,0.7871106317915809,0.39296741425716536,85.89271667968019,0.5687315885920735,0.6510656853461477,0.4444319073243278,1.1310901887504126
0.5139307431979998,-0.026433084133011008,0.20773576286252496,267.9436763844922,0.2546565001297767,1.0068163622145236,0.5450659643501472,-1.8202363866690499,-25.059199203518467,2.875586116196238,8.87298675869417,0.78771555495834,0.39296741425716514,76.56649134631833,0.5686418848894377,0.6510656853461476,0.44443190732432775,3.6930661021611715
-4.117509455382608,3.9592136646009206,0.2059780369542662,-0.8964587453099903,0.26328246652514914,0.4422888449778264,4.823489683602415,20.392717718662386,2.037804744400695,4.667392193077768,1.704458388798581,0.7910497077233435,0.2642436407064872,9.022325716799768,0.5689445240829883,0.6503261935392827,0.44009164968507963,-2.965249122770334
-13.601330341328707,1.1935715099178053,0.19913184120457839,102.13647865209352,0.5067858374119233,-2.022644941674438,14.844855771600963,1.0558270769746034,-0.20225328723208813,0.05120386503880647,1.7751348123263173,0.8026517811890668,-0.23826441454119648,20.403702687217816,0.5815557643690086,0.6312980211369126,0.41008626234000367,-0.11397053252448887
29.0538165650074,-1.0574965521006114,0.2060891488925463,466.8703891793653,0.21213119989786047,0.5729973516330332,-28.346081662408675,0.02826165679213486,276.15806378245065,0.05037430384149397,-8197.568355812517,0.7910503997782541,0.29132407503007746,342.55287845756516,0.5684255070305517,0.6576735117424037,0.43830084390014684,1.0657848040581317
-0.7311683084128333,1.6448750988326328,0.20577064206133888,374.69061640507624,0.2637109148337129,0.6655544588216966,1.4678302120586264,1.2190282548511786,-13.872917096086754,0.8345059075423754,5.159255381018285,0.7900291677271917,0.31639197486945597,79.0076854818575,0.5689130900602655,0.6502064997185715,0.441546484923122,0.20396353499196654
-0.2225034443086848,0.7423440419841224,5.179006774818879e-8,-140.3933558223311,0.26371091483371406,0.6655544588216993,0.9431554322851037,-2.0600059306071756,-76.74195041470662,-6.364757837201894,-2.386833155286376,0.8642450952682872,0.31639197486945686,-56.049443676789075,0.5541862450391281,0.6502064997185713,0.44154648492312193,0.10782126730350872
-0.05915067955721474,-0.9867248854645178,0.20558862140021403,312.2574593367695,0.26371091483371406,0.6655544588216993,0.7666175613408216,-0.5396783672391815,350.39470473267124,-24.495391021138733,24.769585502567136,0.7900560660538302,0.31639197486945686,76.91952641355788,0.5689073752858115,0.6502064997185713,0.44154648492312193,0.33388092220747745
84.33519021140393,-333.20526162368526,0.2060094944510628,17.847704755040244,-1.0123862935846981,31.621012417519445,-83.62718012513686,338.51383038546385,-0.004527379794360789,0.7374189922128179,1.6814342181493063,0.7910672649216763,9.802996296466906,3.8048954681525564,0.5690310596670404,0.9143123884555215,-0.871410333179723,333.6473044906832
-1.4247386778154735e-11,-10.855042716181137,0.23540041526873118,4.124639118647812,0.25465650012977636,1.006816362214525,0.8935097927895673,-12.060009085885536,17.316818377207746,-1519.5557487134993,0.4382491540752489,0.7718811625645149,0.39296741425716536,1.5352608646537378,0.5708683449690799,0.6510656853461477,0.4444319073243278,0.4674629060789911
0.35219553798356634,0.44865095855104037,0.20781005615006706,249.88240790198853,0.2637109148337129,0.6655544588216966,0.3587713113507572,0.25041932029216835,102.38912732134362,1.3646316276193873,-3.1862470213902565,0.7897814484496698,0.31639197486945597,24.96777134906109,0.5689660492302112,0.6502064997185715,0.441546484923122,0.43424096647966476
0.04775271898135594,-0.5019537257295406,0.20599952203973795,241.47720043234548,0.2684385497794186,0.42305635753436877,0.6602239031500499,3.7017001896079536,183.98348180889886,-16.739225457686807,0.4057483925183536,0.7910031663700143,0.25904389451274706,52.07069299220219,0.5690177858623313,0.6496561219320992,0.4408329443397863,0.22232673917125967
0.45105088722503345,7.856351451383167,0.2060094944510628,20.124958150067833,-1.012386293584698,31.62101241751945,0.25695919904204273,-0.6749676308711973,0.011035554179986118,0.017766979239180147,-0.4620653380021064,0.7910672649216763,9.802996296466908,6.618613647222711,0.5690310596670404,0.9143123884555215,-0.8714103331797242,0.2862263282048853
-0.0196039738416049,7.377258257720145,0.2060094944510628,15.416188799162564,-1.012386293584698,31.621012417519452,0.7276140601086811,-21.91915069012614,1.2568144427839303,-481.7917566504789,-0.31576571154386174,0.7910672649216763,9.80299629646691,5.244856048912147,0.5690310596670404,0.9143123884555214,-0.8714103331797252,0.1260242168263183
1.3385945549211822,-1.0203490446644936,0.2060094944510628,-3.2607596961061764,-1.012386293584698,31.621012417519452,-0.630584468654106,-0.02079980702343662,-1.3397708293724728,0.5004273547821667,0.5686595762427809,0.7910672649216763,9.80299629646691,1.4989260161497013,0.5690310596670404,0.9143123884555214,-0.8714103331797252,2.873121852310872
0.24607171150916257,3.2963569181874304,0.2060094944510628,5.801351279176027,-1.0123862935846981,31.621012417519445,0.4619383747579136,-0.5777390296635874,-0.07097297539586103,0.10530302903680802,0.001307798927920907,0.7910672649216763,9.802996296466906,2.3310767214929196,0.5690310596670404,0.9143123884555215,-0.871410333179723,0.2620129779281425
0.10939249894798694,-0.24202900608200603,0.2060094944510628,-2.104404666543775,-1.012386293584698,31.621012417519452,0.5986175873190892,-1.7787234555351725,-5.448236245608206,14.699185426720451,0.1086080316843171,0.7910672649216763,9.80299629646691,0.8679529980473655,0.5690310596670404,0.9143123884555214,-0.8714103331797252,0.1872239705031105
-4.882305988708219,0.8188396477507188,0.2235266483028483,114.74075121027249,0.2546565001297767,1.0068163622145236,5.743411715671172,-4.462278561542229,18.28983879345762,-0.7094420914477078,2.6727503346563926,0.7845855691432264,0.39296741425716514,144.28281985393488,0.5690995881152694,0.6510656853461476,0.44443190732432775,-0.25677821140935597
6.1930645627987895,0.950814937400879,0.1981041685983683,107.54473966115332,0.5067858374119233,-2.022644941674438,-5.403653008505005,1.9695457871857358,-2.0813691975892845,-0.26242741464349145,1.191826486900785,0.8021407383214175,-0.23826441454119648,41.839852132628735,0.5814393700641528,0.6312980211369126,0.41008626234000367,-0.6012109177433
2.973856478805718,0.22265753008910452,0.20601472011553892,12.83721758156042,-2.4479896838610333,0.8165840721962269,-2.3238429592437226,3.3793096713279316,0.1799699484553306,-0.3938523547719423,0.447127960148903,0.7904095603395084,-0.1766739065141083,2.905735906504575,0.5029638434267224,0.9513615710808785,0.5023203005480261,1.3204150395740875
0.6535615561496441,0.1652299172360799,0.20434128201208757,96.716990676027,0.5067858374119233,-2.022644941674438,-0.013904949561263747,-1.0705918294983414,-11.401311030371966,1.809945205141954,3.9175491289770146,0.804484059987514,-0.23826441454119648,29.74728473048751,0.5819705018343108,0.6312980211369126,0.41008626234000367,-7.650153607750861
-6.075520732597673,16.667414073430443,0.20826247262085246,17.82722039945368,0.26371091483371406,0.6655544588216993,6.695461811096449,-18.21852354547313,-0.32550719284048657,0.5547133585659848,-8.991662440404127,0.7897323162366247,0.31639197486945686,14.438798783661186,0.5689766147168918,0.6502064997185713,0.44154648492312193,-16.526345792474334
-2.9259959734943516e-7,-6.86995375427991,0.19796786014592338,10.869349322355998,0.5067858374119233,-2.022644941674438,0.6721460183921164,2.402416979481439,-0.018162090893503412,-0.1877066165524993,0.37245531759833705,0.8020640153531176,-0.23826441454119648,2.9134467647453777,0.5814218406734749,0.6312980211369126,0.41008626234000367,0.2324633810286617
-1.295027704428892,0.5019415770956668,0.19774284282423704,14.453524832409094,0.5067858374119233,-2.022644941674438,1.9645030026786081,31.6882064859313,20.31214111213744,19.267048975629844,0.005514447294615953,0.8019868322958708,-0.23826441454119648,37.04798430716695,0.5814043790054927,0.6312980211369126,0.41008626234000367,0.10317403353367839
0.05547146121643249,5.012946989940169,0.19807135407498325,11.41552499116794,0.5067858374119233,-2.022644941674438,0.6192286953566504,9.69555040809295,34.683556073999206,-216.97393546322144,-0.3486010593078839,0.802110252924976,-0.23826441454119648,1.5511328736780863,0.5814323661164446,0.6312980211369126,0.41008626234000367,0.6586695309225675
2.30228511170408,-0.06953811078111531,0.19620207701185183,2.1259056255780027,0.267243236122217,0.41829167927456345,-1.464689840452875,-12.760806573466333,-4.234436105810676,5.109688797819242,0.9815787663127058,0.7915068790707774,0.25900598263317354,11.715910684429183,0.5689026131254602,0.6498673440716671,0.44003371887270964,0.6666051490608257
0.26657577963710216,-0.060506645078587024,0.20648905512132265,-0.9197192215667026,-2.4479896838610333,0.8165840721962269,0.4375290226974227,13.684865015844437,-1.9830994078879325,-36.29263804016802,0.1948132742792367,0.7904420872588642,-0.1766739065141083,1.0014595103787582,0.5028820597216249,0.9513615710808785,0.5023203005480261,0.08844669994284943
-0.006420538737059238,-1.2333758581883711,0.20367152869957356,10.52996792096606,0.42545559603831445,-15.17479091721904,0.7004291736621228,-0.27374537691477074,13.47437244203274,-82.78253642904856,0.7075500104091059,0.8335385615656604,-3.251309049157042,2.5551734189270863,0.5771782789587476,0.6372492742850275,0.299439398802283,0.26279262534588155
0.4523212826444911,0.5737053804897911,0.20625858534620273,4.628813258506818,-2.4479896838610333,0.8165840721962269,0.2532237278362135,1.7606859773424013,1.1362254916817074,-1.4372941296368655,0.3243721012789378,0.7904257588825743,-0.1766739065141083,0.9589323213477888,0.5029233771444029,0.9513615710808785,0.5023203005480261,0.4205250237275459
-0.4788818387647128,0.8651812545644889,0.20631840349001968,0.5453522985411116,-2.4479896838610333,0.8165840721962269,1.1852965540848248,1.891252256614253,-0.8210838467916589,2.4706418882475294,0.3380070096507061,0.7904297097588456,-0.1766739065141083,0.031155482874966046,0.502913510471834,0.9513615710808785,0.5023203005480261,0.10827928080722934
-0.3595394633549049,1.4945324776088527,0.2061631899098979,11.798067994554142,-2.4479896838610333,0.8165840721962269,1.0688748291584178,1.0069471623464146,-1.1928196381805891,0.9790953935106852,0.47132221126081303,0.7904194240929348,-0.1766739065141083,2.746488516250658,0.5029392086231725,0.9513615710808785,0.5023203005480261,0.20128895093567242
5.510339223720276e-10,11.732004707368114,0.19695115445608308,24.205905252776688,0.5067858374119233,-2.022644941674438,0.6787346836544699,-35.32713664624102,47.24607513130738,-4984.066556638677,0.42169483521880025,0.8017017894471892,-0.23826441454119648,6.101273018158674,0.5813398022358097,0.6312980211369126,0.41008626234000367,0.2395667761551635
0.1496531679777307,0.41942312375527496,0.20755028287586227,2.3361839950772327,0.42545559603831445,-15.17479091721904,0.5526820843876261,-0.5319913560311444,-1.28495658745016,0.8241129104416954,0.49209427615249657,0.8410111934577884,-3.251309049157042,1.010288804299867,0.5774057433845872,0.6372492742850275,0.299439398802283,0.5433837756153208
-0.2517517313142674,1.009320147613421,0.20699258662409326,6.125862265739883,0.42545559603831445,-15.17479091721904,0.9552438472974274,0.6687764023417253,-1.6987839017075468,1.5380981951841046,0.4269316489322952,0.8400108701150495,-3.251309049157042,1.2716507779435688,0.5773761814707576,0.6372492742850275,0.299439398802283,0.18647465519644227
0.3625514534206658,-0.1956929615539467,0.20759756034507038,3.980153572199319,0.42545559603831445,-15.17479091721904,0.34281089584235885,0.10473842934000649,4.429856793819143,1.7262221315613033,-0.8372855898645557,0.8411002040463726,-3.251309049157042,0.8593924898059253,0.5774084218303434,0.6372492742850275,0.299439398802283,0.1945311844206222
31.632355784652923,0.8864660956175433,0.20599998246170573,1.1799240947596192,0.26843854977941917,0.42305635753436815,-30.92441985789892,2.1720063144660036,-0.3695523715293223,-0.050868650528180646,-0.5793704844989473,0.7910031570355883,0.2590438945127471,16.621485029023255,0.5690177887666683,0.649656121932099,0.4408329443397862,-0.3467904219264147
1.916646187487108,0.42718669138119525,0.2064680885050591,7.397945154091265,0.38197652610695754,-5.371025884674696,-1.2489463587635,2.847137685907192,0.22642813570287126,-0.7245983396729645,0.4030863276691047,0.8120271693137854,-1.0594118670036583,1.6456702250066144,0.5746843115707325,0.6403696879523085,0.3955668962422663,0.7443076673653373
75.40551988079403,0.37734705108213795,0.20744389858986384,-0.28081641450434003,0.42545559603831445,-15.17479091721904,-74.6978233448876,0.005959747412663344,0.19823632565359148,-0.001064572060559854,-14.636656794661057,0.8407929358337748,-3.251309049157042,0.3490598639313706,0.5773989315370531,0.6372492742850275,0.299439398802283,-0.38124789399970055
0.4306219300643812,0.5032829250045582,0.2060274704051208,101.9846919519263,0.2686388038938072,0.4799782867354378,0.2774683876112276,0.7927719133869835,27.140588906507183,0.045113507784403234,-0.21348011031106753,0.7909870569323945,0.27512970010440346,12.863156926586939,0.569009416681586,0.6495831158702662,0.43971584640411604,0.5026770667801423
0.043289291895146555,-2.9925322641155705,0.20602092214357393,-0.34765723411037097,0.26863880389380707,0.479978286735436,0.6638196533524012,21.16536729556412,0.21548524436078306,-291.32073978753357,0.28310839031916213,0.7909873604239789,0.27512970010440285,0.34442930755152157,0.5690093309251631,0.6495831158702662,0.4397158464041161,0.091968528947982
0.35227379412225257,0.047933137155734724,0.2596266294839863,-16.628714595644205,0.25465650012977586,1.0068163622145252,0.349618376936165,13.739729002514142,8.246618687164938,-27.805116700685545,0.5243413723932169,0.7792104524491742,0.39296741425716536,-7.639085658444753,0.5698969131501078,0.6510656853461477,0.4444319073243278,0.07691940493435336
3.6606483885347645,-0.6754148944257757,0.20199958787803843,0.6353171530883998,0.1939650536242392,0.417628589851412,-2.870966802168938,-15.66093605133217,-3.807824634308868,3.9025894160277295,1.6648611517640712,0.7914042267554904,0.24719527959602589,16.105734578535987,0.5678195384201514,0.6592826009303158,0.4397815546837415,1.3461058536302544
45.670596052565486,0.9725877453190046,0.20599990313775982,3.4906872830264724,0.2387705531168533,0.3317022290446481,-44.962620489790524,0.3674670039842744,-0.20323163586366375,-0.006222625363984828,-0.12998388887385942,0.7910067517562029,0.22301374334166504,13.610715637908442,0.5689993051010693,0.6553593125773461,0.4461840841573874,-0.451686612284403
-4.824651866108634,1.959276046527841,0.2343612489314083,-16.454391310556666,0.25465650012977586,1.0068163622145252,5.54669988315594,21.254873438191616,8.518256011417082,3.669965888725505,2.917730800935997,0.7830406099341838,0.39296741425716536,45.39027006365392,0.5693287468392053,0.6510656853461477,0.4444319073243278,-1.252234717164286
0.05498880512587886,-0.2841229192446294,0.20606407512197428,1.7800012499128355,0.3819765261069567,-5.371025884674687,0.6437225244729655,6.698201079423113,2.8047649222220827,-71.55232189533729,0.3194704497672934,0.8116822257153834,-1.0594118670036563,0.6573007530913664,0.5746632346284688,0.6403696879523086,0.39556689624226643,0.2104239834600317
3.1991861939036914,-0.3116186427301845,0.20602881870919215,-16.789868058102204,0.21213119989786047,0.5729973516330332,-2.497945998511305,3.8198125232547695,-0.15833613163627522,-0.23844528629765965,0.1395180107781098,0.7910532981470788,0.29132407503007746,-3.1072938214726884,0.5684249078862718,0.6576735117424037,0.43830084390014684,2.2684999226790876
0.232371638673724,-0.3694320101674269,0.20822034202707634,-2.7197650787837606,0.3819765261069567,-5.371025884674687,0.472098769385854,-2.8375242005778865,-15.42386200602258,14.970489186648786,1.2017282955871367,0.8131172132742985,-1.0594118670036563,3.080695865445113,0.5747489572098406,0.6403696879523086,0.39556689624226643,0.06408841440068944
0.3109774191925956,0.50100257117037,0.20704753870027312,1.9304852634704022,0.38197652610695754,-5.371025884674696,0.39316570288688635,-0.3156035915553118,-1.1596320747361797,0.7407291054768737,0.49130219527642366,0.8124304998946061,-1.0594118670036583,1.1405828830255653,0.5747084636411113,0.6403696879523085,0.3955668962422663,0.8723830754436014
0.9985468853524394,-0.36887867384747924,0.20713021308572513,4.205474822516153,0.3819765261069567,-5.371025884674687,-0.2942399665890022,0.1074397821899536,2.148736104875474,0.6405082392117867,-2.165356694359831,0.8124901675031275,-1.0594118670036563,1.9077665089140057,0.5747120517606984,0.6403696879523086,0.39556689624226643,0.4012468283992072
-7.547945618944705,0.7267877103470812,0.2066762842651574,-2.7307358455502944,0.38197652610695754,-5.371025884674696,8.25407175237486,-0.1322815432694525,0.5763016084060002,0.03827114148974905,5.149404478921145,0.8121660780704094,-1.0594118670036583,-0.8786217096483374,0.5746925801338155,0.6403696879523085,0.3955668962422663,-0.6975460561574549
0.1578567006629459,-0.24170790164997769,0.20716343407600407,1.5142406026284896,0.3819765261069567,-5.371025884674687,0.549339882602768,0.5355620505640079,2.001985069920656,3.8225444172617458,0.07149104237730233,0.8125081455835801,-1.0594118670036563,0.7216133624399118,0.5747130989077689,0.6403696879523086,0.39556689624226643,0.2229257088721484
-0.32296855837526545,1.1743349735276818,0.2066723189785167,6.7246465374779705,0.3819765261069567,-5.371025884674687,1.0304970820858594,0.9077071077316816,-1.0962936023945171,1.3312652228499078,0.4217707366628054,0.8121746117632263,-1.0594118670036563,1.556013710671248,0.574693169445401,0.6403696879523086,0.39556689624226643,0.19004825254853347
-2.9738150135976817,8.387434702345562,0.20599877806984768,-0.36455663821806966,0.2684385497794188,0.4230563575343673,3.687291914305907,0.9700453206798185,0.0005315065377740391,0.03924945296260224,0.27893112343144394,0.7910031791884148,0.2590438945127466,0.35754322371103586,0.569017781870222,0.6496561219320991,0.4408329443397864,0.2687348788026803
-0.07116621265680026,2.107310394140242,0.20599990313775982,-1.6573554808984359,0.2387705531168535,0.33170222904464675,0.7791417754317632,-4.917076924241036,-1.326859367939381,-35.32727128604811,0.31624954972635966,0.7910067517562029,0.22301374334166463,-0.1475326042607035,0.5689993051010693,0.655359312577346,0.44618408415738753,0.12544373508908277
0.04347434071214865,-0.9451962675941858,0.20599990313775982,23.39769386427474,0.2387705531168533,0.3317022290446481,0.6645012220628144,4.395218894024359,20.082659508378804,-23.832199513741582,0.0919723413135638,0.7910067517562029,0.22301374334166504,5.67664286639481,0.5689993051010693,0.6553593125773461,0.4461840841573874,0.2116847919708232
-0.00011192359461015043,-15.862017119610462,0.20031933994135376,4.836374534361484,0.2637109148337129,0.6655544588216966,0.692930960426022,21.09703700557202,52.95435235583166,-9340.427308675698,0.41340019392292826,0.7910072367844269,0.31639197486945597,1.4123086848882485,0.5687064567376658,0.6502064997185715,0.441546484923122,0.26161744587205854
1.4840553306794617,0.1638227316546088,0.20599475122659763,-113.67836626442013,0.26843854977941917,0.42305635753436815,-0.7761056444065152,2.2657405239173194,-3.762039387369865,-0.301070037314768,-0.36492845718173583,0.7910032377260469,0.2590438945127471,-21.282445955783217,0.5690177636263011,0.649656121932099,0.4408329443397862,1.4373781735162834
-0.0055989418694826236,8.511046329792727,0.2060009877467909,-0.3101498431829712,0.26843854977941883,0.42305635753436727,0.7123176189190948,-24.670664809592665,-0.14686317509656024,-957.8709988563612,0.2792746708766547,0.791003142575866,0.2590438945127466,0.36858624156678454,0.5690177932748999,0.6496561219320991,0.4408329443397864,0.16892835961213495
0.6630108057516547,-0.6217091445852129,0.20599990313775982,14.08446166659554,0.2387705531168535,0.33170222904464675,0.04496475702330828,0.12056302275359775,7.349737787964451,0.9701527560147261,-8.33509516506376,0.7910067517562029,0.22301374334166463,8.848129556233813,0.5689993051010693,0.655359312577346,0.44618408415738753,0.7450727750343767
3.4184510963608012,0.6594877049175464,0.20605928941525625,3.3699076973329665,0.21213119989786047,0.5729973516330332,-2.7111256593825424,5.698117511153071,-2.271769649158933,-1.218366217984953,-0.5093213185133413,0.7910519629218197,0.29132407503007746,12.142594913088379,0.5684251842450456,0.6576735117424037,0.43830084390014684,-0.2028787619309879
10.89350943657767,-5.309406899274424,0.20599990313775982,7.441918303917138,0.2387705531168533,0.3317022290446481,-10.185533873802706,-39.89129149107163,-19.868405139966903,3.4649069940255437,34.87278746377304,0.7910067517562029,0.22301374334166504,232.27652399701057,0.5689993051010693,0.6553593125773461,0.4461840841573874,6.121499953374022
-5.241476473352405,3.081610198341669,0.20537776785714332,15.26814614639009,0.2637109148337129,0.6655544588216966,5.936057231470076,-1.894427346931244,-1.7221579767434707,0.28437176339605597,-15.387767180275127,0.7901258721400727,0.31639197486945597,12.805674147697093,0.5688927835224415,0.6502064997185715,0.441546484923122,-2.997650732541625
2.0942001965891235,0.07774024432067658,0.20601121045923304,19.873494474523806,0.2686388038938071,0.47997828673543763,-1.387797251373398,2.8006376047472865,0.37775864929140374,-0.29761357077596423,0.43289872171361343,0.7909877338151735,0.2751297001044034,4.432569640652498,0.5690092251845121,0.6495831158702662,0.43971584640411604,1.5866950710905163
-0.234946276502938,-0.5366611776194332,0.20599990313775982,25.605503356009685,0.23877055311685266,0.33170222904464824,0.9429218392779011,-0.6227250217949571,17.004672018495317,-6.06762929397328,3.4766154264530065,0.7910067517562029,0.2230137433416649,8.127229043786294,0.5689993051010693,0.6553593125773464,0.4461840841573874,0.36242824275618474
0.7434370495668831,-0.0642852963791368,0.20599910902870994,-21.382770994156434,0.26843854977941917,0.42305635753436815,-0.03545482933571191,-0.02810752330041512,-16.534098874449597,1.0214936981211447,8.068141654562668,0.7910031731843903,0.2590438945127471,0.5744504629039059,0.5690177837394949,0.649656121932099,0.4408329443397862,-0.202329573453959
-0.1153545501097553,4.064988891714657,0.20663196113461374,-0.12264343276992601,0.2637109148337129,0.6655544588216966,0.8182872034515621,16.19141587010666,-19.120389772113814,138.7540624769995,-0.20425939921649125,0.7899479969936772,0.31639197486945597,-1.750518759994013,0.5689306258222474,0.6502064997185715,0.441546484923122,-0.2616241560066563
2.178313536587643,0.37742337836513445,0.2060240770635257,-0.4373544896484374,0.26328246652514914,0.4422888449778264,-1.4721133730274816,14.094170274534946,3.304604626260592,-4.837627744275587,0.6887400893704018,0.7910466595162758,0.2642436407064872,-9.27940343954188,0.5689454178505055,0.6503261935392827,0.44009164968507963,0.10589242763892871
0.08112886841384165,0.26479772455597395,0.20599990313775982,-62.57869669943719,0.2387705531168533,0.3317022290446481,0.6268466943611213,2.4235277530197377,-30.228961981040126,-6.008370063084906,-0.2702753928852394,0.7910067517562029,0.22301374334166504,-12.05185123584271,0.5689993051010693,0.6553593125773461,0.4461840841573874,0.23544443679419055
-0.9928156835486021,3.3419350393457723,0.20602062404827964,-3.045662243969091,0.21213119989786047,0.5729973516330332,1.7042713843487654,0.94564545510732,0.040435169083981155,0.1749091501273724,0.257731683867758,0.7910536427247254,0.29132407503007746,-0.26722034320787463,0.5684248365315568,0.6576735117424037,0.43830084390014684,0.2380530142745295
-0.20894356054349397,-0.6917801200021216,0.20599994643726183,41.32784874619231,0.2684385497794186,0.42305635753436877,0.9169208708751081,-0.5963397077597503,31.53401158797067,-7.416413486286759,5.6523413290265525,0.7910031576780884,0.25904389451274706,12.750161558345589,0.5690177885666088,0.6496561219320992,0.4408329443397863,0.39317665811165914
-0.5990965631185907,1.844418705792461,0.20538531790138478,4.77975798972603,0.26371091483371406,0.6655544588216993,1.303140147201977,7.830877878439126,-13.15900242192779,11.937141550840913,-1.0206168572584604,0.7901242362107528,0.31639197486945686,-6.657137109000748,0.5688931287318071,0.6502064997185713,0.44154648492312193,-0.4841988795399422
0.8868910854393397,0.32486992664498104,0.2062172096021728,0.4814729888643177,0.1939650536242392,0.417628589851412,-0.18068336366659324,9.88951150105947,-2.337609184080397,-8.049563132635107,0.03504978983626753,0.791277028449989,0.24719527959602589,3.5114719679971675,0.5678509454471304,0.6592826009303158,0.4397815546837415,0.007323510900143696
-0.06961093702526419,2.3949713849731276,0.2059984208737843,-36.181967312556445,0.26843854977941917,0.42305635753436815,0.7775902696947166,-0.3966327506541912,13.003404977813078,-1.2899851151406814,-0.15253952825813227,0.7910031852743696,0.2590438945127471,-7.282507648837203,0.569017779974872,0.649656121932099,0.4408329443397862,0.23297887624722072
-0.014307136415916466,2.9405945329006666,0.20607263471934703,-2.0609390903076164,0.21213119989786122,0.5729973516330344,0.7202048616870587,-9.236644544101091,-1.3045764995740725,-172.9692566735103,0.2745202614328394,0.791051651875469,0.29132407503007807,-0.10232378875303608,0.5684252492534067,0.6576735117424036,0.43830084390014673,0.1824707422858479
0.37383497134550675,-0.8347618823142376,0.20600645309442525,-1.0895263257419647,0.21213119989786047,0.5729973516330332,0.33431162423925953,-2.683507145645378,-5.596816228537897,10.060132419035748,1.0381365795566049,0.7910541954130116,0.29132407503007746,1.8487746225888342,0.5684247219920924,0.6576735117424037,0.43830084390014684,-0.6509507860758781
-0.25831050500928676,0.6915135097011014,0.20599990313775982,-28.702398035695463,0.2387705531168535,0.33170222904464675,0.9662860677842497,-1.544456625322451,-11.275177899527652,-4.480012396230271,-0.2874400345113717,0.7910067517562029,0.22301374334166463,-9.990249984957309,0.5689993051010693,0.655359312577346,0.44618408415738753,0.09879994252097926
0.5713841625672079,0.21081057641529485,0.20550974024234298,1.7261499116796877,0.267243236122217,0.41829167927456345,0.13306005801646298,12.918286528493446,-2.8690757617095737,-16.498961152605844,0.12116865920961485,0.7911154115273105,0.25900598263317354,3.157567848802886,0.5690238003842769,0.6498673440716671,0.44003371887270964,0.07535131359471776
0.1340537655356743,0.516461048840654,0.2059394839607424,-198.72164635049154,0.2684385497794186,0.42305635753436877,0.5739243760360068,1.7859424749736075,-71.06398745611527,-2.5407741071675742,-2.0571876261670763,0.791003848429231,0.25904389451274706,-36.30572816098951,0.5690175730819377,0.6496561219320992,0.4408329443397863,0.24880118797028777
-0.041143414941031305,-1.0426972973731008,0.20479233031756108,46.62895992908967,0.267243236122217,0.41829167927456345,0.746305012842741,-0.4166275582413481,58.41391714601329,-31.626490067907287,3.633682640184559,0.7911685106265923,0.25900598263317354,11.281682055939402,0.5690074971261294,0.6498673440716671,0.44003371887270964,0.31564643149539257
-0.2609478635722621,-1.032826716967966,0.20601763187927907,-11.278156606548563,0.21213119989786047,0.5729973516330312,0.9687268242518713,-0.6611953511173256,-13.072909031873744,-7.767745384053641,-2.3316510302158497,0.7910537477374967,0.29132407503007685,-3.5013251535049372,0.5684248147418306,0.6576735117424038,0.43830084390014695,0.5213676688328578
0.7700337809878282,-0.520002808123866,0.204802469303351,39.9639083827041,0.2637109148337129,0.6655544588216966,-0.0633718098762853,0.15275022958460302,18.310940242635244,0.8527427001257435,-20.22412766038172,0.7902066433309162,0.31639197486945597,18.880699788040157,0.5688755910529032,0.6502064997185715,0.441546484923122,0.6131640689399477
-0.05878551422250875,-1.2950067942446515,0.20631993304696564,-18.74369123123543,0.19396505362424085,0.4176285898514093,0.7657972781636079,-0.4737257672853722,-27.177811328249035,-30.532479293199447,-1.462179072129493,0.7912734030010893,0.24719527959602552,-4.241506792965665,0.5678518400038888,0.6592826009303155,0.4397815546837416,0.3648238924474054
3.590039238280666,-0.7369029355861637,0.20614915991087332,10.491833699641317,0.1939650536242392,0.417628589851412,-2.8829225471958466,0.10343743779493507,5.855543547334503,0.290189352159,-23.370435458405712,0.7912805099367178,0.24719527959602589,6.509026895866878,0.5678500908369736,0.6592826009303158,0.4397815546837415,0.7743448396784375
-0.3440233655929731,1.8622114028756052,0.20601174803915168,-19.670344489227897,0.21213119989786047,0.5729973516330332,1.0520763254941272,0.7718714507306977,1.3492335726416145,0.503746746362307,0.05059654199763844,0.7910539679496328,0.29132407503007746,-3.799589178231459,0.5684247690843838,0.6576735117424037,0.43830084390014684,0.21811282426112827
1.6007917068904327,-0.816158376169219,0.20600003979744277,12.756588487335998,0.2684385497794186,0.42305635753436877,-0.8928132783957076,0.20225480629765238,7.4326365578732165,0.5813504030144993,-16.022976967363434,0.7910031559496277,0.25904389451274706,9.340213131723644,0.5690177891046896,0.6496561219320992,0.4408329443397863,0.9103001127983007
1.091352564207585,-0.525119067678569,0.20533835518621163,9.997405469700016,0.267243236122217,0.41829167927456345,-0.38555321225566,0.14734971881053047,4.054395373382674,0.6701249321650103,-5.462008623662521,0.7911284256052058,0.25900598263317354,4.690687721984111,0.5690198066391684,0.6498673440716671,0.44003371887270964,0.5907967390568629
0.4922116772991495,0.3737840218387327,0.2060073172648312,-11.81190900951679,0.21213119989786047,0.5729973516330312,0.21563416615279793,-0.12103659264560677,-5.52819574690975,1.4038234336534638,0.8382742058039396,0.7910541613431842,0.29132407503007685,0.10399269619859774,0.5684247290515774,0.6576735117424038,0.43830084390014695,0.6977003623625005
-0.23823307716932537,0.8520681215757678,0.206018878016349,-7.482285316895156,0.21213119989786047,0.5729973516330332,0.9460452751417135,-2.2623223733313518,-5.080562636553794,-7.058098927292285,0.19240461635707556,0.7910537035418427,0.29132407503007746,-2.9210511395930534,0.5684248239111163,0.6576735117424037,0.43830084390014684,0.1026563341300522
-0.004380046438521356,-5.938010228778976,0.20599120353321482,1.3670666748152165,0.2686388038938072,0.4799782867354378,0.7118505731188284,2.4492098775179656,4.994532024777699,-586.7448672351001,0.3283799806543673,0.7909885448818003,0.27512970010440346,0.7711743372621556,0.5690089956248943,0.6495831158702662,0.43971584640411604,0.3375422428220383
0.3191012149158308,-0.11148318568646967,0.20607745912215822,-3.7438788655816935,0.1939650536242392,0.417628589851412,0.3885863980719241,-0.8704005944362273,-5.507545490351646,5.111355910995924,0.9316820549986344,0.7912837330109529,0.24719527959602589,0.8721306442852103,0.5678492983338852,0.6592826009303158,0.4397815546837415,0.17083102770837322
0.3441334095353617,-0.20755174973459078,0.20607489387027608,-2.5421179912405463,0.1939650536242392,0.417628589851412,0.36370027220661233,-1.2887632859690892,-4.814601921023313,5.969854448920046,0.8650503091647155,0.7912838475592036,0.24719527959602589,1.1420574007276432,0.5678492701667813,0.6592826009303158,0.4397815546837415,0.06354179191611588
-0.7756266869655596,-0.7275263096577782,0.2059518812806818,87.53321985225486,0.26328246652514853,0.44228884497782733,1.4835656215463906,-0.37369909172035115,59.91086844029918,-1.9651893325427041,37.27376836509985,0.7910510835844736,0.2642436407064873,35.21500410292543,0.5689441190874728,0.6503261935392828,0.44009164968507963,0.5656602693246329
2.0077151288268236,-0.9031014148347892,0.20601768252203106,3.046678209556907,0.2686388038938072,0.4799782867354378,-1.2997139278845495,0.20641690729330053,2.1572662998029766,0.5148932262909597,-5.423587054365838,0.7909874760475365,0.27512970010440346,2.979040272121967,0.56900929814744,0.6495831158702662,0.43971584640411604,0.9946933943501783
0.41677696555465205,-0.16296502743939242,0.20518865847449125,-0.687947927863535,0.267243236122217,0.41829167927456345,0.2902221753098938,-0.6239311042282182,-5.009989405155662,3.4017384351511772,1.2318585594793603,0.7911380414819722,0.25900598263317354,1.6826526964522421,0.569016846969186,0.6498673440716671,0.44003371887270964,0.07583839126820803
-0.22837283705006967,1.7928102603377414,0.20601514411504143,15.695469992003343,0.2686388038938071,0.47997828673543763,0.9365645571191135,0.624857730285995,-1.794520671822807,0.7053957328349195,0.459902774818013,0.7909875766593849,0.2751297001044034,3.792656669019028,0.5690092696670594,0.6495831158702662,0.43971584640411604,0.21911296130534713
0.40180762806065645,-0.1927081684432251,0.2051762599535117,-0.06066828710526656,0.267243236122217,0.41829167927456345,0.3054465339133787,-0.9272424452813552,-4.515863231081665,4.261774818018417,1.0207610808324024,0.79113881364583,0.25900598263317354,1.7659021891091258,0.5690166091951742,0.6498673440716671,0.44003371887270964,0.028720940715985206
0.052817493431765714,-0.6168641478519648,0.2060218027812628,-5.351189351022309,0.2686388038938071,0.47997828673543763,0.6552413884230295,3.254853317783753,-3.7939646309476203,-9.69778957764616,0.32587881529619034,0.7909873100298644,0.2751297001044034,-0.7477054128851918,0.5690093451331623,0.6495831158702662,0.43971584640411604,0.21747752968648165
0.48401363575424305,0.4970577034443514,0.20600059332973014,74.18810043640894,0.26328246652514914,0.4422888449778264,0.22405899539654184,0.8243294226997754,17.47969228344595,-0.003069182787153741,-0.11219096994424627,0.7910481619378598,0.2642436407064872,9.570503891094125,0.5689449770812747,0.6503261935392827,0.44009164968507963,0.5652178109238344
0.11374873659910767,-0.37284925726017853,0.20601402887611822,-6.665921099076182,0.2686388038938071,0.47997828673543763,0.5944017928566739,0.9189264166280866,-4.279199759753479,5.614202885286036,0.5508526775439809,0.7909876099555836,0.2751297001044034,-1.0130294000509001,0.569009260210503,0.6495831158702662,0.43971584640411604,0.20834370947045494
6.2138072028960165,-0.8325943029118335,0.20687575667143132,-29.87606254837062,0.26328246652514914,0.4422888449778264,-5.506079235701609,0.081459664798868,-14.219176789970893,0.18874330200889144,95.90573369790391,0.7910057341466665,0.2642436407064872,-16.50538267661642,0.56895747387323,0.6503261935392827,0.44009164968507963,0.85854559451907
-0.6003726996195733,-0.7445194796102785,0.20601787868258367,36.54652061895425,0.2686388038938071,0.47997828673543763,1.3084321197051416,-0.4357974967291972,26.446193206490488,-2.6419926963459663,12.684509284232638,0.7909874672511618,0.2751297001044034,14.360040170716925,0.5690093006344097,0.6495831158702662,0.43971584640411604,0.542298262920471
-0.7027922442627997,0.6865975270853578,0.20600406315567532,-60.63397549503089,0.2686388038938071,0.47997828673543763,1.4108720729342956,-1.2421278307880623,-22.309483183404947,-1.5481195459723593,-1.9206995001047031,0.7909878956198687,0.2751297001044034,-32.38208049566122,0.5690091790908886,0.6495831158702662,0.43971584640411604,-0.004592179414437725
-0.6645934908236876,0.702144533737903,0.2060842176649407,25.25084347130585,0.26328246652514914,0.4422888449778264,1.3727358980125786,-1.422061961320692,10.49670798662731,-1.8482083241331453,1.103065355587455,0.791042940018494,0.2642436407064872,14.810225996480868,0.5689465098156964,0.6503261935392827,0.44009164968507963,0.0037915995253311615
