-1.0, 0.874, 1.59333, 0.896, 0.461
-0.998, 0.8750479233391443, 1.5928828400780817, 0.896, 0.461
-0.996, 0.8760955325960376, 1.5924358483649406, 0.896, 0.461
-0.994, 0.8771428266327193, 1.591989025250434, 0.896, 0.461
-0.992, 0.8781898043150191, 1.5915423711230043, 0.896, 0.461
-0.99, 0.8792364645125502, 1.5910958863696805, 0.896, 0.461
-0.988, 0.8802828060986982, 1.5906495713760842, 0.896, 0.461
-0.986, 0.8813288279506182, 1.590203426526429, 0.896, 0.461
-0.984, 0.8823745289492124, 1.5897574522035303, 0.896, 0.461
-0.982, 0.8834199079791454, 1.5893116487887988, 0.896, 0.461
-0.98, 0.884464963928825, 1.588866016662247, 0.896, 0.461
-0.978, 0.885509695690378, 1.5884205562025013, 0.896, 0.461
-0.976, 0.8865541021596501, 1.587975267786799, 0.896, 0.461
-0.974, 0.8875981822362197, 1.5875301517909848, 0.896, 0.461
-0.972, 0.8886419348233654, 1.5870852085895213, 0.896, 0.461
-0.97, 0.8896853588280654, 1.5866404385554915, 0.896, 0.461
-0.968, 0.8907284531609886, 1.5861958420606017, 0.896, 0.461
-0.966, 0.8917712167364868, 1.5857514194751827, 0.896, 0.461
-0.964, 0.8928136484725856, 1.5853071711681959, 0.896, 0.461
-0.962, 0.8938557472909799, 1.584863097507232, 0.896, 0.461
-0.96, 0.8948975121170194, 1.5844191988585195, 0.896, 0.461
-0.958, 0.895938941879695, 1.5839754755869286, 0.896, 0.461
-0.956, 0.896980035511665, 1.5835319280559603, 0.896, 0.461
-0.954, 0.8980207919492029, 1.5830885566277675, 0.896, 0.461
-0.952, 0.8990612101322001, 1.5826453616631548, 0.896, 0.461
-0.95, 0.9001012890041805, 1.5822023435215695, 0.896, 0.461
-0.948, 0.9011410275122727, 1.581759502561117, 0.896, 0.461
-0.946, 0.9021804246072057, 1.581316839138558, 0.896, 0.461
-0.944, 0.9032194792433027, 1.580874353609314, 0.896, 0.461
-0.942, 0.9042581903784709, 1.5804320463274688, 0.896, 0.461
-0.94, 0.9052965569741961, 1.579989917645773, 0.896, 0.461
-0.938, 0.9063345779955319, 1.5795479679156463, 0.896, 0.461
-0.936, 0.9073722524110924, 1.5791061974871807, 0.896, 0.461
-0.934, 0.9084095791930499, 1.5786646067091417, 0.896, 0.461
-0.932, 0.9094465573171152, 1.5782231959289754, 0.896, 0.461
-0.93, 0.9104831857625313, 1.5777819654928116, 0.896, 0.461
-0.928, 0.9115194635121006, 1.5773409157454523, 0.896, 0.461
-0.926, 0.9125553895520944, 1.5769000470304078, 0.896, 0.461
-0.924, 0.9135909628723623, 1.5764593596898524, 0.896, 0.461
-0.922, 0.9146261824661975, 1.5760188540646793, 0.896, 0.461
-0.92, 0.9156610473304274, 1.5755785304944636, 0.896, 0.461
-0.918, 0.9166955564653605, 1.5751383893174817, 0.896, 0.461
-0.916, 0.917729708874787, 1.5746984308707146, 0.896, 0.461
-0.914, 0.9187635035659715, 1.5742586554898472, 0.896, 0.461
-0.912, 0.9197969395496448, 1.5738190635092728, 0.896, 0.461
-0.91, 0.9208300158399968, 1.5733796552620967, 0.896, 0.461
-0.908, 0.9218627314546675, 1.5729404310801378, 0.896, 0.461
-0.906, 0.9228950854147411, 1.5725013912939318, 0.896, 0.461
-0.904, 0.9239270767447348, 1.5720625362327365, 0.896, 0.461
-0.902, 0.9249587044725973, 1.5716238662245297, 0.896, 0.461
-0.9, 0.925989967629694, 1.5711853815960177, 0.896, 0.461
-0.898, 0.9270208652507977, 1.570747082672637, 0.896, 0.461
-0.896, 0.9280513963741036, 1.5703089697785495, 0.896, 0.461
-0.894, 0.9290815600411757, 1.5698710432366623, 0.896, 0.461
-0.892, 0.9301113552970051, 1.5694333033686054, 0.896, 0.461
-0.89, 0.9311407811898748, 1.568995750494787, 0.896, 0.461
-0.888, 0.9321698367716525, 1.5685583849342688, 0.896, 0.461
-0.886, 0.9331985210972942, 1.5681212070049784, 0.896, 0.461
-0.884, 0.9342268332252933, 1.567684217023515, 0.896, 0.461
-0.882, 0.93525477221745, 1.5672474153052511, 0.896, 0.461
-0.88, 0.936282337138908, 1.5668108021643121, 0.896, 0.461
-0.878, 0.9373095270581465, 1.5663743779135824, 0.896, 0.461
-0.876, 0.9383363410469738, 1.5659381428647081, 0.896, 0.461
-0.874, 0.9393627781805186, 1.565502097328098, 0.896, 0.461
-0.872, 0.9403888375372231, 1.565066241612927, 0.896, 0.461
-0.87, 0.941414518198835, 1.5646305760271417, 0.896, 0.461
-0.868, 0.9424398192504017, 1.564195100877458, 0.896, 0.461
-0.866, 0.9434647397802592, 1.5637598164693693, 0.896, 0.461
-0.864, 0.944489278880029, 1.563324723107147, 0.896, 0.461
-0.862, 0.9455134356446077, 1.5628898210938413, 0.896, 0.461
-0.86, 0.9465372091721582, 1.5624551107312892, 0.896, 0.461
-0.858, 0.9475605985641172, 1.5620205923201076, 0.896, 0.461
-0.856, 0.948583602925143, 1.561586266159717, 0.896, 0.461
-0.854, 0.9496062213631872, 1.5611521325483104, 0.896, 0.461
-0.852, 0.9506284529894015, 1.5607181917828914, 0.896, 0.461
-0.85, 0.9516502969182062, 1.5602844441592456, 0.896, 0.461
-0.848, 0.952671752267186, 1.5598508899719854, 0.896, 0.461
-0.846, 0.9536928181572016, 1.559417529514501, 0.896, 0.461
-0.844, 0.9547134937122977, 1.558984363079, 0.896, 0.461
-0.842, 0.9557337780597259, 1.558551390956496, 0.896, 0.461
-0.84, 0.9567536703299323, 1.558118613436816, 0.896, 0.461
-0.838, 0.9577731696565509, 1.5576860308086, 0.896, 0.461
-0.836, 0.9587922751763964, 1.5572536433593056, 0.896, 0.461
-0.834, 0.9598109860294571, 1.556821451375211, 0.896, 0.461
-0.832, 0.9608293013588871, 1.5563894551414157, 0.896, 0.461
-0.83, 0.9618472203109997, 1.5559576549418461, 0.896, 0.461
-0.828, 0.9628647420352598, 1.555526051059256, 0.896, 0.461
-0.826, 0.9638818656842769, 1.5550946437752295, 0.896, 0.461
-0.824, 0.9648985904137986, 1.5546634333701856, 0.896, 0.461
-0.822, 0.965914915382701, 1.5542324201233795, 0.896, 0.461
-0.82, 0.9669308397529851, 1.5538016043129041, 0.896, 0.461
-0.818, 0.9679463626897672, 1.5533709862156955, 0.896, 0.461
-0.816, 0.9689614833612722, 1.5529405661075342, 0.896, 0.461
-0.814, 0.9699762009388265, 1.5525103442630468, 0.896, 0.461
-0.812, 0.9709905145968549, 1.5520803209557106, 0.896, 0.461
-0.81, 0.9720044235128663, 1.551650496457854, 0.896, 0.461
-0.808, 0.9730179268674449, 1.5512208710406656, 0.896, 0.461
-0.806, 0.9740310238442472, 1.5507914449741906, 0.896, 0.461
-0.804, 0.9750437136300448, 1.5503622185273152, 0.896, 0.461
-0.802, 0.9760559954145724, 1.5499331919678296, 0.896, 0.461
-0.8, 0.9770678683906933, 1.5495043655623575, 0.896, 0.461
-0.798, 0.9780793317542825, 1.5490757395764057, 0.896, 0.461
-0.796, 0.9790903847043462, 1.5486473142743125, 0.896, 0.461
-0.794, 0.9801010264427369, 1.5482190899193693, 0.896, 0.461
-0.792, 0.9811112561744767, 1.5477910667736827, 0.896, 0.461
-0.79, 0.9821210731075658, 1.5473632450982548, 0.896, 0.461
-0.788, 0.9831304764530144, 1.5469356251529698, 0.896, 0.461
-0.786, 0.9841394654248374, 1.5465082071965963, 0.896, 0.461
-0.784, 0.985148039240046, 1.5460809914867903, 0.896, 0.461
-0.782, 0.9861561971186419, 1.5456539782800975, 0.896, 0.461
-0.78, 0.9871639382836097, 1.5452271678319556, 0.896, 0.461
-0.778, 0.9881712619609108, 1.544800560396697, 0.896, 0.461
-0.776, 0.9891781673794757, 1.5443741562275526, 0.896, 0.461
-0.774, 0.9901846537711981, 1.5439479555766522, 0.896, 0.461
-0.772, 0.9911907203709265, 1.5435219586950295, 0.896, 0.461
-0.77, 0.9921963664164604, 1.5430961658326228, 0.896, 0.461
-0.768, 0.9932015911485405, 1.5426705772382778, 0.896, 0.461
-0.766, 0.9942063938108426, 1.542245193159752, 0.896, 0.461
-0.764, 0.9952107736499705, 1.541820013843716, 0.896, 0.461
-0.762, 0.9962147299154551, 1.541395039535753, 0.896, 0.461
-0.76, 0.9972182618597348, 1.5409702704803685, 0.896, 0.461
-0.758, 0.9982213687381613, 1.540545706920987, 0.896, 0.461
-0.756, 0.9992240498089916, 1.5401213490999541, 0.896, 0.461
-0.754, 1.000226304333367, 1.539697197258546, 0.896, 0.461
-0.752, 1.0012281315753309, 1.5392732516369618, 0.896, 0.461
-0.75, 1.0022295308017903, 1.538849512474339, 0.896, 0.461
-0.748, 1.0032305012825715, 1.5384259800087303, 0.896, 0.461
-0.746, 1.0042310422902854, 1.5380026544771588, 0.896, 0.461
-0.744, 1.0052311531004978, 1.5375795361155475, 0.896, 0.461
-0.742, 1.0062308329915743, 1.5371566251587847, 0.896, 0.461
-0.74, 1.0072300812447255, 1.5367339218407023, 0.896, 0.461
-0.738, 1.0082288971440858, 1.5363114263940438, 0.896, 0.461
-0.736, 1.009227279976486, 1.5358891390505618, 0.896, 0.461
-0.734, 1.0102252290316904, 1.5354670600409133, 0.896, 0.461
-0.732, 1.0112227436022563, 1.5350451895947228, 0.896, 0.461
-0.73, 1.0122198229835568, 1.5346235279405707, 0.896, 0.461
-0.728, 1.0132164664737753, 1.5342020753059948, 0.896, 0.461
-0.726, 1.014212673373897, 1.533780831917495, 0.896, 0.461
-0.724, 1.0152084429877044, 1.533359798000534, 0.896, 0.461
-0.722, 1.0162037746217691, 1.5329389737795407, 0.896, 0.461
-0.72, 1.0171986675854465, 1.5325183594779115, 0.896, 0.461
-0.718, 1.0181931211908695, 1.5320979553180152, 0.896, 0.461
-0.716, 1.0191871347529404, 1.531677761521192, 0.896, 0.461
-0.714, 1.0201807075893266, 1.531257778307759, 0.896, 0.461
-0.712, 1.0211738390204523, 1.5308380058970112, 0.896, 0.461
-0.71, 1.0221665283694943, 1.5304184445072242, 0.896, 0.461
-0.708, 1.023158774962373, 1.5299990943556563, 0.896, 0.461
-0.706, 1.0241505781277478, 1.5295799556585514, 0.896, 0.461
-0.704, 1.0251419371970087, 1.5291610286311417, 0.896, 0.461
-0.702, 1.0261328515042756, 1.5287423134876486, 0.896, 0.461
-0.7, 1.0271233203863845, 1.5283238104412864, 0.896, 0.461
-0.698, 1.0281133431828835, 1.5279055197042664, 0.896, 0.461
-0.696, 1.0291029192360297, 1.5274874414877946, 0.896, 0.461
-0.694, 1.0300920478907785, 1.5270695760020805, 0.896, 0.461
-0.692, 1.031080728494785, 1.5266519234563307, 0.896, 0.461
-0.69, 1.0320689603983793, 1.5262344840587634, 0.896, 0.461
-0.688, 1.0330567429546074, 1.525817258016589, 0.896, 0.461
-0.686, 1.0340440755191298, 1.5254002455360536, 0.896, 0.461
-0.684, 1.0350309574503171, 1.5249834468223966, 0.896, 0.461
-0.682, 1.036017388109243, 1.5245668620798563, 0.896, 0.461
-0.68, 1.0370033668595384, 1.5241504915117279, 0.896, 0.461
-0.678, 1.0379888930675338, 1.5237343353203059, 0.896, 0.461
-0.676, 1.0389739661022679, 1.523318393706878, 0.896, 0.461
-0.674, 1.0399585853353095, 1.5229026668718024, 0.896, 0.461
-0.672, 1.040942750140903, 1.5224871550144443, 0.896, 0.461
-0.67, 1.0419264598960012, 1.5220718583331614, 0.896, 0.461
-0.668, 1.042909713979998, 1.5216567770254184, 0.896, 0.461
-0.666, 1.043892511775042, 1.5212419112876534, 0.896, 0.461
-0.664, 1.0448748526658482, 1.5208272613153566, 0.896, 0.461
-0.662, 1.0458567360397335, 1.5204128273030557, 0.896, 0.461
-0.66, 1.0468381612866093, 1.5199986094443183, 0.896, 0.461
-0.658, 1.0478191277989763, 1.5195846079317543, 0.896, 0.461
-0.656, 1.0487996349719184, 1.5191708229570193, 0.896, 0.461
-0.654, 1.049779682203096, 1.5187572547108141, 0.896, 0.461
-0.652, 1.0507592688927403, 1.5183439033828892, 0.896, 0.461
-0.65, 1.0517383944436478, 1.5179307691620474, 0.896, 0.461
-0.648, 1.0527170582611733, 1.5175178522361439, 0.896, 0.461
-0.646, 1.0536952597532245, 1.5171051527920911, 0.896, 0.461
-0.644, 1.0546729983302559, 1.5166926710158588, 0.896, 0.461
-0.642, 1.0556502734052629, 1.5162804070924785, 0.896, 0.461
-0.64, 1.056627084393775, 1.515868361206043, 0.896, 0.461
-0.638, 1.057603430713852, 1.5154565335397123, 0.896, 0.461
-0.636, 1.0585793117860747, 1.5150449242757118, 0.896, 0.461
-0.634, 1.0595547270335421, 1.514633533595338, 0.896, 0.461
-0.632, 1.060529675881864, 1.5142223616789585, 0.896, 0.461
-0.63, 1.061504157759155, 1.5138114087060148, 0.896, 0.461
-0.628, 1.0624781720960286, 1.5134006748550264, 0.896, 0.461
-0.626, 1.0634517183255932, 1.5129901603035893, 0.896, 0.461
-0.624, 1.064424795883442, 1.5125798652283826, 0.896, 0.461
-0.622, 1.0653974042076526, 1.5121697898051658, 0.896, 0.461
-0.62, 1.066369542738773, 1.5117599342087877, 0.896, 0.461
-0.618, 1.0673412109198264, 1.5113502986131813, 0.896, 0.461
-0.616, 1.0683124081963022, 1.5109408831913684, 0.896, 0.461
-0.614, 1.0692831340161355, 1.510531688115469, 0.896, 0.461
-0.612, 1.070253387829733, 1.5101227135566877, 0.896, 0.461
-0.61, 1.071223169089926, 1.5097139596853364, 0.896, 0.461
-0.608, 1.072192477252005, 1.5093054266708168, 0.896, 0.461
-0.606, 1.073161311773691, 1.5088971146816337, 0.896, 0.461
-0.604, 1.0741296721151208, 1.5084890238853994, 0.896, 0.461
-0.602, 1.0750975577388708, 1.5080811544488264, 0.896, 0.461
-0.6, 1.0760649681099186, 1.5076735065377405, 0.896, 0.461
-0.598, 1.0770319026956787, 1.5072660803170663, 0.896, 0.461
-0.596, 1.077998360965964, 1.5068588759508446, 0.896, 0.461
-0.594, 1.0789643423929764, 1.5064518936022329, 0.896, 0.461
-0.592, 1.0799298464513314, 1.506045133433499, 0.896, 0.461
-0.59, 1.080894872617945, 1.5056385956060652, 0.896, 0.461
-0.588, 1.0818594203722542, 1.5052322802804154, 0.896, 0.461
-0.586, 1.0828234891960131, 1.504826187616184, 0.896, 0.461
-0.584, 1.083787078573409, 1.5044203177721016, 0.896, 0.461
-0.582, 1.0847501879907258, 1.504014670906141, 0.896, 0.461
-0.58, 1.0857128169370758, 1.5036092471752067, 0.896, 0.461
-0.578, 1.0866749649034833, 1.5032040467355205, 0.896, 0.461
-0.576, 1.0876366313835597, 1.5027990697423381, 0.896, 0.461
-0.574, 1.0885978158732053, 1.502394316350073, 0.896, 0.461
-0.572, 1.0895585178706584, 1.5019897867122771, 0.896, 0.461
-0.57, 1.0905187368764906, 1.5015854809816414, 0.896, 0.461
-0.568, 1.0914784723936004, 1.5011813993099978, 0.896, 0.461
-0.566, 1.0924377239272083, 1.5007775418483238, 0.896, 0.461
-0.564, 1.0933964909848506, 1.5003739087467416, 0.896, 0.461
-0.562, 1.0943547730763747, 1.4999705001545212, 0.896, 0.461
-0.56, 1.095312569713933, 1.4995673162200838, 0.896, 0.461
-0.558, 1.096269880411977, 1.4991643570910018, 0.896, 0.461
-0.556, 1.097226704687253, 1.498761622914003, 0.896, 0.461
-0.554, 1.0981830420587952, 1.49835911383497, 0.896, 0.461
-0.552, 1.099138892047922, 1.4979568299989452, 0.896, 0.461
-0.55, 1.100094254178228, 1.497554771550131, 0.896, 0.461
-0.548, 1.1010491279755812, 1.4971529386318927, 0.896, 0.461
-0.546, 1.1020035129681158, 1.49675133138676, 0.896, 0.461
-0.544, 1.1029574086862277, 1.496349949956429, 0.896, 0.461
-0.542, 1.1039108146625682, 1.495948794481766, 0.896, 0.461
-0.54, 1.1048637304320394, 1.495547865102806, 0.896, 0.461
-0.538, 1.1058161555317891, 1.495147161958759, 0.896, 0.461
-0.536, 1.1067680895012035, 1.4947466851880085, 0.896, 0.461
-0.534, 1.1077195318819046, 1.4943464349281157, 0.896, 0.461
-0.532, 1.1086704822177411, 1.4939464113158207, 0.896, 0.461
-0.53, 1.1096209400547878, 1.4935466144870446, 0.896, 0.461
-0.528, 1.1105709049413384, 1.493147044576891, 0.896, 0.461
-0.526, 1.111520376427895, 1.4927477017196504, 0.896, 0.461
-0.524, 1.1124693540671688, 1.4923485860487988, 0.896, 0.461
-0.522, 1.1134178374140784, 1.4919496976970021, 0.896, 0.461
-0.52, 1.1143658260257316, 1.491551036796117, 0.896, 0.461
-0.518, 1.1153133194614393, 1.4911526034771914, 0.896, 0.461
-0.516, 1.116260317282681, 1.490754397870474, 0.896, 0.461
-0.514, 1.1172068190531375, 1.4903564201054036, 0.896, 0.461
-0.512, 1.1181528243386445, 1.4899586703106262, 0.896, 0.461
-0.51, 1.1190983327072344, 1.4895611486139781, 0.896, 0.461
-0.508, 1.1200433437290789, 1.4891638551425102, 0.896, 0.461
-0.506, 1.1209878569765044, 1.4887667900224795, 0.896, 0.461
-0.504, 1.1219318720240463, 1.488369953379329, 0.896, 0.461
-0.502, 1.1228753884483333, 1.4879733453377342, 0.896, 0.461
-0.5, 1.1238184058281526, 1.4875769660215745, 0.896, 0.461
-0.498, 1.1247609237444274, 1.4871808155539452, 0.896, 0.461
-0.496, 1.1257029417802675, 1.4867848940571342, 0.896, 0.461
-0.494, 1.1266444595208263, 1.4863892016526816, 0.896, 0.461
-0.492, 1.127585476553422, 1.4859937384613302, 0.896, 0.461
-0.49, 1.128525992467487, 1.4855985046030442, 0.896, 0.461
-0.488, 1.1294660068546265, 1.4852035001969872, 0.896, 0.461
-0.486, 1.13040551930841, 1.4848087253616078, 0.896, 0.461
-0.484, 1.131344529424631, 1.48441418021453, 0.896, 0.461
-0.482, 1.1322830368012358, 1.484019864872583, 0.896, 0.461
-0.48, 1.133221041038068, 1.483625779451911, 0.896, 0.461
-0.478, 1.134158541737207, 1.4832319240678258, 0.896, 0.461
-0.476, 1.1350955385027772, 1.482838298834892, 0.896, 0.461
-0.474, 1.1360320309409797, 1.4824449038669094, 0.896, 0.461
-0.472, 1.1369680186600897, 1.4820517392769168, 0.896, 0.461
-0.47, 1.1379035012704488, 1.4816588051771924, 0.896, 0.461
-0.468, 1.1388384783844627, 1.481266101679258, 0.896, 0.461
-0.466, 1.1397729496165934, 1.480873628893877, 0.896, 0.461
-0.464, 1.1407069145833566, 1.4804813869310607, 0.896, 0.461
-0.462, 1.141640372903315, 1.4800893759000677, 0.896, 0.461
-0.46, 1.1425733241970746, 1.4796975959094065, 0.896, 0.461
-0.458, 1.143505768087278, 1.4793060470668364, 0.896, 0.461
-0.456, 1.1444377041986018, 1.4789147294793707, 0.896, 0.461
-0.454, 1.1453691321577493, 1.4785236432532787, 0.896, 0.461
-0.452, 1.1463000515934472, 1.4781327884940858, 0.896, 0.461
-0.45, 1.1472304621364395, 1.477742165306577, 0.896, 0.461
-0.448, 1.1481603634194835, 1.4773517737947988, 0.896, 0.461
-0.446, 1.1490897550773445, 1.4769616140620596, 0.896, 0.461
-0.444, 1.1500186367467906, 1.4765716862109337, 0.896, 0.461
-0.442, 1.150947008066588, 1.4761819903432611, 0.896, 0.461
-0.44, 1.1518748686774964, 1.4757925265601504, 0.896, 0.461
-0.438, 1.152802218222264, 1.4754032949619802, 0.896, 0.461
-0.436, 1.1537290563456217, 1.4750142956484025, 0.896, 0.461
-0.434, 1.1546553826942796, 1.4746255287183416, 0.896, 0.461
-0.432, 1.1555811969169234, 1.4742369942699987, 0.896, 0.461
-0.43, 1.1565064986642029, 1.473848692400853, 0.896, 0.461
-0.428, 1.157431287588736, 1.4734606232076617, 0.896, 0.461
-0.426, 1.1583555633451004, 1.4730727867864646, 0.896, 0.461
-0.424, 1.1592793255898262, 1.472685183232584, 0.896, 0.461
-0.422, 1.1602025739813908, 1.4722978126406285, 0.896, 0.461
-0.42, 1.161125308180221, 1.4719106751044921, 0.896, 0.461
-0.418, 1.1620475278486804, 1.4715237707173583, 0.896, 0.461
-0.416, 1.1629692326510732, 1.4711370995716988, 0.896, 0.461
-0.414, 1.1638904222536326, 1.4707506617592778, 0.896, 0.461
-0.412, 1.1648110963245015, 1.4703644573711618, 0.896, 0.461
-0.41, 1.1657312545337652, 1.4699784864977024, 0.896, 0.461
-0.408, 1.1666508965534315, 1.4695927492285468, 0.896, 0.461
-0.406, 1.167570022057384, 1.4692072456526568, 0.896, 0.461
-0.404, 1.1684886307214435, 1.4688219758582828, 0.896, 0.461
-0.402, 1.1694067222233209, 1.4684369399329826, 0.896, 0.461
-0.4, 1.1703242962426494, 1.4680521379636091, 0.896, 0.461
-0.398, 1.1712413524609029, 1.4676675700363426, 0.896, 0.461
-0.396, 1.1721578905614907, 1.4672832362366528, 0.896, 0.461
-0.394, 1.1730739102296548, 1.4668991366493407, 0.896, 0.461
-0.392, 1.1739894111526448, 1.4665152713584644, 0.896, 0.461
-0.39, 1.1749043930193428, 1.4661316404474969, 0.896, 0.461
-0.388, 1.1758188555207894, 1.4657482439991067, 0.896, 0.461
-0.386, 1.1767327983496518, 1.4653650820953779, 0.896, 0.461
-0.384, 1.177646221200593, 1.464982154817657, 0.896, 0.461
-0.382, 1.1785591237700794, 1.4645994622466327, 0.896, 0.461
-0.38, 1.179471505756498, 1.464217004462288, 0.896, 0.461
-0.378, 1.180383366859892, 1.463834781544008, 0.896, 0.461
-0.376, 1.1812947067823478, 1.4634527935704211, 0.896, 0.461
-0.374, 1.1822055252277892, 1.463071040619482, 0.896, 0.461
-0.372, 1.1831158219018456, 1.4626895227685281, 0.896, 0.461
-0.37, 1.1840255965119921, 1.4623082400942207, 0.896, 0.461
-0.368, 1.18493484876761, 1.4619271926725188, 0.896, 0.461
-0.366, 1.1858435783798469, 1.4615463805787383, 0.896, 0.461
-0.364, 1.186751785061678, 1.4611658038875261, 0.896, 0.461
-0.362, 1.1876594685278805, 1.4607854626728694, 0.896, 0.461
-0.36, 1.1885666284950434, 1.4604053570080937, 0.896, 0.461
-0.358, 1.1894732646815522, 1.4600254869658662, 0.896, 0.461
-0.356, 1.1903793768075919, 1.4596458526181966, 0.896, 0.461
-0.354, 1.1912849645951373, 1.4592664540364404, 0.896, 0.461
-0.352, 1.1921900277679511, 1.458887291291299, 0.896, 0.461
-0.35, 1.1930945660515784, 1.458508364452822, 0.896, 0.461
-0.348, 1.1939985791733467, 1.458129673590408, 0.896, 0.461
-0.346, 1.1949020668623502, 1.4577512187728088, 0.896, 0.461
-0.344, 1.1958050288494577, 1.4573730000681284, 0.896, 0.461
-0.342, 1.1967074648673026, 1.4569950175438255, 0.896, 0.461
-0.34, 1.1976093746502754, 1.4566172712667176, 0.896, 0.461
-0.338, 1.1985107579345329, 1.4562397613029747, 0.896, 0.461
-0.336, 1.1994116144579696, 1.4558624877181339, 0.896, 0.461
-0.334, 1.2003119439602365, 1.4554854505770891, 0.896, 0.461
-0.332, 1.201211746182726, 1.4551086499441, 0.896, 0.461
-0.33, 1.2021110208685704, 1.4547320858827881, 0.896, 0.461
-0.328, 1.2030097677626272, 1.454355758456147, 0.896, 0.461
-0.326, 1.203907986611506, 1.453979667726529, 0.896, 0.461
-0.324, 1.204805677163515, 1.4536038137556673, 0.896, 0.461
-0.322, 1.2057028391687, 1.4532281966046598, 0.896, 0.461
-0.32, 1.2065994723788194, 1.4528528163339791, 0.896, 0.461
-0.318, 1.2074955765473443, 1.4524776730034725, 0.896, 0.461
-0.316, 1.2083911514294552, 1.4521027666723643, 0.896, 0.461
-0.314, 1.209286196782036, 1.4517280973992555, 0.896, 0.461
-0.312, 1.2101807123636712, 1.4513536652421277, 0.896, 0.461
-0.31, 1.2110746979346363, 1.4509794702583445, 0.896, 0.461
-0.308, 1.2119681532569029, 1.450605512504651, 0.896, 0.461
-0.306, 1.2128610780941274, 1.4502317920371781, 0.896, 0.461
-0.304, 1.213753472211649, 1.4498583089114414, 0.896, 0.461
-0.302, 1.214645335376485, 1.4494850631823455, 0.896, 0.461
-0.3, 1.2155366673573276, 1.4491120549041834, 0.896, 0.461
-0.298, 1.216427467924536, 1.4487392841306403, 0.896, 0.461
-0.296, 1.2173177368501429, 1.4483667509147913, 0.896, 0.461
-0.294, 1.2182074739078255, 1.4479944553091117, 0.896, 0.461
-0.292, 1.2190966788729467, 1.4476223973654612, 0.896, 0.461
-0.29, 1.2199853515224897, 1.4472505771351107, 0.896, 0.461
-0.288, 1.2208734916351067, 1.4468789946687206, 0.896, 0.461
-0.286, 1.2217610989910896, 1.4465076500163554, 0.896, 0.461
-0.284, 1.2226481733723704, 1.4461365432274802, 0.896, 0.461
-0.282, 1.2235347145625177, 1.445765674350965, 0.896, 0.461
-0.28, 1.2244207223467318, 1.4453950434350837, 0.896, 0.461
-0.278, 1.225306196511839, 1.445024650527519, 0.896, 0.461
-0.276, 1.226191136846296, 1.4446544956753589, 0.896, 0.461
-0.274, 1.2270755431401754, 1.4442845789251035, 0.896, 0.461
-0.272, 1.2279594151851552, 1.4439149003226668, 0.896, 0.46099999999999997
-0.27, 1.228842752774528, 1.443545459913376, 0.896, 0.461
-0.268, 1.2297255557032374, 1.4431762577419556, 0.896, 0.461
-0.266, 1.2306078237677536, 1.4428072938525756, 0.896, 0.461
-0.264, 1.231489556766198, 1.4424385682888037, 0.896, 0.461
-0.262, 1.2323707544982732, 1.4420700810936329, 0.896, 0.461
-0.26, 1.2332514167652722, 1.4417018323094757, 0.896, 0.461
-0.258, 1.2341315433700781, 1.4413338219781675, 0.896, 0.461
-0.256, 1.2350111341171521, 1.4409660501409678, 0.896, 0.461
-0.254, 1.235890188812538, 1.4405985168385609, 0.896, 0.461
-0.252, 1.2367687072638522, 1.4402312221110591, 0.896, 0.461
-0.25, 1.2376466892802824, 1.4398641659980016, 0.896, 0.461
-0.248, 1.2385241346725824, 1.4394973485383595, 0.896, 0.461
-0.246, 1.2394010432530704, 1.4391307697705336, 0.896, 0.461
-0.244, 1.2402774148356206, 1.438764429732359, 0.896, 0.461
-0.242, 1.241153249235663, 1.4383983284611048, 0.896, 0.461
-0.24, 1.2420285462701781, 1.4380324659934767, 0.896, 0.461
-0.238, 1.2429033057576953, 1.4376668423656163, 0.896, 0.461
-0.236, 1.2437775275182819, 1.4373014576131067, 0.896, 0.461
-0.234, 1.2446512113735468, 1.43693631177097, 0.896, 0.461
-0.232, 1.245524357146634, 1.4365714048736709, 0.896, 0.461
-0.23, 1.2463969646622162, 1.4362067369551175, 0.896, 0.461
-0.228, 1.247269033746496, 1.4358423080486624, 0.896, 0.461
-0.226, 1.2481405642271883, 1.4354781181871092, 0.896, 0.461
-0.224, 1.2490115559335577, 1.435114167402696, 0.896, 0.461
-0.222, 1.2498820086963398, 1.4347504557271293, 0.896, 0.461
-0.22, 1.2507519223478105, 1.4343869831915543, 0.896, 0.461
-0.218, 1.2516212967217457, 1.434023749826572, 0.896, 0.461
-0.216, 1.2524901316534243, 1.433660755662237, 0.896, 0.461
-0.214, 1.2533584269796239, 1.4332980007280594, 0.896, 0.461
-0.212, 1.2542261825386207, 1.4329354850530054, 0.896, 0.461
-0.21, 1.2550933981701735, 1.4325732086655034, 0.896, 0.461
-0.208, 1.2559600737155536, 1.4322111715934311, 0.896, 0.461
-0.206, 1.256826209017479, 1.4318493738641422, 0.896, 0.461
-0.204, 1.2576918039201745, 1.4314878155044433, 0.896, 0.461
-0.202, 1.2585568582693332, 1.4311264965406076, 0.896, 0.461
-0.2, 1.2594213719121212, 1.4307654169983743, 0.896, 0.461
-0.198, 1.2602853446971731, 1.4304045769029492, 0.896, 0.461
-0.196, 1.261148776474588, 1.4300439762790067, 0.896, 0.461
-0.194, 1.2620116670959272, 1.4296836151506906, 0.896, 0.461
-0.192, 1.26287401641421, 1.4293234935416164, 0.896, 0.461
-0.19, 1.2637358242838943, 1.4289636114748776, 0.896, 0.461
-0.188, 1.2645970905609185, 1.4286039689730292, 0.896, 0.461
-0.186, 1.2654578151026508, 1.4282445660581105, 0.896, 0.461
-0.184, 1.266317997767881, 1.4278854027516426, 0.896, 0.461
-0.182, 1.2671776384168645, 1.4275264790746174, 0.896, 0.461
-0.18, 1.2680367369112815, 1.4271677950475081, 0.896, 0.461
-0.178, 1.268895293114245, 1.4268093506902704, 0.896, 0.461
-0.176, 1.2697533068902922, 1.4264511460223428, 0.896, 0.461
-0.174, 1.2706107781053864, 1.426093181062647, 0.896, 0.461
-0.172, 1.2714677066269078, 1.4257354558295912, 0.896, 0.461
-0.17, 1.2723240923236523, 1.4253779703410714, 0.896, 0.461
-0.168, 1.2731799350658362, 1.425020724614468, 0.896, 0.461
-0.166, 1.2740352347250699, 1.4246637186666569, 0.896, 0.461
-0.164, 1.2748899911743785, 1.4243069525140015, 0.896, 0.461
-0.162, 1.2757442042881866, 1.4239504261723583, 0.896, 0.461
-0.16, 1.276597873942314, 1.4235941396570788, 0.896, 0.461
-0.158, 1.2774510000139758, 1.4232380929830084, 0.896, 0.461
-0.156, 1.2783035823817765, 1.4228822861644905, 0.896, 0.461
-0.154, 1.2791556209257076, 1.422526719215366, 0.896, 0.461
-0.152, 1.280007115527144, 1.422171392148975, 0.896, 0.461
-0.15, 1.2808580660688367, 1.4218163049781591, 0.896, 0.461
-0.148, 1.281708472434915, 1.4214614577152624, 0.896, 0.461
-0.146, 1.2825583345108789, 1.4211068503721316, 0.896, 0.461
-0.144, 1.2834076521835962, 1.420752482960119, 0.896, 0.461
-0.142, 1.284256425341302, 1.4203983554900828, 0.896, 0.461
-0.14, 1.2851046538735826, 1.4200444679723923, 0.896, 0.461
-0.138, 1.2859523376714084, 1.4196908204169145, 0.896, 0.461
-0.136, 1.2867994766270654, 1.4193374128330434, 0.896, 0.461
-0.134, 1.2876460706342159, 1.4189842452296735, 0.896, 0.461
-0.132, 1.2884921195878618, 1.4186313176152152, 0.896, 0.461
-0.13, 1.289337623384348, 1.418278629997594, 0.896, 0.461
-0.128, 1.2901825819213586, 1.417926182384251, 0.896, 0.461
-0.126, 1.2910269950979163, 1.417573974782143, 0.896, 0.461
-0.124, 1.2918708628143734, 1.417222007197747, 0.896, 0.461
-0.122, 1.292714184972416, 1.4168702796370578, 0.896, 0.461
-0.12, 1.293556961475044, 1.4165187921055953, 0.896, 0.461
-0.118, 1.2943991922265905, 1.416167544608398, 0.896, 0.461
-0.116, 1.2952408771327026, 1.4158165371500302, 0.896, 0.461
-0.114, 1.2960820161003428, 1.4154657697345798, 0.896, 0.461
-0.112, 1.296922609037785, 1.4151152423656632, 0.896, 0.461
-0.11, 1.2977626558546116, 1.4147649550464219, 0.896, 0.461
-0.108, 1.2986021564617067, 1.4144149077795294, 0.896, 0.461
-0.106, 1.29944111077125, 1.414065100567191, 0.896, 0.461
-0.104, 1.300279518696745, 1.4137155334111322, 0.896, 0.461
-0.102, 1.3011173801529696, 1.413366206312622, 0.896, 0.461
-0.1, 1.3019546950559706, 1.4130171192724692, 0.896, 0.461
-0.098, 1.3027914633231155, 1.4126682722910069, 0.896, 0.461
-0.096, 1.3036276848730433, 1.412319665368109, 0.896, 0.461
-0.094, 1.304463359625673, 1.4119712985031878, 0.896, 0.461
-0.092, 1.305298487502202, 1.4116231716951944, 0.896, 0.461
-0.09, 1.3061330684250987, 1.4112752849426222, 0.896, 0.461
-0.088, 1.3069671023181033, 1.4109276382435052, 0.896, 0.461
-0.086, 1.3078005891062214, 1.4105802315954215, 0.896, 0.461
-0.084, 1.3086335287157218, 1.4102330649954937, 0.896, 0.461
-0.082, 1.309465921074132, 1.4098861384403905, 0.896, 0.461
-0.08, 1.3102977661102413, 1.4095394519263267, 0.896, 0.461
-0.078, 1.3111290637540831, 1.4091930054490673, 0.896, 0.461
-0.076, 1.3119598139369468, 1.4088467990039262, 0.896, 0.461
-0.074, 1.3127900165913646, 1.408500832585769, 0.896, 0.461
-0.072, 1.3136196716511093, 1.4081551061890143, 0.896, 0.461
-0.07, 1.3144487790512147, 1.407809619807625, 0.896, 0.461
-0.068, 1.315277338727913, 1.4074643734351355, 0.896, 0.461
-0.066, 1.3161053506186966, 1.4071193670646247, 0.896, 0.461
-0.064, 1.3169328146622796, 1.4067746006887316, 0.896, 0.461
-0.062, 1.3177597307986015, 1.4064300742996536, 0.896, 0.461
-0.06, 1.318586098968826, 1.4060857878891486, 0.896, 0.461
-0.058, 1.3194119191153435, 1.405741741448532, 0.896, 0.461
-0.056, 1.3202371911817428, 1.4053979349686885, 0.896, 0.461
-0.054, 1.3210619151128402, 1.405054368440061, 0.896, 0.461
-0.052, 1.3218860908546572, 1.4047110418526585, 0.896, 0.461
-0.05, 1.3227097183544223, 1.4043679551960568, 0.896, 0.461
-0.048, 1.3235327975605666, 1.4040251084593978, 0.896, 0.461
-0.046, 1.3243553284227227, 1.4036825016313919, 0.896, 0.461
-0.044, 1.325177310891709, 1.4033401347003238, 0.896, 0.461
-0.042, 1.3259987449195703, 1.4029980076540354, 0.896, 0.461
-0.04, 1.326819630459494, 1.4026561204799597, 0.896, 0.461
-0.038, 1.327639967465886, 1.4023144731650914, 0.896, 0.461
-0.036, 1.3284597558943279, 1.401973065696002, 0.896, 0.461
-0.034, 1.3292789957015816, 1.4016318980588391, 0.896, 0.461
-0.032, 1.3300976868455858, 1.4012909702393277, 0.896, 0.461
-0.03, 1.3309158292854544, 1.4009502822227708, 0.896, 0.461
-0.028, 1.3317334229814706, 1.40060983399405, 0.896, 0.461
-0.026, 1.3325504678950841, 1.4002696255376303, 0.896, 0.461
-0.024, 1.3333669639889143, 1.3999296568375548, 0.896, 0.461
-0.022, 1.3341829112267356, 1.3995899278774515, 0.8959999999999999, 0.461
-0.02, 1.3349983095734812, 1.3992504386405349, 0.896, 0.461
-0.018, 1.3358131589952469, 1.3989111891096, 0.896, 0.461
-0.016, 1.3366274594592662, 1.3985721792670338, 0.896, 0.461
-0.014, 1.3374412109339318, 1.398233409094808, 0.896, 0.461
-0.012, 1.338254413388779, 1.3978948785744836, 0.896, 0.461
-0.01, 1.3390670667944846, 1.397556587687213, 0.896, 0.461
-0.008, 1.3398791711228655, 1.397218536413738, 0.896, 0.461
-0.006, 1.340690726346873, 1.3968807247343953, 0.896, 0.461
-0.004, 1.3415017324405913, 1.3965431526291145, 0.896, 0.461
-0.002, 1.3423121893792378, 1.3962058200774186, 0.896, 0.461
0.0, 1.343122097139151, 1.3958687270584296, 0.896, 0.461
0.002, 1.3439314556977957, 1.3955318735508646, 0.896, 0.461
0.004, 1.3447402650337559, 1.395195259533041, 0.896, 0.461
0.006, 1.3455485251267394, 1.3948588849828714, 0.896, 0.461
0.008, 1.3463562359575558, 1.394522749877876, 0.896, 0.461
0.01, 1.347163397508135, 1.3941868541951719, 0.896, 0.461
0.012, 1.347970009761513, 1.3938511979114807, 0.896, 0.461
0.014, 1.348776072701822, 1.3935157810031318, 0.896, 0.461
0.016, 1.3495815863143248, 1.393180603446048, 0.896, 0.461
0.018, 1.350386550585343, 1.3928456652157755, 0.896, 0.461
0.02, 1.3511909655023195, 1.392510966287457, 0.896, 0.461
0.022, 1.3519948310537844, 1.3921765066358471, 0.896, 0.461
0.024, 1.3527981472293547, 1.391842286235311, 0.896, 0.461
0.026, 1.3536009140197414, 1.3915083050598227, 0.896, 0.461
0.028, 1.354403131416729, 1.3911745630829715, 0.896, 0.461
0.03, 1.3552047994131897, 1.3908410602779586, 0.896, 0.461
0.032, 1.3560059180030708, 1.3905077966175994, 0.896, 0.461
0.034, 1.3568064871813952, 1.390174772074326, 0.896, 0.461
0.036, 1.3576065069442562, 1.3898419866201865, 0.896, 0.461
0.038, 1.3584059772888175, 1.3895094402268473, 0.896, 0.461
0.04, 1.359204898213304, 1.3891771328655946, 0.896, 0.461
0.042, 1.3600032697170121, 1.3888450645073316, 0.896, 0.461
0.044, 1.3608010918002926, 1.388513235122586, 0.896, 0.461
0.046, 1.3615983644645475, 1.3881816446815085, 0.896, 0.461
0.048, 1.3623950877122404, 1.387850293153871, 0.896, 0.461
0.05, 1.3631912615468835, 1.387519180509071, 0.896, 0.461
0.052, 1.3639868859730364, 1.3871883067161312, 0.896, 0.461
0.054, 1.364781960996304, 1.3868576717437022, 0.896, 0.461
0.056, 1.3655764866233329, 1.386527275560062, 0.896, 0.461
0.058, 1.3663704628618094, 1.3861971181331167, 0.896, 0.461
0.06, 1.3671638897204554, 1.3858671994304046, 0.896, 0.461
0.062, 1.3679567672090247, 1.3855375194190938, 0.896, 0.461
0.064, 1.3687490953383057, 1.3852080780659843, 0.896, 0.461
0.066, 1.3695408741200963, 1.3848788753375159, 0.896, 0.461
0.068, 1.3703321035672704, 1.3845499111997441, 0.896, 0.461
0.07, 1.3711227836936521, 1.384221185618386, 0.896, 0.461
0.072, 1.371912914514131, 1.383892698558778, 0.896, 0.461
0.074, 1.3727024960446006, 1.3835644499859, 0.896, 0.461
0.076, 1.3734915283019669, 1.3832364398643688, 0.896, 0.461
0.078, 1.3742800113041478, 1.3829086681584426, 0.896, 0.461
0.08, 1.3750679450700662, 1.3825811348320203, 0.896, 0.461
0.082, 1.3758553296196507, 1.3822538398486426, 0.896, 0.461
0.084, 1.3766421649738319, 1.3819267831714934, 0.896, 0.461
0.086, 1.3774284511545376, 1.381599964763401, 0.896, 0.461
0.088, 1.3782141881846928, 1.3812733845868392, 0.896, 0.461
0.09, 1.3789993760882169, 1.3809470426039272, 0.896, 0.461
0.092, 1.3797840148900125, 1.380620938776434, 0.896, 0.461
0.094, 1.3805681046159795, 1.3802950730657744, 0.896, 0.461
0.096, 1.3813516452929961, 1.3799694454330136, 0.896, 0.461
0.098, 1.382134636948924, 1.3796440558388685, 0.896, 0.461
0.1, 1.3829170796126007, 1.3793189042437075, 0.896, 0.461
0.102, 1.383698973313853, 1.3789939906075468, 0.896, 0.461
0.104, 1.3844803180834602, 1.3786693148900653, 0.896, 0.461
0.106, 1.385261113953187, 1.3783448770505904, 0.896, 0.461
0.108, 1.3860413609557616, 1.378020677048107, 0.896, 0.461
0.11, 1.3868210591248769, 1.3776967148412573, 0.896, 0.461
0.112, 1.3876002084951902, 1.37737299038834, 0.896, 0.461
0.114, 1.388378809102319, 1.3770495036473138, 0.896, 0.461
0.116, 1.3891568609828313, 1.3767262545757983, 0.896, 0.461
0.118, 1.3899343641742552, 1.3764032431310729, 0.896, 0.461
0.12, 1.3907113187150684, 1.3760804692700792, 0.896, 0.461
0.122, 1.3914877246446968, 1.375757932949422, 0.896, 0.461
0.124, 1.3922635820035125, 1.3754356341253706, 0.896, 0.461
0.126, 1.3930388908328293, 1.37511357275386, 0.896, 0.461
0.128, 1.3938136511749069, 1.374791748790488, 0.896, 0.461
0.13, 1.3945878630729247, 1.3744701621905282, 0.896, 0.461
0.132, 1.395361526571042, 1.3741488129089034, 0.896, 0.461
0.134, 1.3961346417142884, 1.3738277009002315, 0.896, 0.461
0.136, 1.3969072085486645, 1.373506826118783, 0.896, 0.461
0.138, 1.3976792271210874, 1.3731861885185048, 0.896, 0.461
0.14, 1.3984506974793975, 1.372865788053015, 0.896, 0.461
0.142, 1.399221619672358, 1.3725456246756063, 0.896, 0.461
0.144, 1.3999919937496486, 1.372225698339245, 0.896, 0.461
0.146, 1.4007618197618696, 1.3719060089965713, 0.896, 0.461
0.148, 1.401531097760531, 1.371586556599904, 0.896, 0.461
0.15, 1.402299827798058, 1.3712673411012364, 0.896, 0.461
0.152, 1.4030680099277626, 1.3709483624522487, 0.896, 0.461
0.154, 1.40383564420392, 1.3706296206042796, 0.896, 0.461
0.156, 1.4046027306816324, 1.3703111155083747, 0.896, 0.461
0.158, 1.4053692694169513, 1.3699928471152436, 0.896, 0.461
0.16, 1.406135260466812, 1.369674815375283, 0.896, 0.461
0.162, 1.4069007038890495, 1.3693570202385712, 0.896, 0.461
0.164, 1.4076655997423844, 1.3690394616548731, 0.896, 0.461
0.166, 1.4084299480864333, 1.3687221395736366, 0.896, 0.461
0.168, 1.409193748981696, 1.3684050539439974, 0.896, 0.461
0.17, 1.4099570024895585, 1.368088204714777, 0.896, 0.461
0.172, 1.4107197086722896, 1.3677715918344864, 0.896, 0.461
0.174, 1.4114818675930356, 1.3674552152513237, 0.896, 0.461
0.176, 1.4122434793158214, 1.367139074913179, 0.896, 0.461
0.178, 1.4130045439055448, 1.3668231707676326, 0.896, 0.461
0.18, 1.4137650614279753, 1.3665075027619569, 0.896, 0.461
0.182, 1.4145250319497573, 1.3661920708431154, 0.896, 0.461
0.184, 1.4152844555383908, 1.3658768749577694, 0.896, 0.461
0.186, 1.4160433322622479, 1.365561915052272, 0.896, 0.461
0.188, 1.41680166219056, 1.3652471910726731, 0.896, 0.461
0.19, 1.4175594453934175, 1.3649327029647191, 0.896, 0.461
0.192, 1.4183166819417676, 1.3646184506738543, 0.896, 0.461
0.194, 1.4190733719074002, 1.3643044341452255, 0.896, 0.461
0.196, 1.4198295153629992, 1.363990653323663, 0.896, 0.461
0.198, 1.420585112382033, 1.3636771081537227, 0.896, 0.461
0.2, 1.42134016303886, 1.3633637985796447, 0.896, 0.461
0.202, 1.4220946674086705, 1.3630507245453765, 0.896, 0.461
0.204, 1.4228486255674975, 1.362737885994568, 0.896, 0.461
0.206, 1.42360203759221, 1.362425282870575, 0.896, 0.461
0.208, 1.4243549035605205, 1.3621129151164553, 0.896, 0.461
0.21, 1.425107223550962, 1.3618007826749787, 0.896, 0.461
0.212, 1.425858997642916, 1.361488885488615, 0.896, 0.461
0.214, 1.4266102259165767, 1.3611772234995483, 0.896, 0.461
0.216, 1.4273609084529746, 1.3608657966496678, 0.896, 0.461
0.218, 1.4281110453339605, 1.3605546048805743, 0.896, 0.461
0.22, 1.4288606366422074, 1.3602436481335793, 0.896, 0.461
0.222, 1.4296096824612072, 1.3599329263497055, 0.896, 0.461
0.224, 1.4303581828752694, 1.359622439469689, 0.896, 0.461
0.226, 1.4311061379695122, 1.3593121874339793, 0.896, 0.461
0.228, 1.4318535478298782, 1.359002170182738, 0.896, 0.461
0.23, 1.4326004125430976, 1.358692387655849, 0.896, 0.461
0.232, 1.4333467321967421, 1.3583828397928999, 0.896, 0.461
0.234, 1.4340925068791452, 1.3580735265332116, 0.896, 0.461
0.236, 1.434837736679471, 1.3577644478158122, 0.896, 0.461
0.238, 1.4355824216876747, 1.3574556035794516, 0.896, 0.461
0.24, 1.4363265619945098, 1.3571469937626, 0.896, 0.461
0.242, 1.437070157691524, 1.3568386183034484, 0.896, 0.461
0.244, 1.4378132088710565, 1.3565304771399098, 0.896, 0.461
0.246, 1.438555715626238, 1.3562225702096193, 0.896, 0.461
0.248, 1.4392976780509845, 1.355914897449936, 0.896, 0.461
0.25, 1.4400390962400038, 1.355607458797942, 0.896, 0.461
0.252, 1.4407799702887716, 1.355300254190449, 0.896, 0.461
0.254, 1.4415203002935497, 1.3549932835639942, 0.896, 0.461
0.256, 1.4422600863514128, 1.3546865468548273, 0.896, 0.461
0.258, 1.4429993285601392, 1.3543800439989542, 0.896, 0.461
0.26, 1.4437380270183546, 1.3540737749320817, 0.896, 0.461
0.262, 1.4444761818254013, 1.3537677395896666, 0.896, 0.461
0.264, 1.4452137930814173, 1.353461937906886, 0.896, 0.461
0.266, 1.4459508608873015, 1.3531563698186506, 0.896, 0.461
0.268, 1.446687385344716, 1.3528510352596046, 0.896, 0.461
0.27, 1.4474233665560843, 1.352545934164124, 0.896, 0.461
0.272, 1.4481588046245892, 1.3522410664663207, 0.896, 0.461
0.274, 1.4488936996541708, 1.35193643210004, 0.896, 0.461
0.276, 1.4496280517495228, 1.3516320309988643, 0.896, 0.461
0.278, 1.4503618610160933, 1.351327863096112, 0.896, 0.461
0.28, 1.4510951275600776, 1.3510239283248398, 0.896, 0.461
0.282, 1.4518278514884204, 1.3507202266178422, 0.896, 0.461
0.284, 1.4525600329088113, 1.350416757907654, 0.896, 0.461
0.286, 1.4532916719296836, 1.350113522126549, 0.896, 0.461
0.288, 1.4540227686602103, 1.3498105192065433, 0.896, 0.461
0.29, 1.4547533232103036, 1.349507749079394, 0.896, 0.461
0.292, 1.4554833356906114, 1.3492052116766013, 0.896, 0.461
0.294, 1.4562128062125164, 1.34890290692941, 0.896, 0.461
0.296, 1.4569417348881317, 1.3486008347688079, 0.896, 0.461
0.298, 1.4576701218303012, 1.3482989951255284, 0.896, 0.461
0.3, 1.4583979671525977, 1.347997387930051, 0.896, 0.461
0.302, 1.459125270969313, 1.3476960131126041, 0.896, 0.461
0.304, 1.4598520333954665, 1.347394870603162, 0.896, 0.461
0.306, 1.4605782545467967, 1.3470939603314478, 0.896, 0.461
0.308, 1.4613039345397605, 1.346793282226935, 0.896, 0.461
0.31, 1.4620290734915302, 1.346492836218847, 0.896, 0.461
0.312, 1.4627536715199907, 1.346192622236159, 0.896, 0.461
0.314, 1.4634777287437448, 1.3458926402075961, 0.896, 0.461
0.316, 1.4642012452820907, 1.3455928900616412, 0.896, 0.461
0.318, 1.464924221255056, 1.3452933717265223, 0.896, 0.461
0.32, 1.4656466567833477, 1.344994085130232, 0.896, 0.461
0.322, 1.4663685519883918, 1.3446950302005125, 0.896, 0.461
0.324, 1.46708990699231, 1.3443962068648627, 0.896, 0.461
0.326, 1.4678107219179228, 1.3440976150505393, 0.896, 0.461
0.328, 1.468530996888747, 1.3437992546845565, 0.896, 0.461
0.33, 1.469250732028992, 1.3435011256936875, 0.896, 0.461
0.332, 1.4699699274635607, 1.3432032280044646, 0.896, 0.461
0.334, 1.4706885833180419, 1.3429055615431813, 0.896, 0.461
0.336, 1.4714066997187152, 1.3426081262358913, 0.896, 0.461
0.338, 1.4721242767925542, 1.3423109220084062, 0.896, 0.461
0.34, 1.4728413146671988, 1.3420139487863076, 0.896, 0.461
0.342, 1.4735578134709721, 1.3417172064949394, 0.896, 0.461
0.344, 1.4742737733328848, 1.3414206950594059, 0.896, 0.461
0.346, 1.47498919438262, 1.3411244144045786, 0.896, 0.461
0.348, 1.475704076750536, 1.3408283644550951, 0.896, 0.461
0.35, 1.4764184205676618, 1.3405325451353591, 0.896, 0.461
0.352, 1.4771322259656983, 1.3402369563695429, 0.896, 0.461
0.354, 1.477845493077013, 1.3399415980815852, 0.896, 0.461
0.356, 1.4785582220346403, 1.3396464701951962, 0.896, 0.461
0.358, 1.479270412972277, 1.3393515726338543, 0.896, 0.461
0.36, 1.479982066024283, 1.3390569053208092, 0.896, 0.461
0.362, 1.4806931813256743, 1.3387624681790835, 0.896, 0.461
0.364, 1.481403759012145, 1.3384682611314636, 0.896, 0.461
0.366, 1.4821137992199895, 1.338174284100531, 0.896, 0.461
0.368, 1.4828233020862251, 1.3378805370086118, 0.896, 0.461
0.37, 1.4835322677484937, 1.3375870197778212, 0.896, 0.461
0.372, 1.4842406963450538, 1.3372937323300582, 0.896, 0.461
0.374, 1.4849485880148496, 1.337000674586986, 0.896, 0.461
0.376, 1.4856559428974574, 1.336707846470048, 0.896, 0.461
0.378, 1.4863627611330994, 1.3364152479004638, 0.896, 0.461
0.38, 1.4870690428626316, 1.3361228787992365, 0.896, 0.461
0.382, 1.4877747882275612, 1.3358307390871413, 0.896, 0.461
0.384, 1.4884799973700173, 1.33553882868474, 0.896, 0.461
0.386, 1.489184670432774, 1.3352471475123724, 0.896, 0.461
0.388, 1.4898888075592331, 1.33495569549016, 0.896, 0.461
0.39, 1.490592408893429, 1.3346644725380061, 0.896, 0.461
0.392, 1.491295474580023, 1.3343734785755987, 0.896, 0.461
0.394, 1.4919980047643064, 1.3340827135224076, 0.896, 0.461
0.396, 1.4926999995921895, 1.3337921772976895, 0.896, 0.461
0.398, 1.4934014592102085, 1.3335018698204852, 0.896, 0.461
0.4, 1.4941023837655187, 1.333211791009622, 0.896, 0.461
0.402, 1.4948027734058948, 1.3329219407837134, 0.896, 0.461
0.404, 1.495502628279728, 1.3326323190611613, 0.896, 0.461
0.406, 1.4962019485360207, 1.3323429257601567, 0.896, 0.461
0.408, 1.496900734324391, 1.3320537607986784, 0.896, 0.461
0.41, 1.4975989857950658, 1.3317648240944957, 0.896, 0.461
0.412, 1.4982967030988805, 1.3314761155651686, 0.896, 0.461
0.414, 1.4989938863872774, 1.3311876351280483, 0.896, 0.461
0.416, 1.4996905358122936, 1.330899382700282, 0.896, 0.461
0.418, 1.5003866515266033, 1.3306113581987953, 0.896, 0.461
0.42, 1.501082233683429, 1.3303235615403293, 0.896, 0.461
0.422, 1.501777282436627, 1.3300359926414043, 0.896, 0.461
0.424, 1.5024717979406401, 1.32974865141834, 0.896, 0.461
0.426, 1.5031657803505067, 1.3294615377872518, 0.896, 0.461
0.428, 1.5038592298218563, 1.329174651664052, 0.896, 0.461
0.43, 1.5045521465109095, 1.3288879929644497, 0.896, 0.461
0.432, 1.5052445305744748, 1.3286015616039526, 0.896, 0.461
0.434, 1.5059363821699612, 1.3283153574978617, 0.896, 0.461
0.436, 1.5066277014553313, 1.328029380561289, 0.896, 0.461
0.438, 1.507318488589156, 1.3277436307091381, 0.896, 0.461
0.44, 1.5080087437305794, 1.3274581078561156, 0.896, 0.461
0.442, 1.5086984670393242, 1.3271728119167294, 0.896, 0.461
0.444, 1.5093876586756907, 1.3268877428052905, 0.896, 0.461
0.446, 1.5100763188005542, 1.326602900435912, 0.896, 0.461
0.448, 1.5107644475753612, 1.3263182847225126, 0.896, 0.461
0.45, 1.5114520451621325, 1.3260338955788138, 0.896, 0.461
0.452, 1.512139111723456, 1.325749732918343, 0.896, 0.461
0.454, 1.5128256474224895, 1.3254657966544325, 0.896, 0.461
0.456, 1.5135116524229542, 1.325182086700222, 0.8959999999999999, 0.461
0.458, 1.5141971268891337, 1.3248986029686605, 0.896, 0.461
0.46, 1.5148820709858761, 1.3246153453725018, 0.896, 0.461
0.462, 1.5155664848785844, 1.324332313824312, 0.896, 0.461
0.464, 1.5162503687332252, 1.3240495082364632, 0.896, 0.461
0.466, 1.5169337227163184, 1.323766928521139, 0.896, 0.461
0.468, 1.5176165469949383, 1.323484574590335, 0.896, 0.461
0.47, 1.518298841736712, 1.3232024463558572, 0.896, 0.461
0.472, 1.5189806071098166, 1.3229205437293239, 0.896, 0.461
0.474, 1.5196618432829776, 1.3226388666221665, 0.896, 0.461
0.476, 1.520342550425467, 1.32235741494563, 0.896, 0.461
0.478, 1.5210227287071003, 1.322076188610776, 0.896, 0.461
0.48, 1.5217023782982442, 1.3217951875284746, 0.896, 0.461
0.482, 1.5223814993697926, 1.3215144116094202, 0.896, 0.461
0.484, 1.5230600920931885, 1.3212338607641179, 0.896, 0.461
0.486, 1.5237381566404098, 1.320953534902892, 0.896, 0.461
0.488, 1.5244156931839694, 1.320673433935884, 0.896, 0.461
0.49, 1.5250927018969174, 1.3203935577730532, 0.896, 0.461
0.492, 1.5257691829528297, 1.3201139063241802, 0.896, 0.461
0.494, 1.5264451365258167, 1.319834479498864, 0.896, 0.461
0.496, 1.5271205627905164, 1.3195552772065233, 0.896, 0.461
0.498, 1.5277954619220926, 1.3192762993563996, 0.896, 0.461
0.5, 1.5284698340962335, 1.3189975458575562, 0.896, 0.461
0.502, 1.529143679489151, 1.3187190166188774, 0.896, 0.461
0.504, 1.529816998277581, 1.3184407115490708, 0.896, 0.461
0.506, 1.5304897906387733, 1.31816263055667, 0.896, 0.461
0.508, 1.5311620567504955, 1.3178847735500323, 0.896, 0.461
0.51, 1.5318337967910347, 1.3176071404373395, 0.896, 0.461
0.512, 1.5325050109391896, 1.3173297311265992, 0.896, 0.461
0.514, 1.5331756993742716, 1.3170525455256463, 0.896, 0.461
0.516, 1.5338458622761018, 1.3167755835421424, 0.896, 0.461
0.518, 1.5345154998250088, 1.3164988450835784, 0.896, 0.461
0.52, 1.53518461220183, 1.3162223300572715, 0.896, 0.461
0.522, 1.5358531995879183, 1.3159460383703654, 0.896, 0.461
0.524, 1.5365212621651037, 1.3156699699298433, 0.896, 0.461
0.526, 1.5371888001157386, 1.3153941246425105, 0.896, 0.461
0.528, 1.5378558136226694, 1.315118502415006, 0.896, 0.461
0.53, 1.5385223028692407, 1.3148431031538004, 0.896, 0.461
0.532, 1.5391882680392934, 1.3145679267651968, 0.896, 0.461
0.534, 1.5398537093171627, 1.314292973155332, 0.896, 0.461
0.536, 1.5405186268876758, 1.3140182422301756, 0.896, 0.461
0.538, 1.541183020936153, 1.3137437338955322, 0.896, 0.461
0.54, 1.541846891648404, 1.3134694480570408, 0.896, 0.461
0.542, 1.5425102392107184, 1.3131953846201787, 0.896, 0.461
0.544, 1.5431730638098882, 1.3129215434902541, 0.896, 0.461
0.546, 1.5438353656331736, 1.312647924572417, 0.896, 0.461
0.548, 1.5444971448683218, 1.3123745277716543, 0.896, 0.461
0.55, 1.5451584017035636, 1.3121013529927903, 0.896, 0.461
0.552, 1.5458191363276068, 1.3118284001404872, 0.896, 0.461
0.554, 1.5464793489296373, 1.311555669119249, 0.896, 0.461
0.556, 1.547139039699316, 1.3112831598334178, 0.896, 0.461
0.558, 1.5477982088267779, 1.3110108721871774, 0.896, 0.461
0.56, 1.5484568565026304, 1.310738806084553, 0.896, 0.461
0.562, 1.549114982917951, 1.3104669614294122, 0.896, 0.461
0.564, 1.5497725882642857, 1.3101953381254645, 0.896, 0.461
0.566, 1.5504296727336504, 1.3099239360762627, 0.896, 0.461
0.568, 1.551086236518514, 1.309652755185208, 0.896, 0.461
0.57, 1.5517422798118374, 1.3093817953555342, 0.896, 0.461
0.572, 1.5523978028070198, 1.3091110564903312, 0.896, 0.461
0.574, 1.5530528056979187, 1.3088405384925341, 0.896, 0.461
0.576, 1.5537072886788639, 1.3085702412649205, 0.896, 0.461
0.578, 1.5543612519446368, 1.3083001647101162, 0.896, 0.461
0.58, 1.555014695690474, 1.3080303087305951, 0.896, 0.461
0.582, 1.5556676201120667, 1.3077606732286788, 0.896, 0.461
0.584, 1.5563200254055596, 1.3074912581065379, 0.896, 0.461
0.586, 1.5569719117675447, 1.3072220632661928, 0.896, 0.461
0.588, 1.557623279395065, 1.306953088609514, 0.896, 0.461
0.59, 1.5582741284856099, 1.3066843340382222, 0.896, 0.461
0.592, 1.5589244592371183, 1.3064157994538892, 0.896, 0.461
0.594, 1.5595742718479664, 1.3061474847579402, 0.896, 0.461
0.596, 1.5602235665169775, 1.3058793898516512, 0.896, 0.461
0.598, 1.5608723434434133, 1.3056115146361529, 0.896, 0.461
0.6, 1.561520602826979, 1.305343859012427, 0.896, 0.461
0.602, 1.5621683448678112, 1.3050764228813134, 0.896, 0.461
0.604, 1.5628155697664865, 1.304809206143504, 0.896, 0.461
0.606, 1.563462277724015, 1.3045422086995466, 0.896, 0.461
0.608, 1.5641084689418385, 1.304275430449846, 0.896, 0.461
0.61, 1.5647541436218315, 1.3040088712946638, 0.896, 0.461
0.612, 1.5653993019662975, 1.3037425311341173, 0.896, 0.461
0.614, 1.566043944177969, 1.303476409868183, 0.896, 0.461
0.616, 1.566688070460001, 1.3032105073966962, 0.896, 0.461
0.618, 1.567331681015977, 1.30294482361935, 0.896, 0.461
0.62, 1.567974776049903, 1.3026793584356984, 0.896, 0.461
0.622, 1.5686173557662058, 1.3024141117451544, 0.896, 0.461
0.624, 1.5692594203697323, 1.302149083446993, 0.896, 0.461
0.626, 1.5699009700657478, 1.3018842734403506, 0.896, 0.461
0.628, 1.570542005059934, 1.3016196816242254, 0.896, 0.461
0.63, 1.571182525558402, 1.301355307897472, 0.896, 0.461
0.632, 1.571822531767646, 1.3010911521588218, 0.896, 0.461
0.634, 1.5724620238945968, 1.3008272143068584, 0.896, 0.461
0.636, 1.5731010021465894, 1.300563494240035, 0.896, 0.461
0.638, 1.5737394667313673, 1.3002999918566662, 0.896, 0.461
0.64, 1.5743774178570824, 1.3000367070549355, 0.896, 0.461
0.642, 1.5750148557322914, 1.29977363973289, 0.896, 0.461
0.644, 1.5756517805659593, 1.2995107897884435, 0.896, 0.461
0.646, 1.5762881925674448, 1.2992481571193806, 0.896, 0.461
0.648, 1.5769240919465308, 1.2989857416233437, 0.896, 0.461
0.65, 1.5775594789133565, 1.2987235431978614, 0.896, 0.461
0.652, 1.5781943536785077, 1.2984615617403121, 0.896, 0.461
0.654, 1.5788287164529404, 1.2981997971479542, 0.896, 0.461
0.656, 1.5794625674480116, 1.2979382493179132, 0.896, 0.461
0.658, 1.5800959068754719, 1.2976769181471863, 0.896, 0.461
0.66, 1.580728734947465, 1.297415803532641, 0.896, 0.461
0.662, 1.5813610518765246, 1.2971549053710167, 0.896, 0.461
0.664, 1.5819928578755749, 1.2968942235589247, 0.896, 0.461
0.666, 1.5826241531579255, 1.29663375799285, 0.896, 0.461
0.668, 1.5832549379372762, 1.2963735085691495, 0.896, 0.461
0.67, 1.5838852124277112, 1.2961134751840537, 0.896, 0.461
0.672, 1.584514976843682, 1.2958536577336748, 0.896, 0.461
0.674, 1.5851442314000521, 1.2955940561139874, 0.896, 0.461
0.676, 1.5857729763120614, 1.2953346702208433, 0.896, 0.461
0.678, 1.5864012117952893, 1.2950754999499865, 0.896, 0.461
0.68, 1.5870289380657314, 1.2948165451970217, 0.896, 0.461
0.682, 1.5876561553397484, 1.294557805857435, 0.896, 0.461
0.684, 1.588282863834075, 1.294299281826591, 0.896, 0.461
0.686, 1.588909063765819, 1.2940409729997324, 0.896, 0.461
0.688, 1.5895347553524601, 1.2937828792719803, 0.896, 0.461
0.69, 1.5901599388118481, 1.2935250005383359, 0.896, 0.461
0.692, 1.5907846143622006, 1.2932673366936789, 0.896, 0.461
0.694, 1.5914087822221026, 1.2930098876327718, 0.896, 0.461
0.696, 1.5920324426105075, 1.292752653250255, 0.896, 0.461
0.698, 1.5926555957467272, 1.2924956334406539, 0.896, 0.461
0.7, 1.5932782418504445, 1.2922388280983719, 0.896, 0.461
0.702, 1.5939003811416868, 1.2919822371177028, 0.896, 0.461
0.704, 1.5945220138408729, 1.2917258603928101, 0.896, 0.461
0.706, 1.5951431401687557, 1.29146969781775, 0.8959999999999999, 0.461
0.708, 1.5957637603464472, 1.2912137492864648, 0.896, 0.461
0.71, 1.596383874595415, 1.2909580146927788, 0.896, 0.461
0.712, 1.597003483137487, 1.2907024939303997, 0.896, 0.461
0.714, 1.5976225861948425, 1.2904471868929226, 0.896, 0.461
0.716, 1.5982411839900101, 1.290192093473829, 0.896, 0.461
0.718, 1.598859276745873, 1.2899372135664853, 0.896, 0.461
0.72, 1.5994768646856556, 1.2896825470641484, 0.896, 0.461
0.722, 1.6000939480329364, 1.2894280938599603, 0.896, 0.461
0.724, 1.6007105270116353, 1.289173853846953, 0.896, 0.461
0.726, 1.6013266018460188, 1.2889198269180473, 0.896, 0.461
0.728, 1.6019421727606937, 1.288666012966053, 0.896, 0.461
0.73, 1.6025572399806172, 1.2884124118836673, 0.896, 0.461
0.732, 1.6031718037310734, 1.2881590235634834, 0.896, 0.461
0.734, 1.6037858642376939, 1.287905847897981, 0.896, 0.461
0.736, 1.6043994217264468, 1.2876528847795328, 0.896, 0.461
0.738, 1.6050124764236358, 1.2874001341004029, 0.896, 0.461
0.74, 1.6056250285558957, 1.2871475957527496, 0.896, 0.461
0.742, 1.6062370783502014, 1.286895269628621, 0.896, 0.461
0.744, 1.6068486260338548, 1.2866431556199618, 0.896, 0.461
0.746, 1.6074596718344898, 1.2863912536186088, 0.896, 0.461
0.748, 1.6080702159800697, 1.2861395635162947, 0.896, 0.461
0.75, 1.608680258698885, 1.2858880852046464, 0.896, 0.461
0.752, 1.6092898002195586, 1.2856368185751836, 0.896, 0.461
0.754, 1.609898840771026, 1.2853857635193287, 0.896, 0.461
0.756, 1.610507380582557, 1.2851349199283946, 0.896, 0.461
0.758, 1.6111154198837405, 1.284884287693594, 0.896, 0.461
0.76, 1.611722958904487, 1.2846338667060362, 0.896, 0.461
0.762, 1.612329997875026, 1.2843836568567288, 0.896, 0.461
0.764, 1.612936537025908, 1.2841336580365772, 0.896, 0.461
0.766, 1.613542576587993, 1.2838838701363886, 0.896, 0.461
0.768, 1.6141481167924736, 1.2836342930468625, 0.896, 0.461
0.77, 1.6147531578708356, 1.2833849266586088, 0.896, 0.461
0.772, 1.6153577000548913, 1.2831357708621298, 0.896, 0.461
0.774, 1.615961743576762, 1.282886825547832, 0.896, 0.461
0.776, 1.6165652886688786, 1.2826380906060229, 0.896, 0.461
0.778, 1.6171683355639819, 1.2823895659269113, 0.896, 0.461
0.78, 1.6177708844951204, 1.282141251400609, 0.896, 0.461
0.782, 1.6183729356956496, 1.2818931469171306, 0.896, 0.461
0.784, 1.6189744893992266, 1.2816452523663955, 0.896, 0.461
0.786, 1.6195755458398207, 1.2813975676382232, 0.896, 0.461
0.788, 1.6201761052516936, 1.2811500926223418, 0.896, 0.461
0.79, 1.620776167869424, 1.280902827208379, 0.896, 0.461
0.792, 1.6213757339278674, 1.2806557712858753, 0.896, 0.461
0.794, 1.621974803662196, 1.2804089247442714, 0.896, 0.461
0.796, 1.622573377307874, 1.2801622874729153, 0.896, 0.461
0.798, 1.6231714551006629, 1.2799158593610622, 0.896, 0.461
0.8, 1.6237690372766174, 1.2796696402978749, 0.896, 0.461
0.802, 1.6243661240720868, 1.279423630172423, 0.896, 0.461
0.804, 1.624962715723713, 1.2791778288736848, 0.896, 0.461
0.806, 1.6255588124684286, 1.2789322362905475, 0.896, 0.461
0.808, 1.6261544145434537, 1.2786868523118073, 0.896, 0.461
0.81, 1.626749522186306, 1.2784416768261677, 0.896, 0.461
0.812, 1.627344135634777, 1.278196709722246, 0.896, 0.461
0.814, 1.6279382551269415, 1.2779519508885733, 0.896, 0.461
0.816, 1.628531880901206, 1.2777074002135698, 0.8959999999999999, 0.461
0.818, 1.6291250131961834, 1.2774630575856014, 0.896, 0.461
0.82, 1.6297176522508274, 1.2772189228929207, 0.896, 0.461
0.822, 1.6303097983043457, 1.2769749960237031, 0.896, 0.461
0.824, 1.630901451596237, 1.2767312768660328, 0.896, 0.461
0.826, 1.6314926123662743, 1.276487765307909, 0.896, 0.461
0.828, 1.632083280854512, 1.2762444612372428, 0.896, 0.461
0.83, 1.6326734573012744, 1.2760013645418622, 0.896, 0.461
0.832, 1.633263141947165, 1.2757584751095081, 0.896, 0.461
0.834, 1.633852335033059, 1.2755157928278371, 0.896, 0.461
0.836, 1.6344410368001043, 1.275273317584421, 0.896, 0.461
0.838, 1.6350292474897186, 1.2750310492667492, 0.896, 0.461
0.84, 1.6356169673435965, 1.274788987762222, 0.896, 0.461
0.842, 1.6362041966036898, 1.274547132958165, 0.896, 0.461
0.844, 1.6367909355122252, 1.2743054847418152, 0.896, 0.461
0.846, 1.6373771843116947, 1.274064043000329, 0.896, 0.461
0.848, 1.637962943244852, 1.2738228076207823, 0.896, 0.461
0.85, 1.638548212554723, 1.2735817784901666, 0.896, 0.461
0.852, 1.6391329924845852, 1.2733409554953958, 0.896, 0.461
0.854, 1.6397172832779845, 1.273100338523302, 0.896, 0.461
0.856, 1.6403010851787252, 1.2728599274606376, 0.896, 0.461
0.858, 1.6408843984308705, 1.2726197221940745, 0.896, 0.461
0.86, 1.6414672232787408, 1.2723797226102072, 0.896, 0.461
0.862, 1.642049559966915, 1.2721399285955501, 0.896, 0.461
0.864, 1.6426314087402203, 1.2719003400365425, 0.896, 0.461
0.866, 1.6432127698437635, 1.2716609568195352, 0.896, 0.461
0.868, 1.643793643522864, 1.2714217788308189, 0.896, 0.461
0.87, 1.644374030023121, 1.2711828059565948, 0.896, 0.461
0.872, 1.6449539295903783, 1.2709440380829915, 0.896, 0.461
0.874, 1.6455333424707281, 1.2707054750960614, 0.896, 0.461
0.876, 1.6461122689105112, 1.2704671168817807, 0.896, 0.461
0.878, 1.6466907091563165, 1.270228963326051, 0.896, 0.461
0.88, 1.6472686634549762, 1.2699910143146995, 0.896, 0.461
0.882, 1.6478461320535729, 1.2697532697334775, 0.896, 0.461
0.884, 1.6484231151994255, 1.269515729468065, 0.896, 0.461
0.886, 1.6489996131401008, 1.2692783934040666, 0.896, 0.461
0.888, 1.6495756261234051, 1.2690412614270137, 0.896, 0.461
0.89, 1.6501511543973855, 1.2688043334223664, 0.896, 0.461
0.892, 1.6507261982103274, 1.2685676092755118, 0.896, 0.461
0.894, 1.651300757810755, 1.2683310888717658, 0.896, 0.461
0.896, 1.651874833447429, 1.2680947720963718, 0.896, 0.461
0.898, 1.6524484253693446, 1.2678586588345042, 0.896, 0.461
0.9, 1.6530215338257337, 1.2676227489712646, 0.896, 0.461
0.902, 1.6535941590660603, 1.267387042391686, 0.896, 0.461
0.904, 1.6541663013400183, 1.267151538980733, 0.896, 0.461
0.906, 1.654737960897537, 1.2669162386232975, 0.896, 0.461
0.908, 1.655309137988785, 1.266681141204201, 0.896, 0.461
0.91, 1.6558798328641253, 1.2664462466082091, 0.896, 0.461
0.912, 1.656450045774188, 1.2662115547200037, 0.896, 0.461
0.914, 1.65701977696981, 1.2659770654242073, 0.896, 0.461
0.916, 1.6575890267020574, 1.2657427786053737, 0.896, 0.461
0.918, 1.6581577952222208, 1.26550869414799, 0.896, 0.461
0.92, 1.6587260827818135, 1.2652748119364767, 0.896, 0.461
0.922, 1.659293889632572, 1.265041131855189, 0.896, 0.461
0.924, 1.6598612160264528, 1.2648076537884152, 0.896, 0.461
0.926, 1.6604280622156327, 1.2645743776203802, 0.896, 0.461
0.928, 1.6609944284525076, 1.2643413032352426, 0.896, 0.461
0.93, 1.6615603149896918, 1.2641084305170975, 0.896, 0.461
0.932, 1.662125722080014, 1.2638757593499768, 0.896, 0.461
0.934, 1.6626906499765193, 1.2636432896178476, 0.896, 0.461
0.936, 1.663255098932468, 1.2634110212046146, 0.896, 0.461
0.938, 1.6638190692013337, 1.263178953994119, 0.896, 0.461
0.94, 1.664382561036819, 1.262947087870134, 0.896, 0.461
0.942, 1.664945574692789, 1.262715422716389, 0.896, 0.461
0.944, 1.6655081104233782, 1.2624839584165315, 0.896, 0.461
0.946, 1.666070168482887, 1.2622526948541595, 0.896, 0.461
0.948, 1.6666317491258444, 1.2620216319128066, 0.896, 0.461
0.95, 1.6671928526069821, 1.2617907694759463, 0.896, 0.461
0.952, 1.667753479181237, 1.261560107426992, 0.896, 0.461
0.954, 1.6683136291037508, 1.2613296456492982, 0.896, 0.461
0.956, 1.6688733026298685, 1.26109938402616, 0.896, 0.461
0.958, 1.6694325000151398, 1.2608693224408132, 0.896, 0.461
0.96, 1.6699912215153128, 1.260639460776436, 0.896, 0.461
0.962, 1.6705494673863384, 1.2604097989161485, 0.896, 0.461
0.964, 1.6711072378843659, 1.2601803367430127, 0.896, 0.461
0.966, 1.6716645332657452, 1.2599510741400333, 0.896, 0.461
0.968, 1.6722213537870196, 1.259722010990159, 0.896, 0.461
0.97, 1.6727776997049324, 1.2594931471762811, 0.896, 0.461
0.972, 1.6733335712764201, 1.2592644825812358, 0.896, 0.461
0.974, 1.6738889687586143, 1.2590360170878032, 0.896, 0.461
0.976, 1.6744438924088392, 1.2588077505787074, 0.896, 0.461
0.978, 1.6749983424846142, 1.2585796829366176, 0.896, 0.461
0.98, 1.6755523192436441, 1.2583518140441503, 0.896, 0.461
0.982, 1.6761058229438284, 1.258124143783866, 0.896, 0.461
0.984, 1.6766588538432539, 1.257896672038272, 0.896, 0.461
0.986, 1.6772114122001958, 1.2576693986898222, 0.896, 0.461
0.988, 1.6777634982731167, 1.2574423236209173, 0.896, 0.461
0.99, 1.6783151123206634, 1.2572154467139058, 0.896, 0.461
0.992, 1.678866254601673, 1.2569887678510823, 0.896, 0.461
0.994, 1.679416925375156, 1.2567622869146933, 0.896, 0.461
0.996, 1.6799671249003223, 1.256536003786927, 0.896, 0.461
0.998, 1.6805168534365456, 1.2563099183499284, 0.896, 0.461
1.0, 1.6810661112433922, 1.2560840304857865, 0.896, 0.461
