-1.0,0.5460302493321348,0.7878104379236271,0.9980817772492572,0.20501325118510155
-0.998,0.5453909345625334,0.7867313566755655,0.99844835499702,0.20471859030236897
-0.996,0.5449367392939707,0.7854458344376806,0.9989427693135853,0.20439740914179355
-0.994,0.5444913032745022,0.7840871292775292,0.9993499181725192,0.2041080404861714
-0.992,0.5440863501114656,0.7828958218795059,1.0000711294122406,0.20381655411036012
-0.99,0.5434747613369638,0.7815344110656733,1.0004561682782265,0.2035464503897377
-0.988,0.5430752765534298,0.7803444335558737,1.0008227409144035,0.20319375429401848
-0.986,0.5424555074357938,0.7789101241495267,1.0012606971525149,0.20291233819958585
-0.984,0.541990278146486,0.7776493330481252,1.0015879534250967,0.2026142681736173
-0.982,0.5414895829849791,0.776423511539197,1.0021693469109272,0.20232407318621445
-0.98,0.5410610255938684,0.7751813530737403,1.0025223171633166,0.20201865148176132
-0.978,0.540614498183674,0.7738309238122983,1.0028644973877028,0.20177534408275766
-0.976,0.5400997838236283,0.7724212574031131,1.0035797402541269,0.20145089371901495
-0.974,0.5396000876563465,0.7713977636360116,1.004037271258877,0.2011893911591518
-0.972,0.5390397831557299,0.7700357791108468,1.0045311905293353,0.20085279126357916
-0.97,0.5385195792186415,0.7689452342441492,1.0049721540124932,0.20057263879213555
-0.968,0.5380387420530854,0.7675219816538996,1.0054653193508463,0.20031026254821516
-0.966,0.5375606349740094,0.7663217258914915,1.005946327253651,0.20000258114972827
-0.964,0.5370566398060277,0.765305460540002,1.0063502371106923,0.19972773810365646
-0.962,0.5365264706857488,0.763870167774204,1.007058864961515,0.19941316629421454
-0.96,0.5360562912917084,0.7626807538628436,1.0071390550021324,0.1991801966661937
-0.958,0.535565766044869,0.7613689368506428,1.0078612994256138,0.19887022008558272
-0.956,0.5350731911551632,0.7599816593750709,1.0081116486173778,0.19856754529482668
-0.954,0.5345258378410097,0.7587910459525958,1.0087339292408426,0.19828867535758662
-0.952,0.5340556534039667,0.7577618182326266,1.0090503627865628,0.19798045261197622
-0.95,0.5336221509740359,0.7562671477578511,1.0095425583921485,0.1977292557839167
-0.948,0.5331058551823982,0.7551621096614006,1.0100152287177382,0.19744281429648794
-0.946,0.5327024990628101,0.7540266348031465,1.0105502128497459,0.1971900435564678
-0.944,0.5321415722269454,0.7527117149355692,1.0109800320299855,0.1968992656158423
-0.942,0.5316355138375682,0.751603475668019,1.011534893249589,0.1965987835090395
-0.94,0.5311314426831858,0.7502671561002741,1.011886964817681,0.19635539467044544
-0.938,0.5307316903169241,0.7490780032885808,1.0123686455528853,0.19604853241107195
-0.936,0.5301529300073935,0.7478470839622195,1.0129027438459801,0.19577673040268653
-0.934,0.5297766619752018,0.7466255502862403,1.0132977227900524,0.19551703675142687
-0.932,0.5291905253560439,0.7454795704213933,1.0138531528262982,0.19522941252765902
-0.93,0.5287889467836999,0.7442539051584193,1.0139564788234658,0.19495346992089688
-0.928,0.5283758379824163,0.7429301413541931,1.0147433112034845,0.1946296095044099
-0.926,0.5278586768040898,0.7416564147113919,1.0150436626689607,0.19441971759622942
-0.924,0.5272280605765771,0.7404464744149272,1.0155806159604304,0.19411399875680024
-0.922,0.5268670533644086,0.7393282789065089,1.0160101648017488,0.1938496931394302
-0.92,0.5262202416883086,0.7381857818328971,1.0164159014173728,0.1935896642131896
-0.918,0.5257948001900501,0.7369827025783319,1.0170066639882318,0.1933296944958376
-0.916,0.5254436464136415,0.7358625257966429,1.0174324548642635,0.19306763384914855
-0.914,0.5248933192078314,0.7345218775214802,1.0179367083146262,0.19279786364373394
-0.912,0.5244420537864966,0.733526672782498,1.018371505178792,0.19249026106557302
-0.91,0.5239362966142818,0.7322782909265365,1.01892848813644,0.192270058665187
-0.908,0.5233285123820038,0.7310594740716093,1.0194252455855277,0.1920129202306569
-0.906,0.5228644442974482,0.7299106621225199,1.0195375720012927,0.19172150363399784
-0.904,0.522408519664514,0.7287878095290026,1.020061425259997,0.19145180461263653
-0.902,0.5220528314161229,0.7275041117020467,1.0205885724764638,0.1912133677163008
-0.9,0.521467060761182,0.7262870295978608,1.0210597086408235,0.1909292771989012
-0.898,0.52113069350216,0.7251995058225263,1.0218282335256226,0.19069070356504272
-0.896,0.520625730684387,0.7240719499177982,1.0220837245024823,0.19040363561139304
-0.894,0.5201748300661005,0.7228745127708585,1.0224760514663025,0.19011507917260462
-0.892,0.5195777471094932,0.7215914168750331,1.023017709494276,0.18987870424363756
-0.89,0.5191508322469889,0.7204523196423428,1.0234229362687244,0.18961548939720657
-0.888,0.5186039315847125,0.7192841472508642,1.0239504660607741,0.18930084835549013
-0.886,0.518100605736232,0.718053064633508,1.0243870294899637,0.18906683413987688
-0.884,0.5177056224155363,0.7169512535891875,1.0248544013945837,0.18879565693695366
-0.882,0.5172734700671603,0.7159588884787887,1.0251807330369929,0.18858308828972975
-0.88,0.5168632850377725,0.7145759657077747,1.025641603875564,0.18832501803743573
-0.878,0.5162895695793044,0.7134683241466022,1.0260565019721637,0.18806607564526628
-0.876,0.5158116843717785,0.7123587870699665,1.0266758605804531,0.18781933949464255
-0.874,0.5153990014566201,0.7112150198298939,1.0272491514329924,0.18755677850224192
-0.872,0.5149121661536449,0.7100356291508086,1.0275268900634122,0.18731525236501378
-0.87,0.5144577162145676,0.7089488219817691,1.028011474630002,0.1870557040458435
-0.868,0.5138927790531633,0.7078511269056968,1.0285976705701476,0.18678085776303058
-0.866,0.5134903047754259,0.7066042500977155,1.028657537526297,0.18651755352926663
-0.864,0.5130759017439005,0.7055108217684625,1.0296069126514709,0.18627344427467993
-0.862,0.5125645053917902,0.7043307404242629,1.0297428423230377,0.18600753871297304
-0.86,0.5120716293109372,0.7033182398266906,1.030214713393549,0.18579013874882233
-0.858,0.5115978291690639,0.7022026710774684,1.0307052445171738,0.18547794724557126
-0.856,0.5111960788941672,0.7009989559445365,1.0311162702060928,0.18524063830744916
-0.854,0.5106674959486874,0.6999150301080643,1.03143068640346,0.1850550788228625
-0.852,0.5103597941834275,0.698755016274576,1.0323288566684174,0.18477338867701384
-0.85,0.5097460361916657,0.6976493255416065,1.0325819719267124,0.18453317660856763
-0.848,0.5093222468550408,0.6964353775270994,1.0329880584219924,0.18428741264015258
-0.846,0.5088654131575919,0.6953494884573316,1.0334528014398063,0.18403413777325647
-0.844,0.5082961820790647,0.6942877467179047,1.0339392058549803,0.18376419898114513
-0.842,0.5078819921300721,0.6931657168973107,1.0343756809337588,0.18353818364441346
-0.84,0.5073813373671872,0.6920933324821439,1.0348524785134634,0.18332403879034576
-0.838,0.5070370353601251,0.6908436567854102,1.0353194881733536,0.18306368361285097
-0.836,0.5064901800050948,0.6899037912872907,1.0358365740113875,0.18276981110542537
-0.834,0.5061171999636752,0.6888534452727062,1.0361952358756363,0.1825915467998836
-0.832,0.505601114029909,0.6877675773658507,1.0365424274050872,0.1823301376491677
-0.83,0.505128530691583,0.6866549191960617,1.0371842241996776,0.1820624296089551
-0.828,0.5046111087239902,0.6853771900883209,1.0374475297464063,0.1818173952442543
-0.826,0.5042150453255666,0.6843188469539239,1.0382029039151308,0.1815722153787333
-0.824,0.5037351818568371,0.6831484049583486,1.0384524937515913,0.18135021569411927
-0.822,0.5033405304371342,0.6822970475892934,1.0389591883298386,0.18110320720171283
-0.82,0.502912282705623,0.681223661948508,1.039490297433574,0.18089967118545516
-0.818,0.5024023429501773,0.6798484759129538,1.0397317643387198,0.1806618489324715
-0.816,0.501937261605079,0.6789610718791449,1.0403363267497447,0.1803828816066705
-0.814,0.5014143510001016,0.6777954404620102,1.0408159938017212,0.18011990599088545
-0.812,0.5010021446375621,0.6769398350331033,1.041205832670146,0.17992228218758977
-0.81,0.5006148628755324,0.6757409910805506,1.0417085008954374,0.17969345426785233
-0.808,0.5000823272365419,0.6746026216474581,1.0418995592287448,0.17944997216013509
-0.806,0.49969135993382446,0.6734155127200148,1.0424573474371934,0.1792248263601458
-0.804,0.4991515720924467,0.6723784981458403,1.0430258943453565,0.17897155931353873
-0.802,0.4986965309283508,0.6713865016696207,1.0433250661915623,0.17874554059382664
-0.8,0.4982550724312296,0.670346250713245,1.0438959405591188,0.17850460963916714
-0.798,0.4978605194824316,0.6692927333446868,1.0443153587674976,0.1782538590216047
-0.796,0.4973735283354908,0.6680909845259759,1.0447593143987488,0.17800945967693976
-0.794,0.4968816192782344,0.6670611585273087,1.0452360939371128,0.17782612981765822
-0.792,0.4964274558219653,0.6660389422149487,1.0458784096970055,0.17759733424779375
-0.79,0.49601829248203455,0.6649141351237989,1.0462414438352179,0.1773449846548984
-0.788,0.495478369777811,0.6638434430971231,1.0467394413311233,0.17715892812326828
-0.786,0.495060434306226,0.6628642824744893,1.0471873472923043,0.1768778604326861
-0.784,0.49464176297416107,0.6618509468291239,1.0474934102168596,0.17665983917238873
-0.782,0.49428210732494454,0.6607447955635372,1.047978499172498,0.17644665884619506
-0.78,0.4938821947858282,0.6596571931151967,1.0484381195307626,0.17620060341533916
-0.778,0.4933649640433403,0.6585687521777025,1.0488705755424774,0.1759646985452331
-0.776,0.49280639762159006,0.6577129040659142,1.0492353064305562,0.1756964486620286
-0.774,0.4924116692493645,0.656511401460955,1.049784517367125,0.17553019912523654
-0.772,0.49205058440222815,0.6555335417398866,1.0502113758008955,0.17532600341015572
-0.77,0.49153483543082555,0.6544948244834049,1.0506920509785729,0.17507102541734038
-0.768,0.4910833171201241,0.6535025916909939,1.051158334266562,0.17485004197400003
-0.766,0.49056875421448387,0.6523330459673131,1.051596169216415,0.17462554429393157
-0.764,0.49010417546329826,0.6515385063260247,1.0520179964414675,0.17439775660930704
-0.762,0.48977918342177806,0.6503062684412184,1.0525800600907111,0.17417495069423336
-0.76,0.48923590047731624,0.6493668999136234,1.0529019032327955,0.17394468882365713
-0.758,0.4888970763463694,0.6483631200815518,1.0534665197367628,0.1737088855566826
-0.756,0.48840055583240655,0.6472953759672115,1.053790659332104,0.17351991989669324
-0.754,0.4879237523788113,0.6462571892505055,1.0542677695523204,0.1732969018686361
-0.752,0.4875349003751394,0.6451468768048797,1.0548509169564908,0.17306838218166548
-0.75,0.4870424001565829,0.644230482324109,1.0551450391957855,0.17282676221612164
-0.748,0.4866682304806274,0.6432361480738811,1.055320896565555,0.1726300914049929
-0.746,0.48618948580743804,0.6422734697279743,1.0562342468341497,0.1724210247708236
-0.744,0.48569399143246544,0.6412168001089735,1.0564811960958713,0.17218133009584854
-0.742,0.48529745016860426,0.6401396866804071,1.0570460138699938,0.17194861573099568
-0.74,0.4848723837595807,0.6391241083758118,1.0575281568028196,0.1717462979418978
-0.738,0.4845028628299499,0.6380821921033559,1.0579179206038998,0.1714980999584807
-0.736,0.48395964838476135,0.6372318862921907,1.0585351054454866,0.1712972656695298
-0.734,0.4835097257005327,0.6361460425597182,1.0587734751065256,0.17111341812610897
-0.732,0.48308434025596103,0.635084378468937,1.059388779737366,0.1708955934446073
-0.73,0.48271047044642784,0.63404434473301,1.0595358399226378,0.17066509868854193
-0.728,0.4822321439858244,0.6331263924020707,1.0602067526575176,0.17042064718304117
-0.726,0.48175855474358753,0.6320701039754029,1.0605464541847893,0.1702402241613646
-0.724,0.4813911458491466,0.6310543266667447,1.0611639380572795,0.17003525131002442
-0.722,0.48094873005032784,0.6300082625690726,1.0615661978786062,0.1697767936788518
-0.72,0.4803766410528689,0.6290906719899011,1.0620395931357827,0.16962927218631213
-0.718,0.48005109021260156,0.6281295959007197,1.0623129199815073,0.16938231030612366
-0.716,0.4796513052101377,0.6271480033236169,1.062699126020049,0.1691752452968709
-0.714,0.4791531522068325,0.6262119970215212,1.0631846784867836,0.16897032282889107
-0.712,0.47872136136947707,0.6251634494744087,1.0636516744506874,0.16875250643795736
-0.71,0.47830825961235246,0.6241550775357267,1.0641683336111194,0.16852086368253497
-0.708,0.4778836832135806,0.623040170212246,1.0647410304141474,0.1683264710045716
-0.706,0.47746040922754324,0.6221957020592905,1.0651604572170925,0.1681360005101198
-0.704,0.4769965258650431,0.6212794215118872,1.0657002463411591,0.16789695571532293
-0.702,0.476535766481295,0.6202706021383723,1.0659672712136727,0.16767982310705484
-0.7,0.47619290243335344,0.6191903552104256,1.0663684080579885,0.16751122869891122
-0.698,0.47567153694916886,0.6183078534792662,1.0668925704966523,0.16730671655858553
-0.696,0.4753236446907538,0.6173636759233787,1.0673499229608314,0.16710041673355552
-0.694,0.4748773777075037,0.6163449277784617,1.0679058797991647,0.16688344230443458
-0.692,0.47433711740744733,0.6154025770664645,1.0681495785725457,0.16667855040706853
-0.69,0.473889665585205,0.6144398119262633,1.0686222595784596,0.16646487984110747
-0.688,0.4736676124370319,0.6134446971817865,1.0690572630444037,0.16628466546748122
-0.686,0.4730519123461232,0.6125160467545506,1.0697167069708362,0.16603592410674098
-0.684,0.4726460133187255,0.6115404025498766,1.0701774354833253,0.16583812451010216
-0.682,0.4721819256220915,0.6105478740253127,1.0703182848862738,0.165645956680799
-0.68,0.47186595971658046,0.6095966378333125,1.0707528664806116,0.165470552447023
-0.678,0.47140068182416467,0.6086345081987651,1.0711099085451299,0.16524767396764617
-0.676,0.47094928069269865,0.6076640838213504,1.0716361884753391,0.16504458957066734
-0.674,0.47056326674081117,0.606718194133114,1.072247067873738,0.16482023307543006
-0.672,0.47012548242542174,0.60584582611046,1.072612493181781,0.1646625292305863
-0.67,0.46981194125239456,0.6048461835716819,1.0731576726287524,0.1644232075470286
-0.668,0.4693101861488612,0.6039154518250509,1.0734486444880005,0.16423882160850106
-0.666,0.4689116447861781,0.6029793877543514,1.0740756821727715,0.16403868916209638
-0.664,0.46847226642586093,0.6020786856030107,1.07417202345588,0.1638142295902746
-0.662,0.4680176971328706,0.6011138161045958,1.0748583055312226,0.16365772008476495
-0.66,0.467567156732552,0.6001271799490422,1.0752564921288503,0.16341425615342478
-0.658,0.4671563148245492,0.5992097549526709,1.075723679585168,0.16322426552230634
-0.656,0.46674821649897036,0.5982350823419141,1.076025291923103,0.16302618639221728
-0.654,0.46632054147053964,0.5973894800836606,1.0766852424603717,0.16283328349092738
-0.652,0.46595008619558465,0.5965711240908471,1.0770152786824156,0.162653825812383
-0.65,0.46558202954607736,0.5954716633720072,1.0776216063099915,0.1624333222910222
-0.648,0.465093785675505,0.5945805010464578,1.0778390509666165,0.1622909810696419
-0.646,0.4646597651381574,0.5936661643461781,1.0784222752987451,0.16203050437706903
-0.644,0.4642585034538267,0.5927185004830366,1.0788433876539318,0.16184914870682282
-0.642,0.4638673339689953,0.5917469900347383,1.079310436307853,0.16168091264473874
-0.64,0.46324487344848264,0.5909253274631219,1.079692273146062,0.1615167073640759
-0.638,0.4629887074616593,0.5898949073782466,1.0804680994202738,0.16128172743600078
-0.636,0.46256408029077545,0.5889093583216276,1.0804374279246056,0.1610810340550005
-0.634,0.4620820492471511,0.5880304043695915,1.081093338559769,0.16090839441181484
-0.632,0.4616457845171719,0.5871287403138377,1.0815859542919477,0.16073044712328452
-0.63,0.46128100076027245,0.5861583133602369,1.0818883704134314,0.1605112327702006
-0.628,0.4608945616535525,0.5853974234361671,1.0822808229382836,0.1603215858961868
-0.626,0.4603928681126782,0.5843813560954826,1.082579218365111,0.16013174912520145
-0.624,0.46001509627309517,0.5835880823170512,1.083400259995158,0.15994093914812482
-0.622,0.4596953572598072,0.5825588186839047,1.0836196029774852,0.15975044398224383
-0.62,0.4592382016626569,0.5817308176982371,1.0840856366037375,0.15955579846419077
-0.618,0.45881055925463754,0.5808268125007705,1.0845566069195398,0.15935475635606086
-0.616,0.4584471785609053,0.5797728552934853,1.0849125301480063,0.15918838525285345
-0.614,0.4580006880558694,0.5789504873147601,1.0853805390985334,0.15900150002854113
-0.612,0.4574605224284144,0.5780594015121546,1.0860208826697224,0.15882205782303693
-0.61,0.4571005908026897,0.5772055230925589,1.08639981370479,0.1586301427132931
-0.608,0.45675051635572933,0.5763715959452833,1.0867621347061909,0.1584317528724718
-0.606,0.45629858105319226,0.5754623583112324,1.0871785918839172,0.15827287990074634
-0.604,0.4558759431157324,0.574385222397168,1.0876326310735356,0.1580905552130212
-0.602,0.45548075006780164,0.5737073707244712,1.0880294354722788,0.15785365309333563
-0.6,0.4550501271904741,0.5726931891978364,1.0885638326466465,0.1576686761234602
-0.598,0.4546269722186684,0.5718701859828103,1.0890619279461466,0.15748162068904326
-0.596,0.4542456303960204,0.5709641639296297,1.0894416944103584,0.1573073941674024
-0.594,0.45378026190826104,0.5700958836919741,1.089769823372183,0.15712910894821502
-0.592,0.4534627728239144,0.5690823435996686,1.090214541798611,0.15695779370693447
-0.59,0.4529969095770512,0.5682307770932034,1.0908308445567565,0.15676338789999747
-0.588,0.4526265613467127,0.5673211683837782,1.0912696338040035,0.15658361032370813
-0.586,0.4522330055975744,0.5665168501434666,1.0916980336402131,0.15639345565812768
-0.584,0.4518108571754404,0.5656485748350513,1.092074757632918,0.15620941113250458
-0.582,0.45151230723016283,0.5646858022790443,1.0926012882366873,0.15604129525963129
-0.58,0.4509206335355261,0.5638716100324719,1.0929686877585933,0.15587957510626668
-0.578,0.45057813784880413,0.5628880735878243,1.0933813485131536,0.15566057778503162
-0.576,0.4501448465927059,0.5621619014856664,1.093800617545829,0.1555205722309045
-0.574,0.4497737296159288,0.561223447265308,1.0941419421796128,0.15529964104852542
-0.572,0.4493346940779522,0.5604305058332929,1.0946182739253065,0.15512435381688724
-0.57,0.4489192208046232,0.5595335400891668,1.0951404902981872,0.1549439574920912
-0.568,0.4486171436970106,0.5587019192406292,1.095475113480055,0.15477024016101573
-0.566,0.4481755129036066,0.5577920128844372,1.0959590059879674,0.15458120492937275
-0.564,0.4478101891993935,0.5569306059738828,1.0962381953463867,0.15439792174771483
-0.562,0.447271186549242,0.5561860381774896,1.096853838206252,0.15423011125164507
-0.56,0.4469292907939837,0.5553183433406097,1.0973209071625118,0.15404096763578276
-0.558,0.4465225729771229,0.5544438690563738,1.097856727944833,0.15387587673403555
-0.556,0.4460734900709067,0.5535771172127519,1.0983579671589017,0.15370392792354007
-0.554,0.4457721272848981,0.552679554705678,1.0986238387086802,0.15353395216547788
-0.552,0.44533217905129363,0.5518195589273233,1.0990102397940595,0.1533467093330488
-0.55,0.4449419018866219,0.5510309816744016,1.0995590568193099,0.15319959383777806
-0.548,0.4445167671783498,0.5500889964531935,1.1000414048550184,0.152976319586466
-0.546,0.44411473097631593,0.5493191183843155,1.1004797299982227,0.15283231332148256
-0.544,0.4437328333476054,0.5484240937333762,1.1005512027965187,0.1526495563603847
-0.542,0.44327249315851597,0.5476771613449175,1.1013341848585814,0.15246116769810794
-0.54,0.4429362430922491,0.5467733885292795,1.1016193291359557,0.1523240995375753
-0.538,0.4424748305655404,0.5457948468500871,1.1019051983443728,0.1521335912020201
-0.536,0.4420998923841126,0.5450755591306129,1.1026156083406045,0.15194456461564107
-0.534,0.44171327367588287,0.5442476491457374,1.102846786280308,0.15176524979960357
-0.532,0.44130639634019353,0.5433591221874746,1.1032559480746658,0.15161546369265602
-0.53,0.44090913299203754,0.5425932721884451,1.1038034932564333,0.15143971078260626
-0.528,0.44045721017937806,0.5417023362389873,1.1043306932563166,0.15127930273087228
-0.526,0.44013063341430975,0.5408802750290791,1.1045803686781155,0.15108347379567744
-0.524,0.4397654294209642,0.5400868313180504,1.105242535885091,0.1509168771163786
-0.522,0.43928540485327466,0.5391972329567262,1.1055129652731421,0.15075622106187692
-0.52,0.43895224835469343,0.5383835266336867,1.1059624679431865,0.15057992431558526
-0.518,0.43852410324346897,0.5375717302027235,1.1064487989279985,0.1504070778916424
-0.516,0.4382064672150143,0.5367049379158981,1.1070306300108814,0.1502426566856289
-0.514,0.43773082453846984,0.5359282350212503,1.1073553521171262,0.15009308098784108
-0.512,0.4372478340040628,0.5350893337614083,1.1078114595662298,0.14989698681849506
-0.51,0.4370196038722012,0.5342591143968753,1.1080616101727179,0.14973187876255908
-0.508,0.43660110957881804,0.533530705469367,1.1086224005807466,0.1495666473889495
-0.506,0.4362074710997475,0.5326385276176012,1.1090470033536615,0.14938688705970318
-0.504,0.43576629208068285,0.5317996785620814,1.109576718610048,0.1492388901479214
-0.502,0.4353635170663837,0.5309626634992275,1.1098340061535867,0.1490605505038206
-0.5,0.4349553952468952,0.5302620649228904,1.1103077750788466,0.1488861024019956
-0.498,0.4345392713275197,0.5293822303933743,1.1106359765434204,0.14871430495207041
-0.496,0.434157813764099,0.5286286616356344,1.1110663756785608,0.14854042775610835
-0.494,0.4338559788224461,0.5277272047782399,1.1115256085723417,0.14839210555159613
-0.492,0.4333759923293969,0.52682683519142,1.1120682335463667,0.14821639665614783
-0.49,0.43309662991884434,0.5261284868068905,1.1125461296862817,0.1480655598666699
-0.488,0.43263601611272784,0.5253720171380601,1.1129191664632097,0.14792131027192848
-0.486,0.4322474674111875,0.5245345644653726,1.1133680495446034,0.14775190226600576
-0.484,0.43183020279186174,0.5236334215970813,1.1137983092908437,0.1475781420170727
-0.482,0.4315255851453684,0.5228343735935277,1.1139107807128592,0.14741297352294033
-0.48,0.4311020479894294,0.5221025347331006,1.1145547986271387,0.14723293713812816
-0.478,0.43071859217660896,0.5212972844094267,1.1150534463778639,0.14706508747843575
-0.476,0.43031516902070976,0.5204635623830031,1.1154704782153158,0.14692465238671126
-0.474,0.4299164199825097,0.5197263961785058,1.1157797256772026,0.14676845193372512
-0.472,0.42956226523702645,0.518884458721532,1.1163763355790586,0.14662392111371098
-0.47,0.42919100299464064,0.5182157066876615,1.1166494505576918,0.14644710521756552
-0.468,0.4287323541402205,0.517312489157655,1.1172203931420024,0.14629506891279193
-0.466,0.4283885623656026,0.516477039334249,1.1176804905811106,0.14614620220180877
-0.464,0.42797659277309585,0.5157746585666485,1.1180935397760459,0.1459163357971301
-0.462,0.42766619419316426,0.5149456556820392,1.118474371287465,0.1457964091239779
-0.46,0.42718873360845605,0.5142741976727837,1.1188810187409473,0.14564433860047696
-0.458,0.42682498454767004,0.5133567427584439,1.1193913448952526,0.14544869147837003
-0.456,0.42642433846088174,0.5126813092967911,1.119650031384001,0.14533675888438602
-0.454,0.426084704233864,0.5118324625161709,1.1200916817913213,0.1451423063702403
-0.452,0.4257029322711226,0.5110440664399023,1.1206054207278968,0.14498383064899295
-0.45,0.42534003106905005,0.5102475676312911,1.1210346981876347,0.14485238877951426
-0.448,0.42497307050440236,0.5094991078912159,1.1213579039563493,0.1446788795062326
-0.446,0.4244887974476064,0.5086837186714313,1.1220223498209412,0.14456791374707592
-0.444,0.424205557813626,0.5078880899677358,1.1221097801742486,0.14436789360002436
-0.442,0.42368985168872,0.5071624485815707,1.1229815406448431,0.14420141966049596
-0.44,0.4233934676244196,0.5063403805999992,1.1232406464885358,0.1440498257024984
-0.438,0.4230672103581704,0.5055656436628946,1.1233546691970047,0.14387987037727235
-0.436,0.4226139246298628,0.5048714141427043,1.124013912608607,0.1437412028016455
-0.434,0.4222214041471569,0.5041056741909821,1.1243939683251527,0.1435769110635122
-0.432,0.42187405495662045,0.5033304026674619,1.1249503093119861,0.14342520144300183
-0.43,0.42147438621422767,0.502514895729225,1.125161067286153,0.14330145738864666
-0.428,0.4211461838567471,0.5017822225490781,1.125919797658913,0.1431190343709104
-0.426,0.42078213518478635,0.5010065579195284,1.1262589470673716,0.1429788277237614
-0.424,0.4203386784642553,0.5002649334539311,1.1266050777762329,0.14280677349899237
-0.422,0.42000316068186566,0.49949324864801925,1.1268771302958598,0.1426603526009242
-0.42,0.4197018037527568,0.4987281105217709,1.127329098976667,0.14252435451310513
-0.418,0.41920338481267666,0.4979275486236175,1.1277327541842497,0.14234766778705302
-0.416,0.41883587589200344,0.49725766956881495,1.1281801367676296,0.14221187025268384
-0.414,0.41854823219424614,0.4965534644245914,1.1288864403863683,0.142042046365994
-0.412,0.41817949564601176,0.4956923425776649,1.1293058645253682,0.14188492060083685
-0.41,0.41765807469623456,0.49489448595208924,1.1296822606673138,0.14173734118750891
-0.408,0.41734222412490085,0.49419384159050245,1.129914539602142,0.1415800526917547
-0.406,0.41702373122624525,0.49351586798310765,1.1303295364084185,0.1414167880915433
-0.404,0.41661109261253193,0.49267354228520227,1.130849335121463,0.14129574446275886
-0.402,0.41622220599697896,0.4919181452275739,1.1313067244520867,0.14114556811418139
-0.4,0.4158303981535047,0.4912132612807321,1.1317074506435782,0.14098625931065495
-0.398,0.41552298629672285,0.490462256824641,1.1320009717796036,0.14085623586802773
-0.396,0.41505481452291054,0.48972190507562474,1.1324400541410897,0.14067480234989332
-0.394,0.41478759714169017,0.4890067839945359,1.1328943973088133,0.14053155736861694
-0.392,0.41442052029258974,0.48822714585731025,1.133362716001556,0.1403947522359677
-0.39,0.4139823596572356,0.4874527296239642,1.1338650944290654,0.14025068637688154
-0.388,0.41360646716067534,0.4867798323324608,1.1342385219491733,0.1401161379690218
-0.386,0.413199152881912,0.48600267291648663,1.1345216101611275,0.13996855549083492
-0.384,0.41296678619319593,0.48531215282593776,1.1350459110850337,0.13979061808259755
-0.382,0.41249289410092593,0.48463420446154404,1.1354450434246472,0.13965991340443337
-0.38,0.4121331332204941,0.4837983910752907,1.135987420008616,0.1395200855579927
-0.378,0.41166162125890066,0.4831396603972573,1.136244334893763,0.13936330867153215
-0.376,0.41139579079103406,0.4823773708075569,1.1366473163332218,0.1392127277257392
-0.374,0.4110910614155389,0.48155710593946605,1.1370922807251376,0.1390468545898233
-0.372,0.41070700578462965,0.4809529012277356,1.137738213528946,0.1389350748990574
-0.37,0.4103179501237732,0.4801742390325034,1.1376899070745206,0.13879581917299869
-0.368,0.40994395745687867,0.47943195556885965,1.138489912016905,0.13863476576966013
-0.366,0.40949884484495863,0.4787018160543082,1.1388398350790172,0.13848317565867038
-0.364,0.4092106823461223,0.47804631866252256,1.1393346440850103,0.13833360333699848
-0.362,0.408803105098309,0.477281615652251,1.1396833914973417,0.13819089092975156
-0.36,0.4084017706713001,0.476534088450519,1.1401243257626992,0.13805637075613944
-0.358,0.40812704077751233,0.47594294686531124,1.1405404157325894,0.1378894471533248
-0.356,0.4077576936102334,0.4750976112788676,1.140796982222751,0.13773795892262675
-0.354,0.4073812771727823,0.47446673533001,1.141414885598661,0.13761484371793628
-0.352,0.4070013726018089,0.4736144654740382,1.14198125448182,0.13745391039462437
-0.35,0.4065709877651185,0.47294847879055724,1.1422782377601053,0.13731903561675912
-0.348,0.4063240056563221,0.4721916563919249,1.1428900853899033,0.13717485036537794
-0.346,0.4059792879744625,0.471499045633771,1.1431226109855572,0.13702811460434827
-0.344,0.40550665496326926,0.4709400818880698,1.1434838702821433,0.13689277672116582
-0.342,0.405204179017212,0.4701032558178087,1.1438597382695703,0.1367737675503693
-0.34,0.40485661206477075,0.4694387110340706,1.1441688048590923,0.13662895849583184
-0.338,0.40452712967302046,0.46874177975729675,1.1446388526941274,0.1364704804999097
-0.336,0.40402812746323064,0.4679039857872662,1.145104583306816,0.13633177841425093
-0.334,0.40373383919236283,0.4671979352416572,1.145368505510568,0.1362060112018371
-0.332,0.40337890080449373,0.46665879124044285,1.1461443211900075,0.13603963791131057
-0.33,0.40297647588388436,0.4659240117234675,1.1464427798904286,0.13592661597513422
-0.328,0.40273502268757505,0.46519499667333725,1.1468538095128065,0.135783406086559
-0.326,0.4022300852113309,0.46447636834646594,1.147143289237273,0.13562544990953654
-0.324,0.4019879819145489,0.46369127579257513,1.1475759168208186,0.1355046010038837
-0.322,0.40160835812450224,0.46303887667683097,1.1483297179865741,0.13535813773208155
-0.32,0.40123893180520903,0.4623745453766465,1.1484825517464405,0.1352087789679418
-0.318,0.400854543129879,0.4616965949432803,1.1490044802735517,0.13508831087879242
-0.316,0.400502129449714,0.4609734025249049,1.1494509703351516,0.1349456698378911
-0.314,0.40020168673883544,0.4602939980894132,1.1498395271932949,0.13478276309577925
-0.312,0.39976427162081707,0.4595599089129959,1.1502522296765556,0.13465823033709637
-0.31,0.39940171475965963,0.45894934575935437,1.1505733586495592,0.13451372460868866
-0.308,0.3990471554539134,0.4582063841975066,1.1509248914256975,0.1343962477163255
-0.306,0.3986920131999261,0.4575422219016516,1.1512437728259701,0.1342665529715617
-0.304,0.39839145167296103,0.45678944174797814,1.1516765647242517,0.13410119266672121
-0.302,0.39797830740632484,0.45612474640622236,1.1521766296910465,0.13398093319000123
-0.3,0.3975855502190637,0.45550319296873054,1.1526816269683522,0.13383357819840278
-0.298,0.3972567068705067,0.4547933531622718,1.1528348595738889,0.1336849950811037
-0.296,0.3969579678186803,0.4540485890149047,1.1534005901563587,0.1335685195955329
-0.294,0.3965501504012105,0.45343708150202927,1.1538420587353777,0.13341924779729641
-0.292,0.39621225534167653,0.45280250297691765,1.1542899084979308,0.13328136322292075
-0.29,0.3958630669965466,0.4521133317444252,1.1546910511868884,0.13315562252265947
-0.288,0.3955437603113329,0.45135381654059875,1.1551334061108407,0.13302847063232892
-0.286,0.39517945194024956,0.45076892274395086,1.155526814592424,0.1328815617842137
-0.284,0.3947665819446712,0.44998321849525924,1.1560474647909995,0.1327945660302013
-0.282,0.3944197953931455,0.4493238017593737,1.1564532223206667,0.1326374393227299
-0.28,0.39410913417612586,0.44870906611213346,1.156956888243608,0.1324746401864727
-0.278,0.3936940757759471,0.4480216498354006,1.1572184348125278,0.13235229098929385
-0.276,0.393385653369221,0.44732359761526713,1.1574504302797648,0.13222407659038346
-0.274,0.39304773456442615,0.4466585556038224,1.1579329964029517,0.1320981874413937
-0.272,0.3926266726805258,0.4460070283049573,1.1584728046387078,0.13195900591316642
-0.27,0.3923202716166162,0.4453155039053137,1.1587493634426906,0.131821416284835
-0.268,0.39194471562556854,0.44473755042828983,1.1592259834939622,0.13169627369056763
-0.266,0.3916045078776552,0.443978631202953,1.159690193905296,0.13158110192061395
-0.264,0.391272017651437,0.44341748152641547,1.16017073194176,0.1314182439962062
-0.262,0.3908299353621881,0.44267667132168864,1.1604957753513965,0.13129672068621875
-0.26,0.3905898638473323,0.44202722389861876,1.1609649158598052,0.13118514937238687
-0.258,0.3902294742121291,0.4413534831384741,1.1612330724209465,0.1310341593481014
-0.256,0.389888424581105,0.44070247540330737,1.1614962128891604,0.1309284416774195
-0.254,0.38951851469908494,0.43993337061314525,1.1622739615050715,0.13076264733472118
-0.252,0.3891046169686534,0.43934389623664427,1.1626042865130828,0.13065303458577252
-0.25,0.38885319071250296,0.43873109456095455,1.1629864836254546,0.1305179236441481
-0.248,0.3884723533899571,0.4380421256541597,1.1634393277788944,0.1304075834042246
-0.246,0.3881055933582025,0.43743543327791296,1.1637397493913577,0.13026523324957992
-0.244,0.38781650555423813,0.4367957575236441,1.164181626225368,0.13013134549879085
-0.242,0.3874635044663009,0.43618839818428035,1.164665656563268,0.12999678153402686
-0.24,0.3871484935807518,0.4354954204847479,1.1648787981492574,0.12986100344288137
-0.238,0.3867431784845151,0.434824969572062,1.1657030925316747,0.12974781923758136
-0.236,0.38631909566837447,0.4341618075081984,1.1658567055234375,0.1296169328192118
-0.234,0.38603658868693713,0.43349305145988265,1.166229080540927,0.12949389598369113
-0.232,0.38571265105306934,0.43292242689243526,1.1666281463800374,0.1293531889632726
-0.23,0.38531442727958565,0.43215969801163817,1.166937086971769,0.12923647554635498
-0.228,0.3850962747333971,0.43152728945719665,1.1677011129248522,0.12908915758059075
-0.226,0.3847522766293119,0.43087650550102213,1.1680620615613986,0.12900283233488652
-0.224,0.384312005573894,0.43041533176259306,1.1684258667048193,0.1288639385978999
-0.222,0.38396225555165153,0.4296248042557498,1.1687321515339046,0.1287249170761391
-0.22,0.3836315862882877,0.4288552625334889,1.1689575123635767,0.12860433624370785
-0.218,0.3832882665841434,0.42835542524261144,1.1692996858266875,0.1284530038293609
-0.216,0.3829285661929779,0.4277127664069883,1.1697234088362152,0.12834402004232223
-0.214,0.3825520135134373,0.4270129680651124,1.170433806500646,0.12820458826184306
-0.212,0.3822336296476844,0.42635312357074834,1.170622004789672,0.12808871781407488
-0.21,0.38187095018615,0.42587841775268376,1.1712012652976007,0.12797967928433884
-0.208,0.3815788345012572,0.42514898039812493,1.171669230495599,0.1278223178453817
-0.206,0.3812579585391552,0.4245571762030071,1.171755440690966,0.12771886686294304
-0.204,0.3808678953572233,0.4238956790753742,1.1723243928840048,0.12758425048868569
-0.202,0.38055248700922195,0.4233251768354577,1.172748024874318,0.1274812148183895
-0.2,0.3802085758524462,0.42269841263445174,1.1730334256667456,0.1273747692766522
-0.198,0.37987905299075425,0.4220328749772703,1.1735407119213448,0.12724444116929912
-0.196,0.3795970121195,0.42142045116130633,1.1740063804872147,0.12711605418844973
-0.194,0.37925684574940727,0.42075890797849363,1.1745126623210163,0.12697828264526076
-0.192,0.3788734446698856,0.4201414608997805,1.1746213692714023,0.12686386575753972
-0.19,0.37855942792424363,0.4195475725335984,1.1752350576972204,0.1267656992506274
-0.188,0.37822640054003037,0.4189330887262977,1.1755953568193886,0.12663466587657685
-0.186,0.37788771759598233,0.4182418599514639,1.176092052212646,0.12648353579695867
-0.184,0.37758259508709285,0.41763509812370514,1.1764972497320012,0.1263468979750164
-0.182,0.37720993934036945,0.4170330694388862,1.1767354333709628,0.12621496321637504
-0.18,0.37682114070727113,0.4164543490359068,1.1772976007097788,0.12611273885813293
-0.178,0.3764811156262194,0.4157958990761655,1.1775165966106704,0.12600725625147755
-0.176,0.3761347632125595,0.4151500784605631,1.1780644266127984,0.1258681143348103
-0.174,0.3758767037769702,0.4145820679464795,1.1785337175896131,0.12575559780873227
-0.172,0.37553990594976266,0.4140323780693214,1.1787904755231349,0.1256456050525636
-0.17,0.3751611640480255,0.41330751768301244,1.179275880570214,0.1255122178463525
-0.168,0.3747880916922169,0.41266281043274716,1.1795259195821481,0.1254182698974913
-0.166,0.37449463543779415,0.4121013138515333,1.1801199999602048,0.12526108425339197
-0.164,0.3741663186150064,0.41144608375646785,1.1806938999764807,0.12513861337697502
-0.162,0.37380382625602504,0.4108452732356374,1.1807358659174823,0.12503580844148768
-0.16,0.3734717796823913,0.4101974313136107,1.1813769329173314,0.1249261047521692
-0.158,0.3731919908412727,0.4097388126681615,1.181692593631114,0.12479457002850512
-0.156,0.37285373903509766,0.4090252599990583,1.1818662991852789,0.12466518396664539
-0.154,0.3724546759950047,0.40847865416131374,1.1823895567471767,0.12457249256622559
-0.152,0.37216732857782825,0.4078902015159106,1.1828636524785232,0.12445914892078708
-0.15,0.3718071816022217,0.40715578693391474,1.1831595683498959,0.12432762416670377
-0.148,0.3714939161018602,0.4066310038265758,1.1836808779802768,0.12420283133233177
-0.146,0.37118557981765543,0.40606286117227447,1.184185040312973,0.12406218216781216
-0.144,0.3707851430150942,0.4054020187931513,1.1843619298635057,0.12397156763005605
-0.142,0.37052094771322736,0.4047635856778993,1.1848871725354813,0.12384745137849648
-0.14,0.37016535767853553,0.40427508906949544,1.1854131386577624,0.12373566766776325
-0.138,0.3698746271728363,0.40371134811920656,1.1857404820875408,0.12361385294295388
-0.136,0.36949823181195,0.4030229545927016,1.1858494776465132,0.1234944747470444
-0.134,0.3692193207434336,0.4024518419509644,1.1864395927987788,0.12337930856353824
-0.132,0.3688116790174857,0.4018824880654485,1.1866569114807313,0.12327350777585916
-0.13,0.36852068876001504,0.4012907928623466,1.1872605766827815,0.12315196012139687
-0.128,0.3682166075490129,0.4006914025749096,1.1874818566992542,0.12304118773146579
-0.126,0.3678594938406171,0.4000842526944039,1.188213961853657,0.12291246944801816
-0.124,0.3675284795313857,0.39944419575018364,1.1885736031154162,0.12278865060915269
-0.122,0.36721805384533435,0.3988739689681672,1.188924871564422,0.1227042240333789
-0.12,0.3668594060887187,0.3982635926427533,1.1893724702410269,0.12258729202158633
-0.118,0.3665514165369925,0.39769217182449756,1.189744868514114,0.12245398493951709
-0.116,0.36620539205829744,0.397158087821869,1.189928452739151,0.1223363651040806
-0.114,0.3659009994735274,0.3966510104976917,1.1905338600553521,0.12223347837666275
-0.112,0.36554029595357124,0.3959607891027547,1.1910151757251135,0.12211829906770871
-0.11,0.3652789826470622,0.3953619321365679,1.1910826560788743,0.12198793120190154
-0.108,0.36490138454939736,0.3947438095456177,1.1916917124867525,0.1218913241112875
-0.106,0.3646698474798363,0.39417847210871865,1.1921990176330128,0.1217676820131795
-0.104,0.3642365235960583,0.393593925540985,1.1923659485290365,0.12166487215048451
-0.102,0.3639786788050968,0.393023808243271,1.1926482537852006,0.12154376717903828
-0.1,0.3636073287064549,0.39253707635803936,1.1932880679988682,0.12146287239266712
-0.098,0.3632969551248785,0.3918787715065949,1.1935521427745217,0.1213168353639447
-0.096,0.36298507614289,0.39128131009800216,1.1939772503869628,0.12121812010841462
-0.094,0.3626604164660753,0.39075051023058605,1.1944346359186997,0.1211192054635121
-0.092,0.36236603635461717,0.39011017342788634,1.194875792380137,0.12097408506291686
-0.09,0.36201601103916237,0.3895650521632175,1.195324338156289,0.12087566625812535
-0.088,0.3617189800595698,0.38899889340364324,1.195541747004225,0.12074697845212008
-0.086,0.36138609716018766,0.3884660447893,1.196082529165809,0.120643689303959
-0.084,0.3609611837535314,0.3878793813070311,1.196489441524155,0.12053252398341598
-0.082,0.3607728013898128,0.38733537840215526,1.1967381906928918,0.1204272975010549
-0.08,0.3603875701520871,0.3867354152021168,1.1971355925633926,0.12032978285681854
-0.078,0.3600862606384629,0.3861911394041886,1.1975964027453603,0.12020046957673183
-0.076,0.3597405313012648,0.3855623562670624,1.1980515866861348,0.12009644472266509
-0.074,0.35947386600388215,0.3850649672865712,1.1983288061899993,0.11997302301623416
-0.072,0.35913172295687185,0.38443162839099554,1.1988108022467159,0.1198830233140962
-0.07,0.35882351828471937,0.3838554778964905,1.1991909879662095,0.11973787313831191
-0.068,0.35852687654485355,0.3833158154474107,1.1995540853769118,0.1196303508118989
-0.066,0.3581939161280203,0.38279476024968406,1.1999495392293988,0.11952057565933401
-0.064,0.35784096029993073,0.38211307207741135,1.2003679881816467,0.11940648655168908
-0.062,0.35753838366700835,0.38164016098830733,1.2009259483405614,0.11932467657486663
-0.06,0.3571587462064972,0.3810168363672999,1.2012630548873793,0.11920121150195656
-0.058,0.3568563850838669,0.38052946218243683,1.2015590563554959,0.11909440178116185
-0.056,0.35657907936744354,0.3799740054621242,1.202139480225746,0.11898970539511815
-0.054,0.3562299992611277,0.37940181845974374,1.2022832844703306,0.11890215240089519
-0.052,0.355953504691959,0.37883219916088734,1.202991328534928,0.11879570969646369
-0.05,0.3556259182950494,0.37834212693157504,1.2031270206255475,0.11866535478793225
-0.048,0.3553298026901772,0.3777104178438985,1.2035559502829865,0.11855628476164348
-0.046,0.3549848800869458,0.3771659097108274,1.2038938109462427,0.11845610558622392
-0.044,0.35462282441557913,0.37656947695973875,1.2042245728579224,0.11833572635354471
-0.042,0.3543762491093376,0.37613769154736454,1.204535368703197,0.11822678693512553
-0.04,0.3540489716634267,0.37547085103237066,1.2051235001144212,0.11812771469964273
-0.038,0.3537121981106183,0.3749022608103643,1.2053898378712697,0.11803425710601739
-0.036,0.353432877311562,0.37441462372761597,1.2058684542104812,0.11792952396635101
-0.034,0.3531056808921077,0.37381423778155154,1.2063096409527392,0.11783738453356604
-0.032,0.3527948216571868,0.37330921951873436,1.2066400418396965,0.1177135923565078
-0.03,0.3524958230323663,0.3727666259179652,1.2072113176115298,0.11760141844202836
-0.028,0.35213768310829985,0.37230528365514604,1.207318788902287,0.11750549435918342
-0.026,0.3517497400644166,0.3717143500416704,1.207794398317013,0.11738783093459235
-0.024,0.35151042435934426,0.37115167943685484,1.208110605979594,0.1172676330662613
-0.022,0.3512094707235067,0.37062702396412944,1.208592636405807,0.11719051071501545
-0.02,0.35088679404522444,0.37001436256876885,1.2088701166449978,0.11707681792219825
-0.018,0.3505785460691879,0.36951109392451525,1.2095008839065629,0.11695063935699151
-0.016,0.35026104724385443,0.3689337842557242,1.2097173107332673,0.11684754943961637
-0.014,0.34988155644416474,0.36846437286605815,1.2102501421939311,0.11675359244309674
-0.012,0.3496399985124965,0.3678623316062748,1.2106127015196257,0.11662948357155685
-0.01,0.3493339977328939,0.3673288970258509,1.2111414449504487,0.11656696104865857
-0.008,0.3490601503380276,0.3668069999147381,1.2115432082568443,0.11644348796073495
-0.006,0.34870033464002415,0.36628583453129576,1.2119004226483696,0.11634160202020248
-0.004,0.3484143881700566,0.36573715421652153,1.2122757448940475,0.116203002685321
-0.002,0.3481082533700128,0.3652184917676448,1.2124371650135763,0.11611941947563405
0.0,0.34776101610434146,0.36466936590605686,1.2131047318020247,0.11601566947847854
0.002,0.34749912488754026,0.36406556873237095,1.2131625701369964,0.11592464143656381
0.004,0.3471234339673165,0.3636168132761926,1.2136214159584708,0.11582177488620814
0.006,0.34684274552974415,0.36309404970846226,1.2140931424182955,0.11570368239875549
0.008,0.3465660513458171,0.3625211797974023,1.2143696268996835,0.1156348198000924
0.01,0.34624368343664386,0.36204561264493273,1.2148455388502062,0.11550768996797932
0.012,0.34589046372590965,0.3614619552247472,1.2152415350681733,0.11541885035538807
0.014,0.34568614529466174,0.3609399444616119,1.2158458727360972,0.11530175058596856
0.016,0.34530779818862456,0.36042860107892805,1.216095482326075,0.11519395847697718
0.018,0.3450217765361286,0.35992879501542124,1.2165159815334892,0.11510334494344768
0.02,0.34473576803874617,0.35941296175402954,1.2168860211470727,0.11500141947922984
0.022,0.3443809330905683,0.3588561196859488,1.2172510106458334,0.11488785638102848
0.024,0.34408682728423623,0.358333357238231,1.2175280123520928,0.11478901213789378
0.026,0.3437900368761733,0.35779553842725115,1.2178891964569407,0.1146957827392087
0.028,0.3434661624731743,0.35729651278022706,1.218510842267314,0.11458322175749187
0.03,0.34319216480324855,0.3567341563630566,1.2187339774431087,0.11450591341973651
0.032,0.34282949094993426,0.3562781868572666,1.2192336643037665,0.11438384674615845
0.034,0.3425680047149531,0.35569672431558674,1.2196595285740186,0.11429142537971962
0.036,0.34224676292421885,0.35533191931310976,1.2197609650648658,0.11418592401379539
0.038,0.34195850050186305,0.3547366847243085,1.2201708396345419,0.11409703825974314
0.04,0.3416469621113297,0.3542027833159389,1.2207876093667247,0.11398531694259931
0.042,0.34130741003042514,0.3535726975298837,1.220832269172399,0.11389700455883661
0.044,0.3410398750935105,0.3531805770867314,1.2214824351851383,0.11378119811336843
0.046,0.340727796770858,0.35252787827233195,1.2219301620512892,0.113685159135444
0.048,0.340411855543525,0.35214721306036256,1.2222647116330507,0.11360288624560827
0.05,0.3401249070492334,0.35161286793720353,1.222656077434074,0.11348905118595429
0.052,0.3398731822830621,0.3510837504441064,1.2229707227711388,0.11339631009993432
0.054,0.33948072166811194,0.35058375432361855,1.223458569724585,0.1132862737526766
0.056,0.33924643566879525,0.35007753165359845,1.2235767091567094,0.11321037337791914
0.058,0.33884213078979275,0.3495272483705229,1.2243102109549218,0.11310145326192565
0.06,0.33867018155877027,0.34903797106431955,1.2245698151776485,0.11299836073744067
0.062,0.3382562081028213,0.3484778842950659,1.2250645598962535,0.11290469640346078
0.064,0.33802472267609224,0.34804247111413344,1.22522942320523,0.1127964068380499
0.066,0.3377144733024708,0.3475263019446529,1.2256523012162437,0.11269890439813987
0.068,0.3373869718931351,0.34702318057425435,1.2260807004282284,0.11262360990935859
0.07,0.3371716045851815,0.3464820979813222,1.2265734955863623,0.11249271164604527
0.072,0.3368695978623863,0.3460316550328063,1.227060280324583,0.11241492591637837
0.074,0.3365242296755994,0.345499688880061,1.2272872067085572,0.11229862435949882
0.076,0.3361772605091078,0.34497545299677,1.2272857480614974,0.11222838337961749
0.078,0.3359557102973381,0.34450150475442903,1.2279367901399973,0.11212806815350108
0.08,0.3356736661228581,0.3439681073670323,1.2281657661039755,0.11202588739327152
0.082,0.3353543514033771,0.34347985074340914,1.2288033253295607,0.11191644875866034
0.084,0.3350024990144506,0.3429385772374275,1.2291115869580431,0.11182429067838053
0.086,0.33468413246057843,0.34247597995585966,1.2294449149694568,0.11172158895041656
0.088,0.3343770482474377,0.3420499925398262,1.2300948670759801,0.11162992223563044
0.09,0.3341284099828532,0.3414476314218903,1.2303168707695051,0.11154969922906968
0.092,0.33386067354815163,0.3409247128728309,1.2308547894527813,0.11144252310754811
0.094,0.33350920449131694,0.3404622039243551,1.2310658550124312,0.11135831190483697
0.096,0.3332753075171241,0.3400365102123223,1.2312716884759989,0.11124969163329036
0.098,0.33296659698452513,0.3394969908055138,1.2316363822366385,0.11118082088151744
0.1,0.33270173073928777,0.3389920360936688,1.2321389854717697,0.11106571825271606
0.102,0.33234072419035066,0.3385070716828261,1.2324968631297843,0.11097571141172714
0.104,0.33209311997335755,0.3380430064858908,1.2331405075142798,0.11086144206427867
0.106,0.33174340549351405,0.33747993115808866,1.2335498192943555,0.1107662855236481
0.108,0.33150521536646144,0.3370475112883208,1.2339417595496749,0.11069825179369377
0.11,0.3311386552581658,0.3365338117034461,1.233934053204748,0.11059537015879857
0.112,0.3308754148059244,0.3361002737039453,1.234614532798934,0.11049873692874405
0.114,0.3305787300789056,0.3355175844907316,1.2348182897295672,0.11038027516681609
0.116,0.3303206587838757,0.33516217627080175,1.234980834699214,0.11029168443629685
0.118,0.3300213949319696,0.3346225790870693,1.2357332748868421,0.11021303984732135
0.12,0.3297003210450795,0.33421064846405707,1.2360368665001138,0.11012109134410479
0.122,0.3294509940821711,0.33362304207352206,1.2364666431885136,0.1100208738760671
0.124,0.3291279450775866,0.3331882061601275,1.2365108667852396,0.10993368066759751
0.126,0.3288503165054227,0.33273213092032466,1.2372453691605623,0.10982428501777079
0.128,0.3284719176230148,0.33220159545773986,1.237699053176019,0.10974985379181275
0.13,0.3282523735086854,0.3316936867754741,1.2381009769336924,0.1096659202938504
0.132,0.32792660745867364,0.3312589180584839,1.238435471467713,0.10955343611615564
0.134,0.32768848848563287,0.3307916107240145,1.238582588565343,0.1094629297514555
0.136,0.32740663897914746,0.3302728598115728,1.2391383411413375,0.10938739250387433
0.138,0.32710686983612125,0.3298711099852797,1.2393331334647473,0.10925899258224399
0.14,0.3268116813129462,0.3293100600193244,1.239719308209422,0.10917913827040555
0.142,0.3265405722826768,0.32880326335455,1.2399833385186863,0.10909660961770316
0.144,0.3262204207058145,0.3283746383454555,1.2407049410150088,0.10900647509514884
0.146,0.32593935106253014,0.3279206694542868,1.2408580559904467,0.10890542798433447
0.148,0.32567762487831176,0.3273731012018986,1.2410437730932158,0.10883739492755508
0.15,0.32536080669496803,0.3269084912352804,1.2416788355881183,0.10872306592392121
0.152,0.3250303557175178,0.3264836769710529,1.2419266930686679,0.10862825780740167
0.154,0.32477260424433124,0.3260057945907281,1.2425458887695353,0.10854702722497203
0.156,0.3245395307977055,0.3255951809525127,1.242873781107362,0.10845287382707147
0.158,0.32417351875642786,0.3250218445533374,1.2430981859289034,0.10837321584555909
0.16,0.3239235580606022,0.324635755285968,1.2437360537778084,0.10826715374950933
0.162,0.32364300382513156,0.3241763873909564,1.243935209387526,0.10816811407662284
0.164,0.3233378231392818,0.323637306170632,1.2444574852460408,0.10808363603920941
0.166,0.3230417743514936,0.3231523672920469,1.2447297866194376,0.10800307494819834
0.168,0.32274379119341406,0.3227289536746146,1.2451211455223679,0.10791176703883794
0.17,0.32244025172821994,0.32228565419559135,1.245725987709785,0.10782434877260838
0.172,0.3222005971015979,0.32180815672257906,1.2458050221509092,0.10774542949150735
0.174,0.32193426154774574,0.3213281869813567,1.246031554732623,0.1076494029552603
0.176,0.32162204357384483,0.3208213817448833,1.2466351349093743,0.10754576094221427
0.178,0.3213102155760578,0.32043137532500543,1.247090408955014,0.10745456967555615
0.18,0.3211292418332267,0.31991702039349323,1.2471511932091048,0.1073851741517387
0.182,0.3207956321005215,0.3195580922141598,1.2476336162456119,0.10730589054407669
0.184,0.32047429975296,0.3190241604878691,1.2480194600165484,0.10719961388760053
0.186,0.3201671092708879,0.3185591870960769,1.248366658810206,0.10711328826750549
0.188,0.31989988092258587,0.31805591763059765,1.2486297519600884,0.10704482912670787
0.19,0.31962219209286036,0.3176705655685654,1.2490931328500974,0.10692402647615969
0.192,0.31933332976201334,0.3172103777394863,1.2494742127306215,0.10685420705346141
0.194,0.3190841377957965,0.3167045553194987,1.2500184140506279,0.10675471504488071
0.196,0.31876945715158345,0.3163125543730435,1.2503062604443989,0.10666307846042179
0.198,0.3184871040827646,0.3158342311668369,1.2508095491237323,0.10658745662357103
0.2,0.3182330514912404,0.31538527192160104,1.251203953373136,0.1065148182517472
0.202,0.31791657940773077,0.3148705918562157,1.251273402463946,0.10640286456131579
0.204,0.317618497793395,0.31446981086010783,1.251671406526159,0.10629270739622465
0.206,0.31737761592569574,0.3140274256397117,1.2522092416129988,0.10623282168958667
0.208,0.317112551131741,0.3135465819936794,1.2526174992740848,0.10614706608829566
0.21,0.3168221514905159,0.31312591803729783,1.2528729976447697,0.10605929677901103
0.212,0.31655849921937323,0.31264610687303107,1.2530841031023887,0.10596049111645683
0.214,0.31626669171584054,0.31225807761532726,1.2536423432167065,0.10587886760266225
0.216,0.31594443814524,0.31173640343391845,1.2541029215782649,0.10579055048670959
0.218,0.3156307646653513,0.31132943315798534,1.25449598357659,0.10571355216494724
0.22,0.3154444412461843,0.3107895743812813,1.2547236836511768,0.10558867452434853
0.222,0.3151122981090638,0.31039851880518887,1.2549332358460774,0.1055233642436097
0.224,0.3148761272911524,0.3099420063751215,1.255311350462004,0.10545336692987846
0.226,0.3145561508878884,0.3094908593723965,1.2555817355592753,0.10534568810883031
0.228,0.3142426840714802,0.3090973863871069,1.2563280144666267,0.10528416138462142
0.23,0.31399582566167866,0.30864173599984934,1.256411063730686,0.10518290482440491
0.232,0.3137447538895063,0.30816068971111443,1.2568547409959698,0.10509803357884952
0.234,0.3134869048364226,0.30771030727979826,1.2574438160568482,0.10503106733751241
0.236,0.3132171024874567,0.3072926738500437,1.257850481256246,0.1049268559482943
0.238,0.3129490378241383,0.3068785569536825,1.2577446419949785,0.10483354805168013
0.24,0.31256808562301525,0.3064070233843889,1.2584626518422806,0.10476898493389057
0.242,0.312361849033332,0.30606926485506714,1.2587558423375287,0.10467024067845981
0.244,0.31206828703650846,0.3055510473050502,1.258966328395263,0.10458964292099475
0.246,0.31175214478588364,0.3050969731720269,1.2596701925019826,0.10451138698180142
0.248,0.31156433115971816,0.3046604946700759,1.2599304839082628,0.10442140001856219
0.25,0.31124055199555467,0.3042076575890585,1.260109024759124,0.10434783472070634
0.252,0.3109474509060596,0.30377549022409744,1.2608148484808974,0.10424388690362044
0.254,0.310662736972054,0.30334215303292644,1.260977929976089,0.10418055159180635
0.256,0.3104171177985854,0.3029421045087238,1.2612901218880173,0.10409524630342129
0.258,0.310121748439639,0.3024468485424401,1.2615495923787228,0.10399709460274742
0.26,0.3098461472499118,0.3020590939049924,1.2620501447593655,0.1039175089659114
0.262,0.3095684414937361,0.30161377644591936,1.262458347147658,0.10383146813413918
0.264,0.3092905893333279,0.3011630834495756,1.2629683629175887,0.10376116856515522
0.266,0.30905988622174463,0.3007449642979849,1.2630645604379345,0.10366082549658744
0.268,0.3087222578165822,0.30033174976408,1.2635420163140492,0.10358791102439154
0.27,0.30849478164883054,0.2998626079436837,1.2639509181724269,0.10348945490800908
0.272,0.30821310026490367,0.299426268144505,1.2643511233096267,0.10342436771490142
0.274,0.3079324647629372,0.29899035543005437,1.2644976497410112,0.10330947150014096
0.276,0.30766951642142376,0.29860531807468815,1.2651211761188157,0.1032510650712552
0.278,0.3073421307738991,0.29820418169184254,1.265482016396309,0.10316727591826945
0.28,0.3071526260993025,0.29769598498049693,1.2660454881605459,0.10306424892902855
0.282,0.30690546043475864,0.29726499585127253,1.266035999678137,0.1029967330735813
0.284,0.30659301529328886,0.29689343060926165,1.2666317414775363,0.10293576485821473
0.286,0.3063038797200917,0.29647281031211203,1.2668492224835268,0.10284474647946858
0.288,0.3060366486228608,0.2960261760905504,1.2671518050411208,0.10274249329189876
0.29,0.3058076991238594,0.2956303891089996,1.2675749788668442,0.10269708517245241
0.292,0.30552765035703183,0.2951275364421393,1.2680221346440121,0.10260086580191853
0.294,0.30525164069577837,0.29480444510784365,1.2683456728060676,0.10251735433478422
0.296,0.304994328670248,0.29434687135751675,1.2686723527466275,0.10241727314825534
0.298,0.30468371590381965,0.2939179618791525,1.2690239333929763,0.10235127686923776
0.3,0.30444935626561187,0.29347900016728484,1.2691052212382599,0.10226267722976445
0.302,0.30415143253311633,0.2930463954440402,1.2698118994529457,0.10219020715422546
0.304,0.303907852176484,0.29265612003754327,1.2702574469460184,0.10209241426355191
0.306,0.30361282008512225,0.2922044588330197,1.2705878461394056,0.10201780072063274
0.308,0.3033856005324516,0.29180461206476266,1.2708696434350686,0.10195335694586473
0.31,0.3031003256014432,0.2914172958321571,1.271226027950484,0.10187455713547665
0.312,0.3028418266641744,0.29096451293208303,1.2714518293947494,0.10178827118899057
0.314,0.30256028835680915,0.2905645494663739,1.271828539687145,0.10171034882746711
0.316,0.30227021987200414,0.2901599453691392,1.2722682465639414,0.10161561136141481
0.318,0.30203981977432237,0.28977413670975755,1.2724247188443347,0.1015382396426177
0.32,0.3017966278269035,0.289299028172067,1.2729246345284133,0.10145428530931574
0.322,0.3015139346126022,0.2888641343109227,1.2732473632340653,0.10137858416316153
0.324,0.30121586154500934,0.2885485128351224,1.273839362739575,0.10131370797964491
0.326,0.3009132035326788,0.28810893455622333,1.2742590904978262,0.10121416517764403
0.328,0.3006885022462709,0.2876289728493675,1.2744425370332064,0.1011195659354273
0.33,0.3004152604765745,0.2872882138289621,1.274666167104377,0.10105106462187531
0.332,0.30015139971429666,0.28684855341940074,1.2754122385569662,0.10099594390922917
0.334,0.2999802879227582,0.28648890953864203,1.275323432045226,0.10090247792995671
0.336,0.2995671862665302,0.28595063271163457,1.2759479783669412,0.10081910972933451
0.338,0.29931695574559936,0.285613514202718,1.2762576175735756,0.10076513980408444
0.34,0.29907845623686324,0.2851930786613363,1.2765390764018154,0.10067285127725009
0.342,0.29885516369540843,0.2847918782832768,1.2768125753363273,0.10061457068865763
0.344,0.29858026607054816,0.2844342337628341,1.2773783713650233,0.10049130711155192
0.346,0.29830861131344705,0.28400914603712357,1.2777112352180444,0.10042609540162871
0.348,0.29800741840492456,0.28362781505879275,1.2779434479906002,0.10036340332067119
0.35,0.2977651180983784,0.28317379130380127,1.2781078317117802,0.10027328950550522
0.352,0.29750937571766034,0.2827639395380848,1.2789429543882564,0.10020537455688731
0.354,0.29722844420956795,0.28232932996342786,1.2791931130970737,0.1001057802274033
0.356,0.29703275766786674,0.28195525659841464,1.2793407377612083,0.10003331284390878
0.358,0.29667721104139305,0.28153659993575736,1.2799391806991463,0.09996630240377921
0.36,0.2963737859664584,0.2811685077934642,1.2801868768930225,0.0998751930795028
0.362,0.2961922343928509,0.28078395782198184,1.2804108434834796,0.09980511233440206
0.364,0.2959560641041488,0.2803283369035747,1.2811152539090738,0.09973100084523208
0.366,0.2956370376169342,0.279946001128437,1.2814391077607348,0.0996398249206398
0.368,0.29539968198631,0.27960057022699436,1.2818774559877424,0.09955964364162953
0.37,0.29512196631605536,0.27921340572519215,1.2819394235414117,0.09950007422562884
0.372,0.29487117831356124,0.2788315116541326,1.2822446584778604,0.09941117667078254
0.374,0.29458387476380216,0.27840693070848926,1.28294041222025,0.09934212926207779
0.376,0.29440177812666884,0.27796727049108266,1.2830243171854268,0.09926208413241056
0.378,0.29407148323799,0.2775786738086854,1.2834717632409134,0.09917822306277269
0.38,0.2939027602360135,0.27720157919398875,1.283772923275112,0.09911426966249884
0.382,0.2935800667110216,0.2768348907895284,1.2843254778817261,0.0990306716138344
0.384,0.29332066264001566,0.276424392115133,1.2847135865099026,0.09896445130181758
0.386,0.2930688479559587,0.2759617908384765,1.285147207381767,0.09886072102843689
0.388,0.29282312101096625,0.2755963604683369,1.2852507152799628,0.0988102495039846
0.39,0.2925376684204619,0.27522480291964074,1.2855067190404972,0.09871831638457866
0.392,0.29226418175693214,0.27485149775159295,1.2861841895030637,0.09865691024649295
0.394,0.2919484893420545,0.2744071561062976,1.2864139683786489,0.09859264914784915
0.396,0.29170876651123373,0.2740561516406728,1.2867129881668373,0.0985119202732606
0.398,0.29153657742904404,0.2736269600652797,1.2871722348054855,0.09843868619255011
0.4,0.29119570234073877,0.2732323423594868,1.2870342805050898,0.09833419128516949
0.402,0.29101230378895204,0.272880651839752,1.2876572080434276,0.09828489980205651
0.404,0.29070104392379653,0.2724837110276121,1.2877941164657922,0.09820331740731245
0.406,0.2904761328681154,0.2720858768366103,1.2885416247394288,0.09811097263988758
0.408,0.2902101333983894,0.2716745003528732,1.2886644049770266,0.09803493647545533
0.41,0.28997576292923194,0.27133059997565606,1.2892287671796565,0.0979761298910765
0.412,0.2896719240302942,0.2709744395489313,1.2896891663562846,0.09791843493964901
0.414,0.2894367582510071,0.27052023248218504,1.2899743431812938,0.09781881747431098
0.416,0.2891689168120594,0.27013593750332293,1.2901774566114739,0.09775293828200203
0.418,0.2889298636171474,0.26980096570791084,1.290499296395906,0.0976671361714419
0.42,0.28866442671880754,0.26939777694294936,1.2911142363266894,0.09760376208972475
0.422,0.2884621501318852,0.26901580011679793,1.2914295372389197,0.09751401739589215
0.424,0.2881926906294217,0.2686965781634299,1.2915707608994502,0.09745245118714954
0.426,0.2879616789944598,0.26824715792421205,1.2919181121797783,0.09738154403417432
0.428,0.2876413900119893,0.2678732439419653,1.2925828149006984,0.09732451927037611
0.43,0.2873450719934071,0.26750271973085965,1.2929890066503513,0.09723371120324117
0.432,0.2870932380851962,0.26714275799492637,1.2927681104347961,0.09715522911901152
0.434,0.2868766812011372,0.2667750362266608,1.2932649440402342,0.09708516768887691
0.436,0.2866684989456794,0.26637005912230743,1.2935959052748403,0.09700182375250235
0.438,0.2864111906710638,0.2659632197280133,1.2941441024157418,0.09693071561700366
0.44,0.2861301422856129,0.2656301853057118,1.2946297491113399,0.09685662508371859
0.442,0.2859212857608788,0.26524860998541844,1.2948615408341257,0.09678931845825244
0.444,0.2856678592980573,0.2648663460461155,1.295243042648149,0.09672530575019057
0.446,0.28541310433891254,0.26447200585346914,1.2953124080707354,0.09664400465701481
0.448,0.285122531646843,0.26409384594017926,1.2957172935541827,0.09658584632627887
0.45,0.2848704681528812,0.26371071772368176,1.295968088237228,0.09649487582658989
0.452,0.2845450930787138,0.2633502221161939,1.2964565121386775,0.09641310523997604
0.454,0.2843758142152611,0.2629464817123844,1.2969988129555776,0.09636524978061954
0.456,0.2841299910968529,0.26258211511628454,1.297203285817978,0.09628840556991124
0.458,0.2838573457226507,0.2622304906438652,1.297484496618629,0.09622873138941739
0.46,0.28361677617550296,0.2618983953278008,1.2979658128679452,0.0961459048055092
0.462,0.2833415112562303,0.26150135110669104,1.2983125434038887,0.09605846136233122
0.464,0.28313366962075476,0.26111270527094316,1.2988692300320899,0.09600432417892636
0.466,0.2829022757550853,0.26075424388431,1.2991351368342334,0.09592142589377434
0.468,0.2826017767269618,0.2603640510633872,1.2992876935499849,0.09584411658072386
0.47,0.2823888290257001,0.25998718623091854,1.2997722310153077,0.09577186210624421
0.472,0.28213424695646017,0.25962759967455057,1.300041242828752,0.09571878193052576
0.474,0.2818861565170651,0.2592352145746161,1.300485260199653,0.09563539597654414
0.476,0.28162912506020193,0.25889437672790494,1.3008878827927717,0.09556287007278295
0.478,0.28133331229018155,0.25855175086510657,1.3013567082441488,0.09549599324764414
0.48,0.28113283430565134,0.2581825918971518,1.3014201839686461,0.09542916451650704
0.482,0.2808433194701489,0.2578632421583549,1.3018958193490218,0.09535614056299617
0.484,0.28064900644581486,0.2574602784059422,1.3022597449043511,0.0952778375794233
0.486,0.2803325256071108,0.25704986440792066,1.3023095332528296,0.09521905647158195
0.488,0.2801521971437067,0.25671539320872366,1.3026961413679499,0.0951456227885554
0.49,0.27987043681749413,0.2563385056855733,1.3032014950650856,0.0950642640816838
0.492,0.2796450502072747,0.255973314526666,1.3033507254277064,0.0949977116188493
0.494,0.27939145857253794,0.25563802403502983,1.3041079127170925,0.094934758316289
0.496,0.27910453975060934,0.2552714856238898,1.304425263791229,0.09484225602834573
0.498,0.27890839362256625,0.2548976336152746,1.3044932122328932,0.09477901469579202
0.5,0.27865001723761784,0.2545138840754028,1.3051318414853077,0.0947257764788725
0.502,0.27844497699768556,0.2542139967645804,1.3052377192295974,0.09465198167246756
0.504,0.27817029935536863,0.25385912321564974,1.3057260817811025,0.09458143173106108
0.506,0.27790324680399964,0.25349839646651323,1.3059142876772796,0.09451786119416529
0.508,0.2776826659074455,0.25311604365736584,1.3063305347060834,0.09444199450274308
0.51,0.27745485517168983,0.25275944011055695,1.3069071783787523,0.09436738979950526
0.512,0.27720411738675804,0.2524052492609579,1.3072191696619562,0.09429344133695472
0.514,0.2769731562343378,0.2520792854872386,1.3073351388880488,0.09423389688930432
0.516,0.2767395756316099,0.25166272118410177,1.3076289562627925,0.09417243669511614
0.518,0.27643679133319693,0.2513434246612552,1.3083130824870552,0.09409978795230993
0.52,0.2762021750360614,0.2509718415269151,1.3084894184964027,0.09402787383834822
0.522,0.2759638548837879,0.25064218366892804,1.3087788250510644,0.09393328107549839
0.524,0.27571074915516475,0.25022822342410406,1.3090839461307207,0.0938867540027366
0.526,0.27549339863284916,0.24994820060815548,1.3094743685779162,0.09380823412836753
0.528,0.2752134109751217,0.24959051509781838,1.3096899128863926,0.09374802411135603
0.53,0.2750034869987413,0.24920406444527485,1.3103774047153656,0.09368510438376748
0.532,0.2747194206038917,0.2488641474216988,1.3101179579036664,0.09360593924432718
0.534,0.2745129042192434,0.2484770040983155,1.3110325667008824,0.09354625083710116
0.536,0.27424781280485255,0.24813395876685554,1.3111650348605972,0.09346611747828054
0.538,0.2740511631630842,0.24782453959730613,1.311495600543997,0.09341714444748905
0.54,0.2737792108882385,0.24747428729245619,1.3118802263835028,0.09333715818294389
0.542,0.27350228452421554,0.24715930075368028,1.3122451207527845,0.09327300429044987
0.544,0.2733002301189865,0.24671973629916177,1.3125889706373552,0.09319325152957213
0.546,0.27308085460780396,0.24641342166585786,1.3128467001821782,0.0931197267110898
0.548,0.27283994352924906,0.24603240715791852,1.3132468835039421,0.09303924268844674
0.55,0.2725903195081992,0.24569299779086584,1.3134005378125082,0.0929944474844938
0.552,0.27233289349576023,0.24537120764076847,1.3139958661239044,0.09293182996396239
0.554,0.2720925369204776,0.2450057255054276,1.3142432195195495,0.09285329522425513
0.556,0.2718599189167763,0.2447104771885211,1.3144912232487866,0.09278442542349213
0.558,0.2715800966776033,0.2443477836515349,1.315036695645024,0.0927261332955777
0.56,0.27136969805544475,0.24398297268853314,1.3154670951210052,0.09265142748327347
0.562,0.2711190168652921,0.24366484412686526,1.3155526816527596,0.0925770969653472
0.564,0.2709190602642481,0.24326649439843712,1.3160956532521095,0.09250944912901875
0.566,0.2706335031495359,0.24291392938992915,1.316086320752554,0.09244430328219089
0.568,0.27042068795960245,0.24258403059328829,1.3166781336987288,0.09237820569398418
0.57,0.2701649851849351,0.24229932962209566,1.316909722842154,0.09231544991674479
0.572,0.2699348845345077,0.24195395134441808,1.3173006559306497,0.09225306605240689
0.574,0.26969375580180033,0.24159092284295194,1.3176187390896308,0.09218538943820442
0.576,0.26946786632415276,0.24124885181795405,1.3180368734356354,0.09211134614221714
0.578,0.2692424526818676,0.24090531584883004,1.3182316885077585,0.09203075135503336
0.58,0.2690536029230897,0.24053757342277285,1.318458806237642,0.09198130466494235
0.582,0.2687930608671934,0.24023105622733296,1.3193583805789217,0.09192642590157231
0.584,0.268500243501002,0.2398593497633735,1.3195591042984542,0.09185338653262282
0.586,0.26832046656039577,0.2395371912879698,1.3200066531613543,0.09177774842047523
0.588,0.2680800440013944,0.23915760805697997,1.320085141956287,0.09173120146787817
0.59,0.2678165745786717,0.23885318207555806,1.320637649895917,0.09164558947875705
0.592,0.2675678597270948,0.23850607483562655,1.3210009320879894,0.0915953289987094
0.594,0.26733898168514825,0.23821335572636312,1.3210122605289334,0.09151654658781833
0.596,0.2671231074099933,0.23788086744860154,1.3215231015410154,0.09145285556507683
0.598,0.2668774677536689,0.23749561311788253,1.3216598196291716,0.09137770741509535
0.6,0.26662372532821316,0.23721368024343725,1.3219946895600263,0.09132315129446024
0.602,0.2663927765936693,0.23689684306289716,1.3224455245537043,0.09128006985816539
0.604,0.26615666158754314,0.23653159535151005,1.322851382007891,0.09119033634706376
0.606,0.26593927702581005,0.23622237804963322,1.323014300675273,0.09114055210979685
0.608,0.26574772567262195,0.23585554927458022,1.3234641445716984,0.09107122038440252
0.61,0.26549812820179913,0.23552432029134676,1.3239137992007401,0.09099630883962172
0.612,0.2652324793447886,0.23520209176148918,1.32407539322084,0.09093457122626684
0.614,0.2649990279473981,0.2348810986216363,1.3244972021450474,0.09088690496446174
0.616,0.26474119387452105,0.23452323010615422,1.3248354486962268,0.0908053274176217
0.618,0.2645845788405141,0.2341966314549452,1.3249711069777466,0.09073267799049013
0.62,0.2642478329900928,0.23384034913290028,1.325572986251394,0.09068497926976317
0.622,0.2640466744550766,0.2335811243419216,1.3259847822843451,0.09061276349900346
0.624,0.263807578017375,0.2332459239407799,1.3262420577457872,0.0905553079282069
0.626,0.26357027863231325,0.23289765668789095,1.326586278340216,0.09049757148485257
0.628,0.2633863117165866,0.2325363323457437,1.3270804080592213,0.0904319739832708
0.63,0.263116258850668,0.2322576060925533,1.3271568650374264,0.09035881067843089
0.632,0.2629288140601245,0.23193723094705057,1.327413264476378,0.09029062574149106
0.634,0.26268998921640346,0.23156732231576022,1.3279601312418987,0.09022487883180402
0.636,0.2624109759542341,0.23127148602107667,1.3282246750753783,0.09016355388627147
0.638,0.26221405974870615,0.2309336401479425,1.3283532029477572,0.09010043380418052
0.64,0.2619958245383827,0.2305984033288821,1.3289674986854825,0.09002325926076248
0.642,0.26174631318312014,0.23026556496639541,1.3291440127339245,0.08997248195568237
0.644,0.26152217397001437,0.2299759364651683,1.3296837323209554,0.08991317882920086
0.646,0.26126991040915015,0.22964789304429195,1.3299632580195064,0.08984701039161977
0.648,0.261044090552017,0.22932829064995966,1.3302301356940314,0.08978450855247329
0.65,0.2607981391202943,0.2289900160319431,1.3305359044614757,0.08971382697864706
0.652,0.2605564736463209,0.22866625904545992,1.3308447221121056,0.08965541532136402
0.654,0.2603496271683782,0.22836629167422196,1.3312786992043093,0.08958271445399928
0.656,0.2601844954601638,0.22803929908755638,1.3317561154970083,0.08953387999017895
0.658,0.25987262241347886,0.22765809456455854,1.3320518098493044,0.08944810403914684
0.66,0.2596955411725107,0.22738927098345108,1.3322171250628712,0.0893926661587983
0.662,0.2594429212317719,0.22710333651706277,1.3327138470825655,0.08936005421626346
0.664,0.25919381393432944,0.22672758830772727,1.3329482304804192,0.08927482249120369
0.666,0.25901168776587635,0.2264440188050487,1.333148526844902,0.0892351778923742
0.668,0.25873582777181264,0.22611167788138298,1.3334949589146372,0.089152303364098
0.67,0.25855991938523387,0.22578646583749845,1.3339342490238644,0.08909410016709966
0.672,0.2583004865694567,0.2255272769557006,1.3341175505411256,0.08903377003602596
0.674,0.2580489612450466,0.22519424785167916,1.334475210397662,0.08895790129578782
0.676,0.25784432798402673,0.22487129134929343,1.3349088729278007,0.0889004245314044
0.678,0.25757461395225867,0.22452346720360425,1.335092752867811,0.08884167941364302
0.68,0.25741909102923366,0.2242493069533553,1.3355726108138177,0.08877206676113251
0.682,0.25717163429216794,0.22392185878233012,1.3359266350432473,0.08871495848288205
0.684,0.25691335570453294,0.22361994558685636,1.3362323863118986,0.08864934554860733
0.686,0.2566934864963182,0.22329012224189604,1.3367128468850735,0.08859734080579047
0.688,0.25647147610141274,0.222983353464086,1.3367731332986736,0.08853432118372229
0.69,0.2562702871973807,0.222612514178318,1.3369048814516102,0.08846470139914296
0.692,0.25603309847547145,0.2223475220254418,1.3374693867368843,0.0884135339012907
0.694,0.25580362320464556,0.22205565803746835,1.3378378340889048,0.08835246047617362
0.696,0.2556086252291348,0.22169218193370185,1.3383519037389262,0.08827175001191438
0.698,0.2553605481692614,0.2214305531286776,1.3382697503528982,0.08824387191541583
0.7,0.25512201885328223,0.22110907815370673,1.3389012393751967,0.08817210561079092
0.702,0.2549321663125825,0.22077472902776715,1.3394051527543636,0.08809568266206819
0.704,0.2546988907306308,0.22046166993945912,1.339430144199081,0.08804908604001625
0.706,0.25444069117230467,0.22017903754518595,1.339733112079044,0.08796956166828933
0.708,0.25423063747026303,0.21986726626333114,1.3401306143055103,0.0879094686276439
0.71,0.2539582324543775,0.21956635270980537,1.340606936496498,0.08784628920704952
0.712,0.2538153325156652,0.21927052991557877,1.3409252055361884,0.0878043052788925
0.714,0.25358000465789726,0.21895156557088274,1.3414335189851085,0.08773641188870117
0.716,0.25335848391908217,0.21865814787946636,1.3414199253899082,0.08767106261143567
0.718,0.2531119720412958,0.21835087792662294,1.3420260894320881,0.08762210869052335
0.72,0.25293993125557407,0.218008383819829,1.3422041571124848,0.08756136907353222
0.722,0.2526949255241553,0.21771816275681247,1.3427392086850984,0.08750868588678395
0.724,0.25248382122866764,0.21741324162259898,1.3430800320994158,0.08742681914720214
0.726,0.2522579581191537,0.21713160847487264,1.3434227780588832,0.08738270773916128
0.728,0.2520416087373222,0.21683255824292405,1.3435201622421924,0.08731572168028709
0.73,0.2517864281598842,0.21657040583663117,1.3439889141738934,0.08723385214741249
0.732,0.25154723696869885,0.21624358582939138,1.3440427713562946,0.0871912122538228
0.734,0.25132150212749543,0.21590275930745945,1.344551357939271,0.08712071098898343
0.736,0.25112337575573407,0.2155869888729332,1.3447929475354032,0.08708307617298136
0.738,0.25090762682225604,0.2153187988951194,1.345105627891448,0.08701516197733339
0.74,0.2507129059929068,0.21501872381453854,1.3455680534687111,0.08695670485964217
0.742,0.25042584541988383,0.2146719791595558,1.345570050690013,0.08689805790022989
0.744,0.25021639410657776,0.21440922726498002,1.3459148026844152,0.0868468137883919
0.746,0.2500253974415388,0.21412841417546233,1.3465149141891457,0.0867659933744481
0.748,0.24975645425169354,0.2137926417683428,1.3463957145971528,0.08671837886418637
0.75,0.24955128700562376,0.21352800084822168,1.3471382525753988,0.08666435810430755
0.752,0.24940205707809981,0.2132657454456614,1.3474798289956826,0.08661329049621212
0.754,0.2491469002397197,0.21293509992029225,1.3476668285583493,0.08654047338428257
0.756,0.24893333922042513,0.21263756657558902,1.3479659575926721,0.08648318614136424
0.758,0.2486856660591392,0.2123344477104647,1.3485718551715604,0.08641617864709927
0.76,0.24850365957060216,0.2120303629433405,1.3486101001102895,0.08637064346469155
0.762,0.2482925277529221,0.21173379645450008,1.3491705691551883,0.08630509455280158
0.764,0.24804074982341906,0.21146946074430353,1.3493634636318486,0.08624300337095658
0.766,0.24782959718180536,0.21114138915381442,1.349885182987895,0.0861921981714338
0.768,0.2476051967304823,0.2108320802383916,1.3496641416666408,0.086120150279897
0.77,0.2474216693219391,0.210587820813093,1.3506261827984107,0.08605871796271478
0.772,0.24714303078845729,0.21024432992767123,1.3508483764175232,0.08599767583559285
0.774,0.2469621081166899,0.20994151328447355,1.3508842162898769,0.08595352039894837
0.776,0.2467398773519148,0.2096656273282478,1.3512114465466283,0.08587930428779113
0.778,0.24653236407505294,0.20937637832243886,1.3516762662520128,0.08583368478837451
0.78,0.24635251205986639,0.20907336905060667,1.3520594081432906,0.08577477144001804
0.782,0.24605008577458218,0.20879576086893076,1.3521204721816276,0.08571229140416503
0.784,0.24591428409905786,0.20850235537485992,1.3526118055627725,0.08566724596153619
0.786,0.24563634547208307,0.20822378115497053,1.3529066514819672,0.08561757456104555
0.788,0.24543685130965123,0.20791801968097862,1.3535085150432196,0.08554118905922556
0.79,0.24521781915164217,0.20761909142726911,1.353478810733183,0.0854798322763197
0.792,0.24501044389236945,0.20740537238430545,1.3540356698036373,0.08542814336836146
0.794,0.24480478307671913,0.20702373027222734,1.3542521984479776,0.08535049752965476
0.796,0.24459325254355857,0.2067588080255363,1.3546033392039232,0.08530986407414262
0.798,0.24435489501627625,0.20648219535140167,1.355108627051247,0.0852699993171867
0.8,0.24417610024003233,0.20616370605171466,1.3551511108021927,0.08519971154163379
0.802,0.2439195065743061,0.20590718531309762,1.355586586073068,0.08514428211646327
0.804,0.24373094316452937,0.20559362146656668,1.3557128428629894,0.08507792094440629
0.806,0.2435091066311703,0.205345351111702,1.356223202463343,0.08502493824779422
0.808,0.2432769568668248,0.2050380894731231,1.3563967052937285,0.08497103645163424
0.81,0.24307653445114327,0.20473926015441143,1.3569695776507915,0.08492084360069932
0.812,0.24286441611065843,0.20447229926770524,1.3571572664546663,0.08483994428010758
0.814,0.2426150553674487,0.20420192739432758,1.3574336654647705,0.08479485561055719
0.816,0.24242559858306958,0.20389806768520982,1.3578776634976784,0.08474052530903775
0.818,0.24222781991430492,0.20357136357376454,1.3582949495582621,0.08468030705646362
0.82,0.2420412720467897,0.2033416427495984,1.3585833681714967,0.0846198730408278
0.822,0.2417995513622638,0.20302681023576108,1.3588532703744827,0.08456810157060245
0.824,0.24160743746193378,0.2028027639830064,1.3590999754449449,0.08451474668139505
0.826,0.24140229886121256,0.2024703875895816,1.359477833454685,0.08446547879929214
0.828,0.24116970218706252,0.20223455723117273,1.3593173814668005,0.08440394385040492
0.83,0.24092163795021876,0.20192816860070767,1.3599432314994673,0.08434456085928642
0.832,0.24076384935635986,0.2016765516630449,1.3602313420147316,0.08427733126560445
0.834,0.24050798115099534,0.20134625924238736,1.3605979001400479,0.08422126778884176
0.836,0.2403039824601873,0.20111070681488202,1.3609281739142751,0.08416896611820991
0.838,0.24009676890720646,0.20082409262439302,1.3613072460970959,0.08412988213325108
0.84,0.23989202395097006,0.20051856933529133,1.3615652775954925,0.08404936924735128
0.842,0.23966485034312887,0.20025229814906276,1.3617124733894073,0.08401752756294774
0.844,0.2394753933400133,0.19996493948940358,1.362165886479497,0.08394366211347581
0.846,0.23926600767905576,0.19968878724172207,1.3626280171673792,0.08390465293060971
0.848,0.2390352689518331,0.19943362891057217,1.3629601601552495,0.0838359920130787
0.85,0.23883307699742784,0.19915685167594538,1.3630771953266543,0.08379525961680642
0.852,0.2386651807679209,0.198826605473289,1.3637075622559838,0.08372603131911026
0.854,0.23846328187152765,0.19857801516899734,1.3639910303129263,0.0836858368739949
0.856,0.23819054126321473,0.1983294343487169,1.364154883189558,0.08362416056623086
0.858,0.23797506700264412,0.19805900966478054,1.3645604523707922,0.08356845211337378
0.86,0.2377747507857337,0.197758151215811,1.3648009167035644,0.08350549444426689
0.862,0.23755998744731674,0.19748469549598685,1.3651053966956674,0.08344682455627367
0.864,0.23738739024276084,0.1972344885655099,1.3656704694850674,0.083398344328824
0.866,0.23718339372823888,0.19696576433406712,1.3658989439123723,0.08334596914106716
0.868,0.23699635002340227,0.19665915780759446,1.3662906379452626,0.08330120731951868
0.87,0.23678068361736548,0.19639781324528133,1.3660947208614735,0.08323649972663837
0.872,0.2365513199962694,0.19610762603979148,1.3666539311522237,0.0831655197014127
0.874,0.23629007600577634,0.19583443593389088,1.3670043046503417,0.08311813558493725
0.876,0.23611556414193804,0.19558629820281484,1.3675890143147151,0.08305515688435025
0.878,0.23593960647123055,0.1953270630059365,1.3676702948668908,0.08301092736691035
0.88,0.23566665048458868,0.19505086166514687,1.3680416975245477,0.08294879497007708
0.882,0.23547978082106996,0.1947216852493341,1.3682917734749618,0.08290333007285183
0.884,0.23533682999677072,0.19451723815134964,1.3685539485496647,0.08285076134501992
0.886,0.23508856630819724,0.1941760591378671,1.368971808289708,0.08280846423153211
0.888,0.23487454175872863,0.19395526135352453,1.3691786628781266,0.08273712580839968
0.89,0.23469349352398997,0.19366257495146674,1.3697079971242043,0.08268912890838719
0.892,0.2344716136834173,0.19342204919993206,1.3699493052634721,0.0826216266350697
0.894,0.23427194707081136,0.19315503592853578,1.3701558340047797,0.08257527510360241
0.896,0.23405999292237742,0.19287037607928048,1.370520237152032,0.08251671177760002
0.898,0.23382682044974895,0.19259104657295253,1.370784318287003,0.08248357024366608
0.9,0.2336497139299471,0.1923415116779903,1.3713271504402282,0.08242598025320776
0.902,0.23340536750921703,0.1920509799337745,1.3714903923113402,0.08236141822256486
0.904,0.23322589468264565,0.1917994806864502,1.3719203694310658,0.08230856391504181
0.906,0.23302332098055759,0.19151995703163324,1.3721190570216129,0.08225060968721917
0.908,0.23284174681922454,0.19125256693471748,1.3723862118660137,0.0821990126599838
0.91,0.2325920201535373,0.19098970979889732,1.3727504995303643,0.08214608847387518
0.912,0.23238670170611975,0.1907320770173244,1.3732114858772204,0.08209163252043435
0.914,0.23223180185791234,0.1904665360484709,1.3733642849707082,0.08204560116961034
0.916,0.2320382525967328,0.1901980403750079,1.373591033599279,0.08197764556923397
0.918,0.2318281485549793,0.18994198054965955,1.3741429015894417,0.08192558337003089
0.92,0.23163137091395244,0.18968540203100104,1.3742947714384586,0.08187201627144766
0.922,0.23137532423482723,0.18942227698586434,1.3745501099696154,0.08182677461759318
0.924,0.2312206651012119,0.1891686459060674,1.3748736237903436,0.08176203690117125
0.926,0.23101039195499953,0.188887846273892,1.375536849716126,0.0817207442073569
0.928,0.23082401296808114,0.18861655436210212,1.3756156722220383,0.08166615909590537
0.93,0.23058781104830503,0.18837318855349156,1.375721074327851,0.08163447839487827
0.932,0.23036732627281079,0.18811255218350062,1.376013405232557,0.08157601896027009
0.934,0.2302069866476215,0.18786174900745795,1.3765116448367616,0.08150564022623046
0.936,0.22998175348795208,0.1875973055372212,1.376741279052978,0.08145285039497319
0.938,0.22979339737054438,0.18730250990235295,1.3770963278248836,0.08141262798445105
0.94,0.22957055358448133,0.18707574525780354,1.3772761258365755,0.0813566117989601
0.942,0.22938049960375223,0.18682642308886005,1.377837993213022,0.0813002517034175
0.944,0.22919448354439048,0.18652920882863033,1.378174820730476,0.08123181926337168
0.946,0.2289846808687172,0.18628707464073221,1.3782858697119942,0.08117753046833033
0.948,0.2287857755090458,0.1860609584897731,1.378857856369616,0.08114045959484315
0.95,0.22856658700688268,0.18577149871472776,1.3790901384128398,0.08109035366748941
0.952,0.2283376676295023,0.18552565055717915,1.3791892185716546,0.08103185359966972
0.954,0.22816050182337863,0.1852420933971699,1.3796270431521451,0.08098117605033975
0.956,0.22797499517242828,0.1849872985534226,1.3801478037960209,0.08093369303579022
0.958,0.22776493745225665,0.18473807165761355,1.3801108734246494,0.08086864816500024
0.96,0.22760492505189786,0.18449731617545106,1.38060694713461,0.08082612149344236
0.962,0.2273695549504982,0.18420406052041394,1.3810445043745476,0.08075989001300277
0.964,0.22717729308038115,0.18398820410678335,1.3813240758547312,0.08068172694594912
0.966,0.22693441475322412,0.18370491147599993,1.3813978831421545,0.08067203493856206
0.968,0.2267992629232842,0.18349470897679457,1.3818219402250447,0.08061542631423903
0.97,0.22657860407786623,0.1832309974843127,1.3821752429757757,0.08056770326610815
0.972,0.22636721379473593,0.18296003323298718,1.3822777266962896,0.08051092361992199
0.974,0.226174415309574,0.18269585332394542,1.3827468597747286,0.08046706963965455
0.976,0.22598617761674974,0.18245517143560722,1.3833484812700547,0.08039854339304787
0.978,0.225767672937741,0.18221219346360018,1.3831343776906515,0.08035220674779614
0.98,0.2255943120024716,0.18201325595663154,1.3838128204943556,0.0803041282307524
0.982,0.2253561714403843,0.18172169985773895,1.383936167126482,0.08025827982984746
0.984,0.22519442301086942,0.1814555696268058,1.3843857053980932,0.08021305786861392
0.986,0.22497805033599888,0.18121058658509354,1.3844796712618133,0.08015425588944797
0.988,0.22479547597573482,0.18096814382896032,1.3846286730325656,0.08009989529141331
0.99,0.22460537763099025,0.18073184450854196,1.3851351555508156,0.08004486558789925
0.992,0.22438214674499976,0.18045439108457786,1.3855766350389365,0.08000390164867695
0.994,0.22419765987970697,0.18020054211449377,1.385611168894258,0.07994576266257707
0.996,0.224049072482933,0.17991469496695683,1.386107217024142,0.07990284065117949
0.998,0.22377754009576906,0.17972624318276262,1.386322045625837,0.07986046266021847
1.0,0.22359208832955865,0.1794399799763668,1.3867455998581575,0.07981710801798043
