-1.0, 0.574, 0.558
-0.998, 0.5731721043245143, 0.5583777781497785
-0.996, 0.5723446334101386, 0.5587550233733888
-0.994, 0.5715175878300126, 0.5591317355088664
-0.992, 0.5706909681579718, 0.5595079143929883
-0.99, 0.5698647749685478, 0.5598835598612755
-0.988, 0.5690390088369673, 0.5602586717479963
-0.986, 0.568213670339152, 0.5606332498861692
-0.984, 0.5673887600517178, 0.5610072941075661
-0.982, 0.5665642785519742, 0.561380804242714
-0.98, 0.5657402264179238, 0.5617537801209
-0.978, 0.5649166042282616, 0.5621262215701728
-0.976, 0.564093412562375, 0.5624981284173453
-0.974, 0.5632706520003421, 0.5628695004879986
-0.972, 0.5624483231229319, 0.5632403376064853
-0.97, 0.5616264265116038, 0.5636106395959313
-0.968, 0.5608049627485061, 0.5639804062782385
-0.966, 0.5599839324164766, 0.5643496374740884
-0.964, 0.5591633360990405, 0.5647183330029468
-0.962, 0.5583431743804105, 0.5650864926830647
-0.96, 0.5575234478454866, 0.5654541163314802
-0.958, 0.5567041570798548, 0.5658212037640235
-0.956, 0.5558853026697861, 0.5661877547953191
-0.954, 0.555066885202236, 0.5665537692387913
-0.952, 0.5542489052648443, 0.5669192469066637
-0.95, 0.5534313634459337, 0.5672841876099622
-0.948, 0.5526142603345097, 0.5676485911585196
-0.946, 0.5517975965202595, 0.5680124573609777
-0.944, 0.5509813725935504, 0.5683757860247938
-0.942, 0.5501655891454296, 0.5687385769562399
-0.94, 0.5493502467676246, 0.5691008299604046
-0.938, 0.5485353460525407, 0.5694625448411993
-0.936, 0.5477208875932617, 0.5698237214013577
-0.934, 0.5469068719835469, 0.5701843594424444
-0.932, 0.5460932998178314, 0.5705444587648556
-0.93, 0.5452801716912257, 0.5709040191678204
-0.928, 0.5444674881995152, 0.571263040449402
-0.926, 0.5436552499391575, 0.5716215224065057
-0.924, 0.542843457507284, 0.5719794648348769
-0.922, 0.542032111501696, 0.5723368675291106
-0.92, 0.5412212125208647, 0.5726937302826525
-0.918, 0.5404107611639319, 0.5730500528877985
-0.916, 0.5396007580307084, 0.5734058351356971
-0.914, 0.5387912037216717, 0.573761076816358
-0.912, 0.5379820988379672, 0.5741157777186485
-0.91, 0.5371734439814047, 0.5744699376303044
-0.908, 0.5363652397544578, 0.5748235563379311
-0.906, 0.535557486760264, 0.5751766336270038
-0.904, 0.5347501856026247, 0.5755291692818677
-0.902, 0.5339433368860013, 0.5758811630857481
-0.9, 0.5331369412155171, 0.5762326148207473
-0.898, 0.5323309991969543, 0.5765835242678523
-0.896, 0.5315255114367513, 0.5769338912069402
-0.894, 0.5307204785420042, 0.5772837154167781
-0.892, 0.5299159011204655, 0.5776329966750234
-0.89, 0.5291117797805435, 0.5779817347582266
-0.888, 0.5283081151312988, 0.5783299294418414
-0.886, 0.5275049077824464, 0.5786775805002187
-0.884, 0.5267021583443505, 0.5790246877066201
-0.882, 0.5258998674280247, 0.5793712508332178
-0.88, 0.5250980356451318, 0.5797172696510958
-0.878, 0.5242966636079832, 0.5800627439302486
-0.876, 0.5234957519295371, 0.5804076734395903
-0.874, 0.522695301223396, 0.5807520579469571
-0.872, 0.5218953121038078, 0.5810958972191075
-0.87, 0.5210957851856604, 0.5814391910217335
-0.868, 0.5202967210844823, 0.5817819391194599
-0.866, 0.5194981204164428, 0.5821241412758446
-0.864, 0.5186999837983516, 0.5824657972533791
-0.862, 0.517902311847654, 0.5828069068134994
-0.86, 0.5171051051824322, 0.5831474697165836
-0.858, 0.5163083644214034, 0.5834874857219572
-0.856, 0.5155120901839152, 0.5838269545879019
-0.854, 0.5147162830899465, 0.5841658760716553
-0.852, 0.5139209437601074, 0.5845042499294109
-0.85, 0.5131260728156386, 0.5848420759163184
-0.848, 0.5123316708784063, 0.5851793537864967
-0.846, 0.5115377385709039, 0.5855160832930285
-0.844, 0.5107442765162493, 0.5858522641879687
-0.842, 0.5099512853381808, 0.5861878962223513
-0.84, 0.5091587656610572, 0.5865229791461901
-0.838, 0.508366718109858, 0.5868575127084784
-0.836, 0.5075751433101833, 0.5871914966571893
-0.834, 0.5067840418882475, 0.5875249307392878
-0.832, 0.5059934144708819, 0.5878578147007285
-0.83, 0.5052032616855308, 0.58819014828646
-0.828, 0.5044135841602483, 0.5885219312404353
-0.826, 0.5036243825236973, 0.5888531633056108
-0.824, 0.5028356574051502, 0.5891838442239472
-0.822, 0.5020474094344883, 0.589513973736409
-0.82, 0.5012596392421972, 0.5898435515829755
-0.818, 0.5004723474593653, 0.5901725775026423
-0.816, 0.4996855347176847, 0.590501051233421
-0.814, 0.4988992016494441, 0.5908289725123524
-0.812, 0.49811334888752934, 0.5911563410755066
-0.81, 0.4973279770654227, 0.5914831566579825
-0.808, 0.4965430868172035, 0.5918094189939082
-0.806, 0.4957586787775442, 0.592135127816448
-0.804, 0.4949747535817059, 0.5924602828578118
-0.802, 0.494191311865542, 0.5927848838492474
-0.8, 0.49340835426548985, 0.5931089305210571
-0.798, 0.49262588141857, 0.5934324226025978
-0.796, 0.4918438939623868, 0.5937553598222819
-0.794, 0.4910623925351279, 0.5940777419075765
-0.792, 0.49028137777556247, 0.5943995685850076
-0.79, 0.489500850323033, 0.5947208395801753
-0.788, 0.4887208108174622, 0.595041554617741
-0.786, 0.48794125989934334, 0.5953617134214454
-0.784, 0.48716219820973855, 0.5956813157141109
-0.782, 0.4863836263902791, 0.5960003612176419
-0.78, 0.48560554508316545, 0.5963188496530242
-0.778, 0.4848279549311665, 0.5966367807403266
-0.776, 0.4840508565776096, 0.5969541541987183
-0.774, 0.4832742506663878, 0.5972709697464574
-0.772, 0.4824981378419512, 0.5975872271009045
-0.77, 0.48172251874930366, 0.5979029259785296
-0.768, 0.4809473940340026, 0.5982180660949119
-0.766, 0.480172764342159, 0.5985326471647402
-0.764, 0.4793986303204376, 0.598846668901812
-0.762, 0.47862499261604863, 0.5991601310190482
-0.76, 0.4778518518767488, 0.5994730332284918
-0.758, 0.47707920875084, 0.5997853752413093
-0.756, 0.4763070638871611, 0.6000971567678048
-0.754, 0.47553541793508824, 0.6004083775174206
-0.752, 0.4747642715445344, 0.6007190371987359
-0.75, 0.47399362536594963, 0.6010291355194678
-0.748, 0.4732234800503173, 0.6013386721864776
-0.746, 0.47245383624914566, 0.6016476469057844
-0.744, 0.4716846946144756, 0.6019560593825525
-0.742, 0.4709160557988679, 0.6022639093211118
-0.74, 0.470147920455403, 0.6025711964249593
-0.738, 0.4693802892376805, 0.6028779203967584
-0.736, 0.4686131627998194, 0.6031840809383396
-0.734, 0.46784654179645707, 0.6034896777507022
-0.732, 0.4670804268827367, 0.6037947105340333
-0.73, 0.46631481871431707, 0.6040991789876942
-0.728, 0.46554971794736094, 0.6044030828102367
-0.726, 0.46478512523853155, 0.60470642169941
-0.724, 0.46402104124499294, 0.6050091953521601
-0.722, 0.46325746662440936, 0.6053114034646297
-0.72, 0.4624944020349457, 0.6056130457321588
-0.718, 0.46173184813525725, 0.6059141218492998
-0.716, 0.4609698055844914, 0.6062146315098154
-0.714, 0.4602082750422857, 0.6065145744066816
-0.712, 0.4594472571687578, 0.6068139502321022
-0.71, 0.45868675262450626, 0.6071127586775092
-0.708, 0.4579267620706099, 0.6074109994335622
-0.706, 0.4571672861686281, 0.6077086721901489
-0.704, 0.4564083255805961, 0.6080057766363918
-0.702, 0.4556498809690151, 0.608302312460663
-0.7, 0.4548919529968614, 0.6085982793505715
-0.698, 0.45413454232757167, 0.6088936769929842
-0.696, 0.45337764962504157, 0.6091885050740279
-0.694, 0.4526212755536262, 0.609482763279089
-0.692, 0.45186542077813996, 0.6097764512928139
-0.69, 0.4511100859638551, 0.6100695687991107
-0.688, 0.4503552717764876, 0.61036211548117
-0.686, 0.4496009788822076, 0.6106540910214503
-0.684, 0.44884720794762684, 0.6109454951016955
-0.682, 0.44809395963979365, 0.6112363274029421
-0.68, 0.4473412346261933, 0.6115265876055197
-0.678, 0.44658903357474783, 0.61181627538905
-0.676, 0.44583735715381595, 0.6121053904324478
-0.674, 0.4450862060321819, 0.6123939324139366
-0.672, 0.44433558087905595, 0.6126819010110479
-0.67, 0.44358548236407347, 0.6129692959006231
-0.668, 0.44283591115728277, 0.6132561167588296
-0.666, 0.4420868679291453, 0.6135423632611617
-0.664, 0.4413383533505355, 0.61382803508244
-0.662, 0.44059036809274077, 0.6141131318968113
-0.66, 0.43984291282745663, 0.6143976533777563
-0.658, 0.4390959882267742, 0.6146815991981067
-0.656, 0.4383495949631916, 0.6149649690300287
-0.654, 0.43760373370959627, 0.6152477625450485
-0.652, 0.43685840513926355, 0.6155299794140534
-0.65, 0.43611360992585696, 0.615811619307292
-0.648, 0.435369348743428, 0.6160926818943742
-0.646, 0.43462562226641477, 0.616373166844273
-0.644, 0.433882431169625, 0.616653073825348
-0.642, 0.43313977612824883, 0.6169324025053279
-0.64, 0.4323976578178434, 0.6172111525513313
-0.638, 0.43165607691432767, 0.6174893236298736
-0.636, 0.4309150340939823, 0.6177669154068679
-0.634, 0.43017453003344946, 0.6180439275476237
-0.632, 0.4294345654097331, 0.6183203597168483
-0.63, 0.42869514090018546, 0.618596211578664
-0.628, 0.4279562571825081, 0.6188714827966063
-0.626, 0.42721791493475036, 0.6191461730336273
-0.624, 0.4264801148352954, 0.6194202819521126
-0.622, 0.42574285756286057, 0.6196938092138823
-0.62, 0.425006143796497, 0.6199667544801902
-0.618, 0.42426997421559, 0.6202391174117243
-0.616, 0.4235343494998521, 0.6205108976686154
-0.614, 0.4227992703293105, 0.620782094910454
-0.612, 0.42206473738431854, 0.6210527087962746
-0.61, 0.4213307513455357, 0.6213227389845828
-0.608, 0.42059731289392643, 0.6215921851333557
-0.606, 0.41986442271076024, 0.6218610469000424
-0.604, 0.4191320814776115, 0.6221293239415644
-0.602, 0.4184002898763573, 0.6223970159143178
-0.6, 0.41766904858915826, 0.6226641224741987
-0.598, 0.4169383582984735, 0.6229306432765834
-0.596, 0.41620821968704147, 0.6231965779763532
-0.594, 0.4154786334378754, 0.6234619262279004
-0.592, 0.41474960023426305, 0.6237266876851282
-0.59, 0.4140211207597669, 0.6239908620014509
-0.588, 0.4132931956982236, 0.624254448829794
-0.586, 0.4125658257337258, 0.6245174478226181
-0.584, 0.4118390115506306, 0.6247798586319075
-0.582, 0.411112753833549, 0.6250416809091837
-0.58, 0.4103870532673351, 0.6253029143055192
-0.578, 0.4096619105370857, 0.6255635584715376
-0.576, 0.40893732632814067, 0.6258236130574137
-0.574, 0.4082133013260825, 0.6260830777128734
-0.572, 0.4074898362167247, 0.6263419520872088
-0.57, 0.4067669316861052, 0.6266002358292858
-0.568, 0.4060445884204915, 0.6268579285875385
-0.566, 0.405322807106361, 0.627115030009993
-0.564, 0.4046015884304007, 0.6273715397442674
-0.562, 0.40388093307950773, 0.6276274574375725
-0.56, 0.4031608417407886, 0.6278827827367114
-0.558, 0.4024413151015529, 0.6281375152880875
-0.556, 0.40172235384929655, 0.6283916547377256
-0.554, 0.4010039586717161, 0.6286452007312543
-0.552, 0.4002861302566852, 0.6288981529139341
-0.55, 0.3995688692922525, 0.6291505109306609
-0.548, 0.39885217646664206, 0.6294022744259645
-0.546, 0.39813605246825323, 0.6296534430440098
-0.544, 0.39742049798565704, 0.6299040164286002
-0.542, 0.39670551370757473, 0.6301539942232041
-0.54, 0.39599110032289486, 0.6304033760709347
-0.538, 0.3952772585206497, 0.6306521616145773
-0.536, 0.39456398899001116, 0.6309003504965953
-0.534, 0.3938512924202902, 0.6311479423591304
-0.532, 0.3931391695009375, 0.6313949368440018
-0.53, 0.39242762092154154, 0.6316413335927089
-0.528, 0.3917166473718055, 0.6318871322464582
-0.526, 0.3910062495415628, 0.6321323324461453
-0.524, 0.39029642812075727, 0.6323769338323787
-0.522, 0.3895871837994348, 0.6326209360454891
-0.52, 0.3888785172677435, 0.6328643387255297
-0.518, 0.38817042921593337, 0.6331071415122765
-0.516, 0.38746292033435636, 0.6333493440452282
-0.514, 0.38675599131344396, 0.6335909459636329
-0.512, 0.38604964284371734, 0.6338319469064754
-0.51, 0.385343875615774, 0.6340723465124938
-0.508, 0.38463869032027465, 0.6343121444201945
-0.506, 0.3839340876479438, 0.6345513402678519
-0.504, 0.383230068289569, 0.6347899336935083
-0.502, 0.38252663293600164, 0.6350279243349748
-0.5, 0.38182378227813646, 0.635265311829853
-0.498, 0.38112151700691566, 0.635502095815532
-0.496, 0.38041983781332184, 0.6357382759291956
-0.494, 0.3797187453883609, 0.6359738518078427
-0.492, 0.37901824042306237, 0.636208823088287
-0.49, 0.3783183236084791, 0.6364431894071568
-0.488, 0.37761899563568735, 0.6366769504008956
-0.486, 0.3769202571957694, 0.6369101057057817
-0.484, 0.3762221089798113, 0.6371426549579308
-0.482, 0.3755245516789017, 0.6373745977932976
-0.48, 0.37482758598411103, 0.6376059338477001
-0.478, 0.3741312125864921, 0.637836662756818
-0.476, 0.37343543217707964, 0.6380667841561943
-0.474, 0.37274024544689044, 0.6382962976812342
-0.472, 0.3720456530869066, 0.6385252029672246
-0.47, 0.3713516557880714, 0.6387534996493396
-0.468, 0.37065825424128895, 0.6389811873626394
-0.466, 0.3699654491374031, 0.6392082657420955
-0.464, 0.36927324116719706, 0.6394347344225912
-0.462, 0.36858163102139335, 0.6396605930389209
-0.46, 0.36789061939065404, 0.6398858412257904
-0.458, 0.367200206965563, 0.6401104786178367
-0.456, 0.36651039443662203, 0.6403345048496327
-0.454, 0.36582118249425033, 0.6405579195556877
-0.452, 0.3651325718287626, 0.6407807223704721
-0.45, 0.36444456313036866, 0.6410029129284177
-0.448, 0.36375715708917405, 0.6412244908639174
-0.446, 0.36307035439517954, 0.6414454558113256
-0.444, 0.36238415573826144, 0.6416658074049805
-0.442, 0.3616985618081715, 0.6418855452792034
-0.44, 0.36101357329453154, 0.6421046690683057
-0.438, 0.36032919088681353, 0.642323178406611
-0.436, 0.3596454152743396, 0.6425410729284549
-0.434, 0.35896224714628194, 0.6427583522681851
-0.432, 0.3582796871916627, 0.6429750160601619
-0.43, 0.35759773609933027, 0.6431910639387843
-0.428, 0.35691639455796603, 0.6434064955384825
-0.426, 0.3562356632560711, 0.6436213104937325
-0.424, 0.3555555428819503, 0.6438355084390744
-0.422, 0.354876034123712, 0.6440490890091125
-0.42, 0.3541971376692681, 0.644262051838515
-0.418, 0.35351885420633283, 0.6444743965620154
-0.416, 0.35284118442239604, 0.6446861228144427
-0.414, 0.3521641290047366, 0.6448972302307053
-0.412, 0.35148768864040036, 0.6451077184458165
-0.41, 0.3508118640161892, 0.6453175870949063
-0.408, 0.35013665581866066, 0.6455268358132215
-0.406, 0.3494620647341281, 0.6457354642361258
-0.404, 0.3487880914486572, 0.6459434719991042
-0.402, 0.34811473664803766, 0.6461508587377925
-0.4, 0.34744200101780165, 0.6463576240879588
-0.398, 0.3467698852431941, 0.6465637676855349
-0.396, 0.3460983900091667, 0.6467692891666235
-0.394, 0.34542751600037824, 0.6469741881674976
-0.392, 0.3447572639011944, 0.6471784643246014
-0.39, 0.34408763439567813, 0.6473821172745592
-0.388, 0.34341862816756863, 0.6475851466542002
-0.386, 0.3427502459002942, 0.6477875521005432
-0.384, 0.3420824882769416, 0.6479893332508301
-0.382, 0.34141535598025474, 0.6481904897425284
-0.38, 0.3407488496926341, 0.6483910212133307
-0.378, 0.340082970096137, 0.6485909273011551
-0.376, 0.33941771787245767, 0.6487902076441662
-0.374, 0.33875309370292334, 0.6489888618807798
-0.372, 0.3380890982684892, 0.6491868896496682
-0.37, 0.3374257322497161, 0.6493842905897843
-0.368, 0.3367629963267704, 0.6495810643403619
-0.366, 0.3361008911794244, 0.6497772105409155
-0.364, 0.3354394174870533, 0.6499727288312429
-0.362, 0.33477857592860744, 0.6501676188514559
-0.36, 0.33411836718262666, 0.650361880241964
-0.358, 0.33345879192721317, 0.6505555126435041
-0.356, 0.33279985084002245, 0.6507485156971503
-0.354, 0.33214154459826356, 0.6509408890443137
-0.352, 0.33148387387869865, 0.6511326323267428
-0.35, 0.3308268393576325, 0.6513237451865344
-0.348, 0.3301704417108918, 0.6515142272661564
-0.346, 0.3295146816138353, 0.6517040782084361
-0.344, 0.328859559741323, 0.6518932976565941
-0.342, 0.32820507676771526, 0.6520818852542448
-0.34, 0.32755123336687225, 0.652269840645397
-0.338, 0.32689803021215363, 0.6524571634744541
-0.336, 0.3262454679763911, 0.6526438533862444
-0.334, 0.32559354733189744, 0.6528299100260094
-0.332, 0.324942268950445, 0.6530153330394287
-0.33, 0.3242916335032519, 0.6532001220726337
-0.328, 0.32364164166098225, 0.6533842767722078
-0.326, 0.32299229409374575, 0.6535677967851864
-0.324, 0.32234359147108815, 0.6537506817590677
-0.322, 0.3216955344619684, 0.6539329313418363
-0.32, 0.32104812373476926, 0.6541145451819518
-0.318, 0.3204013599572657, 0.6542955229283828
-0.316, 0.31975524379662346, 0.6544758642306087
-0.314, 0.31910977591939893, 0.6546555687386189
-0.312, 0.31846495699153754, 0.6548346361029155
-0.31, 0.3178207876783453, 0.6550130659745427
-0.308, 0.31717726864449985, 0.6551908580050749
-0.306, 0.3165344005540244, 0.6553680118466452
-0.304, 0.3158921840702764, 0.6555445271519559
-0.302, 0.3152506198559485, 0.6557204035742793
-0.3, 0.3146097085730675, 0.6558956407674574
-0.298, 0.3139694508829782, 0.6560702383859196
-0.296, 0.313329847446331, 0.6562441960846951
-0.294, 0.3126908989230806, 0.6564175135194146
-0.292, 0.3120526059724594, 0.6565901903463383
-0.29, 0.3114149692529775, 0.6567622262223559
-0.288, 0.310777989422423, 0.6569336208049865
-0.286, 0.31014166713785485, 0.6571043737523858
-0.284, 0.30950600305557613, 0.657274484723374
-0.282, 0.3088709978311458, 0.6574439533774231
-0.28, 0.30823665211934637, 0.6576127793746918
-0.278, 0.30760296657418035, 0.6577809623760281
-0.276, 0.3069699418488704, 0.6579485020429705
-0.274, 0.3063375785958572, 0.6581153980377488
-0.272, 0.30570587746677036, 0.6582816500233151
-0.27, 0.3050748391124393, 0.6584472576633323
-0.268, 0.3044444641828642, 0.6586122206222045
-0.266, 0.30381475332720703, 0.6587765385650861
-0.264, 0.3031857071937915, 0.6589402111578821
-0.262, 0.30255732643010286, 0.6591032380672489
-0.26, 0.3019296116827623, 0.6592656189606193
-0.258, 0.3013025635975296, 0.659427353506201
-0.256, 0.3006761828192835, 0.6595884413729964
-0.254, 0.3000504699920052, 0.6597488822308201
-0.252, 0.29942542575877873, 0.6599086757502983
-0.25, 0.29880105076179103, 0.6600678216028693
-0.248, 0.2981773456423117, 0.6602263194608033
-0.246, 0.2975543110406858, 0.6603841689972108
-0.244, 0.29693194759632374, 0.6605413698860519
-0.242, 0.2963102559476791, 0.6606979218021611
-0.24, 0.29568923673224856, 0.6608538244212459
-0.238, 0.2950688905865719, 0.6610090774198869
-0.236, 0.2944492181462159, 0.6611636804755556
-0.234, 0.29383022004576026, 0.661317633266627
-0.232, 0.29321189691879396, 0.6614709354723847
-0.23, 0.29259424939788875, 0.6616235867730477
-0.228, 0.2919772781145995, 0.6617755868497706
-0.226, 0.2913609836994639, 0.6619269353846432
-0.224, 0.2907453667819877, 0.6620776320607065
-0.222, 0.2901304279906289, 0.6622276765619677
-0.22, 0.28951616795279456, 0.6623770685734041
-0.218, 0.2889025872948145, 0.6625258077809905
-0.216, 0.2882896866419407, 0.6626738938716995
-0.214, 0.28767746661834714, 0.6628213265335018
-0.212, 0.2870659278471147, 0.6629681054553813
-0.21, 0.2864550709502158, 0.6631142303273511
-0.208, 0.28584489654851, 0.6632597008404574
-0.206, 0.28523540526171803, 0.6634045166868068
-0.204, 0.28462659770842175, 0.6635486775595665
-0.202, 0.28401847450606377, 0.6636921831529643
-0.2, 0.28341103627092945, 0.6638350331623069
-0.198, 0.28280428361813637, 0.6639772272839903
-0.196, 0.2821982171616241, 0.6641187652155109
-0.194, 0.28159283751413144, 0.6642596466554882
-0.192, 0.2809881452871967, 0.6643998713036653
-0.19, 0.2803841410911574, 0.6645394388609085
-0.188, 0.2797808255351269, 0.6646783490292312
-0.186, 0.2791781992269923, 0.6648166015117959
-0.184, 0.2785762627733946, 0.6649541960129344
-0.182, 0.27797501677971215, 0.665091132238165
-0.18, 0.2773744618500608, 0.6652274098941922
-0.178, 0.2767745985872923, 0.6653630286889084
-0.176, 0.2761754275929672, 0.665497988331421
-0.174, 0.2755769494673593, 0.6656322885320479
-0.172, 0.2749791648094271, 0.6657659290023467
-0.17, 0.2743820742168044, 0.665898909455124
-0.168, 0.27378567828580014, 0.6660312296044363
-0.166, 0.27318997761139346, 0.6661628891655943
-0.164, 0.2725949727872066, 0.6662938878551903
-0.162, 0.2720006644055103, 0.6664242253910925
-0.16, 0.27140705305719176, 0.666553901492478
-0.158, 0.2708141393317509, 0.6666829158798362
-0.156, 0.27022192381730015, 0.6668112682749695
-0.154, 0.26963040710055264, 0.6669389584010049
-0.152, 0.2690395897668024, 0.6670659859824135
-0.15, 0.26844947239992123, 0.667192350745014
-0.148, 0.2678600555823311, 0.6673180524160006
-0.146, 0.2672713398950042, 0.6674430907239433
-0.144, 0.2666833259174618, 0.6675674653987882
-0.142, 0.26609601422775114, 0.667691176171882
-0.14, 0.26550940540244344, 0.6678142227759724
-0.138, 0.2649235000166104, 0.6679366049452322
-0.136, 0.26433829864381075, 0.6680583224152741
-0.134, 0.26375380185609015, 0.6681793749231492
-0.132, 0.26317001022397624, 0.6682997622073532
-0.13, 0.2625869243164522, 0.6684194840078521
-0.128, 0.26200454470095963, 0.6685385400660789
-0.126, 0.26142287194336733, 0.668656930124966
-0.124, 0.2608419066079684, 0.6687746539289476
-0.122, 0.2602616492574798, 0.6688917112239604
-0.12, 0.25968210045302464, 0.6690081017574612
-0.118, 0.2591032607541217, 0.6691238252784364
-0.116, 0.25852513071867017, 0.6692388815374187
-0.114, 0.25794771090293034, 0.6693532702865058
-0.112, 0.2573710018615234, 0.6694669912793605
-0.11, 0.2567950041474276, 0.6695800442712153
-0.108, 0.25621971831195234, 0.6696924290188968
-0.106, 0.2556451449047395, 0.6698041452808253
-0.104, 0.25507128447373345, 0.6699151928170447
-0.102, 0.2544981375651764, 0.670025571389227
-0.1, 0.2539257047236085, 0.6701352807606724
-0.098, 0.2533539864918493, 0.670244320696328
-0.096, 0.2527829834109885, 0.6703526909627955
-0.094, 0.2522126960203682, 0.6704603913283504
-0.092, 0.2516431248575657, 0.6705674215629588
-0.09, 0.25107427045839287, 0.6706737814382778
-0.088, 0.2505061333568907, 0.6707794707276613
-0.086, 0.2499387140853047, 0.6708844892061838
-0.084, 0.24937201317408367, 0.6709888366506416
-0.082, 0.2488060311518508, 0.671092512839582
-0.08, 0.24824076854540125, 0.6711955175533059
-0.078, 0.24767622587970134, 0.6712978505738679
-0.076, 0.2471124036778648, 0.6713995116851006
-0.074, 0.2465493024611509, 0.6715005006726151
-0.072, 0.24598692274893755, 0.671600817323829
-0.07, 0.245425265058712, 0.671700461427975
-0.068, 0.24486432990607068, 0.6717994327761015
-0.066, 0.24430411780470518, 0.6718977311610863
-0.064, 0.24374462926638737, 0.6719953563776503
-0.062, 0.24318586480095644, 0.6720923082223715
-0.06, 0.2426278249162983, 0.6721885864937052
-0.058, 0.24207051011834554, 0.6722841909919836
-0.056, 0.24151392091107093, 0.6723791215194228
-0.054, 0.24095805779646443, 0.6724733778801449
-0.052, 0.24040292127452947, 0.6725669598801814
-0.05, 0.23984851184325554, 0.672659867327501
-0.048, 0.23929482999861643, 0.6727521000320111
-0.046, 0.2387418762345677, 0.6728436578055604
-0.044, 0.23818965104302256, 0.6729345404619622
-0.042, 0.23763815491385004, 0.673024747816996
-0.04, 0.23708738833484647, 0.673114279688436
-0.038, 0.23653735179173035, 0.6732031358960566
-0.036, 0.23598804576814172, 0.6732913162616325
-0.034, 0.23543947074562038, 0.6733788206089599
-0.032, 0.2348916272036017, 0.6734656487638606
-0.03, 0.2343445156193907, 0.6735518005542075
-0.028, 0.23379813646815298, 0.6736372758099338
-0.026, 0.23325249022291444, 0.6737220743630333
-0.024, 0.23270757735454337, 0.673806196047578
-0.022, 0.23216339833174202, 0.6738896406997252
-0.02, 0.23161995362102503, 0.6739724081577396
-0.018, 0.23107724368670626, 0.6740544982620065
-0.016, 0.23053526899089874, 0.6741359108550313
-0.014, 0.22999402999350008, 0.6742166457814542
-0.012, 0.22945352715217976, 0.6742967028880616
-0.01, 0.22891376092236237, 0.6743760820238033
-0.008, 0.2283747317572107, 0.6744547830398089
-0.006, 0.22783644010762563, 0.674532805789388
-0.004, 0.22729888642223417, 0.6746101501280422
-0.002, 0.22676207114737387, 0.6746868159134788
0.0, 0.22622599472707894, 0.6747628030056257
0.002, 0.22569065760306126, 0.6748381112666495
0.004, 0.2251560602147105, 0.6749127405609558
0.006, 0.22462220299908267, 0.6749866907551999
0.008, 0.2240890863908843, 0.6750599617183017
0.01, 0.22355671082245882, 0.6751325533214595
0.012, 0.22302507672376753, 0.6752044654381688
0.014, 0.2224941845223895, 0.675275697944222
0.016, 0.22196403464350994, 0.67534625071772
0.018, 0.22143462750990506, 0.6754161236390861
0.02, 0.22090596354192762, 0.6754853165910805
0.022, 0.22037804315748877, 0.675553829458818
0.024, 0.2198508667720579, 0.6756216621297687
0.026, 0.21932443479865002, 0.6756888144937693
0.028, 0.21879874764781213, 0.6757552864430362
0.03, 0.21827380572760688, 0.6758210778721816
0.032, 0.21774960944359628, 0.6758861886782299
0.034, 0.2172261591988417, 0.675950618760617
0.036, 0.2167034553938889, 0.6760143680212054
0.038, 0.21618149842675774, 0.6760774363642926
0.04, 0.2156602886929219, 0.6761398236966321
0.042, 0.21513982658529626, 0.6762015299274453
0.044, 0.21462011249423638, 0.6762625549684222
0.046, 0.21410114680752132, 0.6763228987337379
0.048, 0.21358292991034594, 0.6763825611400586
0.05, 0.21306546218529754, 0.6764415421065658
0.052, 0.21254874401234705, 0.6764998415549647
0.054, 0.2120327757688475, 0.6765574594094849
0.056, 0.21151755782951512, 0.6766143955968991
0.058, 0.2110030905664229, 0.6766706500465285
0.06, 0.21048937434897594, 0.6767262226902673
0.062, 0.20997640954390573, 0.6767811134625881
0.064, 0.20946419651526738, 0.6768353223005447
0.066, 0.2089527356244198, 0.6768888491437903
0.068, 0.20844202723001862, 0.6769416939345846
0.07, 0.20793207168799238, 0.6769938566178172
0.072, 0.20742286935154006, 0.6770453371410093
0.074, 0.20691442057112439, 0.6770961354543212
0.076, 0.20640672569445456, 0.677146251510567
0.078, 0.20589978506647497, 0.6771956852652263
0.08, 0.20539359902934567, 0.6772444366764634
0.082, 0.20488816792244188, 0.6772925057051273
0.084, 0.20438349208234124, 0.6773398923147644
0.086, 0.2038795718428129, 0.6773865964716271
0.088, 0.20337640753479846, 0.6774326181446939
0.09, 0.20287399948640011, 0.6774779573056801
0.092, 0.20237234802287943, 0.677522613929039
0.094, 0.20187145346664037, 0.6775665879919782
0.096, 0.20137131613722198, 0.6776098794744654
0.098, 0.20087193635127504, 0.677652488359252
0.1, 0.20037331442255724, 0.6776944146318774
0.102, 0.19987545066192855, 0.6777356582806734
0.104, 0.19937834537733415, 0.67777621929678
0.106, 0.19888199887379457, 0.6778160976741543
0.108, 0.1983864114533854, 0.6778552934095909
0.11, 0.19789158341523638, 0.6778938065027228
0.112, 0.1973975150555198, 0.6779316369560313
0.114, 0.19690420666743969, 0.6779687847748568
0.116, 0.19641165854121354, 0.6780052499674156
0.118, 0.19591987096406088, 0.6780410325448119
0.12, 0.19542884422020174, 0.6780761325210383
0.122, 0.19493857859084035, 0.6781105499129916
0.124, 0.19444907435415745, 0.6781442847404792
0.126, 0.19396033178528818, 0.6781773370262407
0.128, 0.1934723511563189, 0.6782097067959516
0.13, 0.1929851327362802, 0.6782413940782286
0.132, 0.1924986767911328, 0.6782723989046431
0.134, 0.19201298358375418, 0.6783027213097339
0.136, 0.19152805337392317, 0.6783323613310223
0.138, 0.19104388641831901, 0.6783613190090124
0.14, 0.1905604829705071, 0.6783895943872047
0.142, 0.190077843280931, 0.6784171875121029
0.144, 0.1895959675968914, 0.6784440984332342
0.146, 0.1891148561625411, 0.6784703272031545
0.148, 0.18863450921887984, 0.6784958738774527
0.15, 0.1881549270037399, 0.678520738514764
0.152, 0.18767610975177423, 0.6785449211767806
0.154, 0.18719805769444037, 0.6785684219282679
0.156, 0.1867207710599995, 0.678591240837065
0.158, 0.18624425007350315, 0.6786133779740968
0.16, 0.18576849495678519, 0.6786348334133809
0.162, 0.1852935059284417, 0.6786556072320472
0.164, 0.18481928320382607, 0.6786756995103426
0.166, 0.18434582699504354, 0.678695110331636
0.168, 0.18387313751093795, 0.6787138397824295
0.17, 0.1834012149570793, 0.678731887952371
0.172, 0.1829300595357494, 0.6787492549342676
0.174, 0.18245967144594058, 0.6787659408240865
0.176, 0.18199005088334255, 0.6787819457209672
0.178, 0.18152119804033442, 0.678797269727228
0.18, 0.1810531131059655, 0.6788119129483853
0.182, 0.18058579626595195, 0.6788258754931561
0.184, 0.18011924770266938, 0.6788391574734648
0.186, 0.17965346759514225, 0.6788517590044522
0.188, 0.17918845611902873, 0.6788636802044904
0.19, 0.1787242134466103, 0.6788749211951922
0.192, 0.17826073974678963, 0.6788854821014135
0.194, 0.17779803518507764, 0.678895363051264
0.196, 0.17733609992358407, 0.6789045641761161
0.198, 0.17687493412100105, 0.6789130856106209
0.2, 0.17641453793260156, 0.6789209274927096
0.202, 0.17595491151022893, 0.678928089963602
0.204, 0.17549605500228913, 0.6789345731678139
0.206, 0.1750379685537328, 0.6789403772531738
0.208, 0.17458065230605083, 0.6789455023708274
0.21, 0.17412410639726839, 0.6789499486752426
0.212, 0.17366833096193487, 0.6789537163242179
0.214, 0.17321332613111046, 0.6789568054788954
0.216, 0.17275909203235557, 0.6789592163037703
0.218, 0.17230562878972863, 0.6789609489666939
0.22, 0.171852936523775, 0.6789620036388817
0.222, 0.17140101535151753, 0.6789623804949226
0.224, 0.1709498653864417, 0.6789620797127932
0.226, 0.17049948673849397, 0.6789611014738589
0.228, 0.17004987951407222, 0.6789594459628824
0.23, 0.1696010438160183, 0.6789571133680294
0.232, 0.16915297974360147, 0.6789541038808852
0.234, 0.16870568739251524, 0.678950417696457
0.236, 0.16825916685487047, 0.67894605501318
0.238, 0.16781341821918777, 0.6789410160329233
0.24, 0.16736844157038244, 0.6789353009610046
0.242, 0.16692423698975806, 0.6789289100061957
0.244, 0.16648080455500264, 0.6789218433807263
0.246, 0.1660381443401794, 0.6789141013002905
0.248, 0.1655962564157157, 0.6789056839840584
0.25, 0.16515514084839236, 0.678896591654685
0.252, 0.16471479770134184, 0.6788868245383124
0.254, 0.16427522703403907, 0.6788763828645769
0.256, 0.16383642890229264, 0.6788652668666167
0.258, 0.16339840335823202, 0.6788534767810847
0.26, 0.1629611504503058, 0.6788410128481487
0.262, 0.1625246702232736, 0.6788278753114994
0.264, 0.1620889627181989, 0.6788140644183552
0.266, 0.16165402797243492, 0.6787995804194764
0.268, 0.16121986601962263, 0.6787844235691662
0.27, 0.16078647688968364, 0.6787685941252769
0.272, 0.16035386060881415, 0.6787520923492146
0.274, 0.15992201719947075, 0.6787349185059524
0.276, 0.15949094668036715, 0.678717072864033
0.278, 0.15906064906646883, 0.678698555695574
0.28, 0.15863112436898702, 0.6786793672762713
0.282, 0.15820237259536551, 0.6786595078854116
0.284, 0.157774393749276, 0.6786389778058772
0.286, 0.15734718783061394, 0.6786177773241489
0.288, 0.1569207548354927, 0.6785959067303099
0.29, 0.15649509475623163, 0.6785733663180572
0.292, 0.15607020758135018, 0.678550156384707
0.294, 0.1556460932955647, 0.678526277231197
0.296, 0.15522275187978246, 0.6785017291620903
0.298, 0.1548001833110916, 0.6784765124855854
0.3, 0.15437838756275368, 0.6784506275135219
0.302, 0.1539573646042015, 0.6784240745613834
0.304, 0.15353711440103326, 0.6783968539483003
0.306, 0.15311763691500366, 0.6783689659970582
0.308, 0.1526989321040158, 0.6783404110341057
0.31, 0.1522809999221194, 0.6783111893895551
0.312, 0.1518638403195054, 0.6782813013971865
0.314, 0.15144745324249795, 0.6782507473944538
0.316, 0.15103183863354605, 0.6782195277224937
0.318, 0.15061699643122195, 0.6781876427261261
0.32, 0.1502029265702162, 0.6781550927538568
0.322, 0.14978962898133047, 0.6781218781578844
0.324, 0.1493771035914691, 0.6780879992941078
0.326, 0.14896535032363759, 0.6780534565221269
0.328, 0.14855436909693823, 0.6780182502052455
0.33, 0.1481441598265635, 0.6779823807104767
0.332, 0.1477347224237877, 0.6779458484085502
0.334, 0.14732605679596567, 0.677908653673914
0.336, 0.1469181628465289, 0.6778707968847353
0.338, 0.14651104047497926, 0.6778322784229063
0.34, 0.1461046895768811, 0.6777930986740514
0.342, 0.14569911004386005, 0.677753258027528
0.344, 0.1452943017635996, 0.6777127568764272
0.346, 0.14489026461983512, 0.6776715956175796
0.348, 0.14448699849234659, 0.6776297746515618
0.35, 0.1440845032569573, 0.6775872943826966
0.352, 0.14368277878553118, 0.6775441552190541
0.354, 0.14328182494596683, 0.6775003575724564
0.356, 0.14288164160219094, 0.6774559018584839
0.358, 0.14248222861415705, 0.6774107884964757
0.36, 0.14208358583784356, 0.6773650179095293
0.362, 0.1416857131252476, 0.677318590524506
0.364, 0.14128861032437942, 0.6772715067720363
0.366, 0.14089227727926118, 0.6772237670865197
0.368, 0.1404967138299254, 0.6771753719061242
0.37, 0.14010191981240902, 0.6771263216727922
0.372, 0.13970789505874842, 0.6770766168322437
0.374, 0.1393146393969784, 0.6770262578339776
0.376, 0.13892215265113142, 0.6769752451312697
0.378, 0.13853043464123108, 0.6769235791811784
0.38, 0.13813948518328845, 0.676871260444548
0.382, 0.1377493040893012, 0.6768182893860086
0.384, 0.13735989116725297, 0.6767646664739748
0.386, 0.13697124622110723, 0.6767103921806508
0.388, 0.13658336905080423, 0.6766554669820327
0.39, 0.13619625945226052, 0.6765998913579087
0.392, 0.13580991721736857, 0.6765436657918565
0.394, 0.13542434213399074, 0.6764867907712495
0.396, 0.13503953398595703, 0.6764292667872577
0.398, 0.13465549255306508, 0.6763710943348467
0.4, 0.1342722176110799, 0.6763122739127767
0.402, 0.13388970893172786, 0.6762528060236068
0.404, 0.13350796628269548, 0.6761926911736964
0.406, 0.13312698942763007, 0.6761319298732027
0.408, 0.1327467781261388, 0.67607052263608
0.41, 0.1323673321337836, 0.6760084699800845
0.412, 0.13198865120208053, 0.6759457724267737
0.414, 0.13161073507850118, 0.6758824305015035
0.416, 0.131233583506471, 0.6758184447334292
0.418, 0.1308571962253652, 0.6757538156555073
0.42, 0.13048157297050883, 0.6756885438044967
0.422, 0.13010671347317862, 0.6756226297209532
0.424, 0.12973261746060077, 0.6755560739492316
0.426, 0.12935928465594804, 0.6754888770374877
0.428, 0.12898671477834006, 0.6754210395376772
0.43, 0.12861490754284613, 0.6753525620055504
0.432, 0.12824386266048213, 0.6752834450006552
0.434, 0.1278735798382087, 0.6752136890863374
0.436, 0.12750405877893262, 0.6751432948297392
0.438, 0.12713529918150934, 0.6750722628017937
0.44, 0.1267673007407398, 0.6750005935772281
0.442, 0.12640006314736957, 0.6749282877345633
0.444, 0.12603358608809148, 0.6748553458561104
0.446, 0.12566786924554726, 0.6747817685279672
0.448, 0.12530291229832488, 0.6747075563400199
0.45, 0.12493871492095847, 0.6746327098859427
0.452, 0.1245752767839323, 0.6745572297631921
0.454, 0.12421259755368112, 0.6744811165730052
0.456, 0.12385067689258841, 0.6744043709204007
0.458, 0.12348951445898727, 0.6743269934141773
0.46, 0.12312910990716525, 0.6742489846669066
0.462, 0.12276946288736348, 0.6741703452949337
0.464, 0.12241057304577611, 0.6740910759183759
0.466, 0.1220524400245524, 0.6740111771611208
0.468, 0.12169506346180141, 0.673930649650819
0.47, 0.12133844299159091, 0.673849494018884
0.472, 0.12098257824394743, 0.673767710900493
0.474, 0.12062746884486025, 0.6736853009345793
0.476, 0.12027311441628497, 0.6736022647638292
0.478, 0.11991951457614278, 0.6735186030346803
0.48, 0.11956666893832119, 0.6734343163973212
0.482, 0.11921457711267999, 0.6733494055056833
0.484, 0.11886323870505305, 0.6732638710174376
0.486, 0.11851265331724839, 0.6731777135939943
0.488, 0.11816282054705021, 0.6730909339004996
0.49, 0.11781373998822565, 0.673003532605827
0.492, 0.11746541123052547, 0.6729155103825761
0.494, 0.11711783385968458, 0.6728268679070707
0.496, 0.1167710074574266, 0.6727376058593534
0.498, 0.11642493160146943, 0.6726477249231785
0.5, 0.11607960586552592, 0.6725572257860098
0.502, 0.11573502981930515, 0.6724661091390195
0.504, 0.11539120302851925, 0.6723743756770793
0.506, 0.11504812505488717, 0.6722820260987549
0.508, 0.11470579545613589, 0.6721890611063046
0.51, 0.11436421378600287, 0.6720954814056762
0.512, 0.11402337959424434, 0.672001287706496
0.514, 0.11368329242663751, 0.6719064807220663
0.516, 0.11334395182498203, 0.6718110611693628
0.518, 0.11300535732710532, 0.6717150297690285
0.52, 0.11266750846686968, 0.6716183872453644
0.522, 0.11233040477417446, 0.6715211343263269
0.524, 0.11199404577495771, 0.6714232717435251
0.526, 0.11165843099120475, 0.671324800232211
0.528, 0.11132355994095293, 0.6712257205312729
0.53, 0.11098943213829404, 0.6711260333832328
0.532, 0.11065604709337781, 0.6710257395342417
0.534, 0.11032340431242155, 0.6709248397340681
0.536, 0.10999150329771343, 0.6708233347360938
0.538, 0.10966034354761484, 0.6707212252973108
0.54, 0.1093299245565675, 0.6706185121783131
0.542, 0.10900024581510122, 0.6705151961432873
0.544, 0.10867130680983737, 0.6704112779600078
0.546, 0.10834310702349143, 0.6703067583998343
0.548, 0.10801564593488351, 0.6702016382376993
0.55, 0.1076889230189436, 0.6700959182521011
0.552, 0.10736293774671478, 0.6699895992251008
0.554, 0.10703768958535895, 0.6698826819423149
0.556, 0.10671317799816692, 0.6697751671929036
0.558, 0.10638940244456306, 0.6696670557695653
0.56, 0.10606636238010793, 0.6695583484685336
0.562, 0.10574405725650848, 0.6694490460895649
0.564, 0.10542248652162552, 0.6693391494359302
0.566, 0.10510164961947799, 0.6692286593144098
0.568, 0.10478154599024757, 0.6691175765352878
0.57, 0.10446217507029065, 0.6690059019123386
0.572, 0.10414353629214392, 0.6688936362628197
0.574, 0.10382562908452782, 0.6687807804074688
0.576, 0.103508452872356, 0.6686673351704918
0.578, 0.10319200707674481, 0.6685533013795522
0.58, 0.10287629111501881, 0.668438679865765
0.582, 0.10256130440071466, 0.6683234714636922
0.584, 0.10224704634359423, 0.6682076770113273
0.586, 0.10193351634965146, 0.668091297350088
0.588, 0.10162071382111666, 0.667974333324811
0.59, 0.10130863815646537, 0.6678567857837422
0.592, 0.10099728875042958, 0.6677386555785233
0.594, 0.10068666499400428, 0.667619943564185
0.596, 0.10037676627445127, 0.6675006505991424
0.598, 0.10006759197531294, 0.6673807775451795
0.6, 0.09975914147642038, 0.66726032526744
0.602, 0.09945141415389855, 0.667139294634421
0.604, 0.09914440938017482, 0.6670176865179646
0.606, 0.0988381265239916, 0.6668955017932422
0.608, 0.09853256495041378, 0.666772741338747
0.61, 0.09822772402083295, 0.6666494060362895
0.612, 0.09792360309298145, 0.666525496770981
0.614, 0.0976202015209418, 0.6664010144312235
0.616, 0.09731751865515256, 0.6662759599087028
0.618, 0.09701555384241708, 0.6661503340983796
0.62, 0.09671430642591695, 0.6660241378984735
0.622, 0.09641377574522056, 0.665897372210454
0.624, 0.09611396113628749, 0.6657700379390354
0.626, 0.09581486193148335, 0.6656421359921608
0.628, 0.09551647745959002, 0.66551366728099
0.63, 0.09521880704581222, 0.6653846327198928
0.632, 0.0949218500117866, 0.6652550332264389
0.634, 0.09462560567559615, 0.6651248697213814
0.636, 0.09433007335177944, 0.6649941431286475
0.638, 0.09403525235133546, 0.6648628543753324
0.64, 0.09374114198173919, 0.664731004391683
0.642, 0.09344774154695273, 0.6645985941110844
0.644, 0.09315505034743209, 0.6644656244700534
0.646, 0.09286306768013727, 0.6643320964082278
0.648, 0.0925717928385473, 0.6641980108683485
0.65, 0.09228122511266991, 0.6640633687962502
0.652, 0.09199136378904703, 0.6639281711408547
0.654, 0.09170220815077135, 0.663792418854153
0.656, 0.09141375747749783, 0.6636561128911928
0.658, 0.09112601104545075, 0.6635192542100707
0.66, 0.09083896812743517, 0.66338184377192
0.662, 0.09055262799285219, 0.6632438825408933
0.664, 0.09026698990770915, 0.6631053714841523
0.666, 0.08998205313462569, 0.6629663115718607
0.668, 0.08969781693285153, 0.6628267037771651
0.67, 0.0894142805582781, 0.6626865490761823
0.672, 0.0891314432634457, 0.6625458484479916
0.674, 0.08884930429755675, 0.66240460287462
0.676, 0.08856786290649105, 0.6622628133410264
0.678, 0.08828711833281609, 0.66212048083509
0.68, 0.08800706981579438, 0.6619776063476027
0.682, 0.08772771659140183, 0.6618341908722486
0.684, 0.08744905789233982, 0.6616902354055917
0.686, 0.08717109294804211, 0.6615457409470682
0.688, 0.08689382098469026, 0.6614007084989697
0.69, 0.08661724122522876, 0.661255139066427
0.692, 0.08634135288937496, 0.6611090336573995
0.694, 0.08606615519362837, 0.6609623932826653
0.696, 0.08579164735128919, 0.6608152189558009
0.698, 0.08551782857247076, 0.6606675116931684
0.7, 0.0852446980641062, 0.6605192725139077
0.702, 0.08497225502996644, 0.6603705024399181
0.704, 0.08470049867067471, 0.6602212024958415
0.706, 0.08442942818371575, 0.6600713737090538
0.708, 0.0841590427634481, 0.659921017109651
0.71, 0.08388934160112198, 0.65977013373043
0.712, 0.08362032388489186, 0.659618724606876
0.714, 0.08335198879982367, 0.659466790777154
0.716, 0.08308433552791478, 0.6593143332820876
0.718, 0.08281736324810794, 0.6591613531651441
0.72, 0.08255107113629966, 0.6590078514724265
0.722, 0.08228545836535572, 0.6588538292526555
0.724, 0.08202052410512861, 0.6586992875571516
0.726, 0.08175626752246883, 0.6585442274398235
0.728, 0.08149268778123481, 0.6583886499571574
0.73, 0.08122978404231294, 0.6582325561681946
0.732, 0.08096755546363162, 0.6580759471345183
0.734, 0.08070600120016874, 0.6579188239202445
0.736, 0.08044512040397098, 0.6577611875920019
0.738, 0.08018491222416975, 0.6576030392189146
0.74, 0.07992537580699137, 0.6574443798725924
0.742, 0.07966651029577068, 0.6572852106271152
0.744, 0.0794083148309702, 0.657125532559013
0.746, 0.07915078855019367, 0.656965346747252
0.748, 0.07889393058819442, 0.6568046542732259
0.75, 0.07863774007689685, 0.6566434562207321
0.752, 0.07838221614541135, 0.6564817536759567
0.754, 0.07812735792004315, 0.6563195477274658
0.756, 0.07787316452431021, 0.6561568394661853
0.758, 0.07761963507896118, 0.6559936299853828
0.76, 0.07736676870198704, 0.6558299203806549
0.762, 0.0771145645086334, 0.6556657117499151
0.764, 0.07686302161142107, 0.6555010051933706
0.766, 0.07661213912016099, 0.6553358018135083
0.768, 0.0763619161419624, 0.6551701027150848
0.77, 0.07611235178125463, 0.6550039090051047
0.772, 0.07586344513980317, 0.6548372217928025
0.774, 0.07561519531671959, 0.6546700421896331
0.776, 0.07536760140847863, 0.6545023713092537
0.778, 0.0751206625089375, 0.6543342102675029
0.78, 0.07487437770934868, 0.6541655601823884
0.782, 0.07462874609837165, 0.6539964221740736
0.784, 0.07438376676209449, 0.6538267973648555
0.786, 0.07413943878404958, 0.6536566868791482
0.788, 0.07389576124522221, 0.6534860918434743
0.79, 0.07365273322407234, 0.6533150133864412
0.792, 0.07341035379655186, 0.6531434526387234
0.794, 0.073168622036115, 0.6529714107330525
0.796, 0.07292753701373543, 0.6527988888041982
0.798, 0.07268709779792629, 0.6526258879889476
0.8, 0.07244730345475384, 0.6524524094260913
0.802, 0.07220815304784915, 0.6522784542564111
0.804, 0.07196964563843036, 0.6521040236226566
0.806, 0.07173178028531901, 0.6519291186695283
0.808, 0.07149455604494896, 0.6517537405436684
0.81, 0.07125797197138857, 0.6515778903936374
0.812, 0.07102202711635851, 0.6514015693698958
0.814, 0.07078672052924256, 0.6512247786247927
0.816, 0.07055205125710513, 0.6510475193125478
0.818, 0.07031801834471185, 0.6508697925892297
0.82, 0.07008462083454335, 0.6506915996127416
0.822, 0.06985185776680768, 0.650512941542809
0.824, 0.06961972817946281, 0.6503338195409551
0.826, 0.0693882311082334, 0.6501542347704847
0.828, 0.06915736558661993, 0.6499741883964738
0.83, 0.06892713064592167, 0.6497936815857464
0.832, 0.06869752531525462, 0.649612715506855
0.834, 0.06846854862156236, 0.6494312913300705
0.836, 0.06824019958963454, 0.6492494102273625
0.838, 0.06801247724212767, 0.6490670733723773
0.84, 0.06778538059957866, 0.6488842819404246
0.842, 0.06755890868041832, 0.6487010371084633
0.844, 0.06733306050099411, 0.6485173400550777
0.846, 0.06710783507558664, 0.6483331919604606
0.848, 0.0668832314164195, 0.6481485940064033
0.85, 0.06665924853368292, 0.6479635473762713
0.852, 0.06643588543555161, 0.6477780532549848
0.854, 0.06621314112819524, 0.6475921128290095
0.856, 0.06599101461579869, 0.6474057272863345
0.858, 0.06576950490058239, 0.6472188978164513
0.86, 0.06554861098281525, 0.6470316256103413
0.862, 0.06532833186082995, 0.6468439118604596
0.864, 0.06510866653104537, 0.6466557577607114
0.866, 0.06488961398798268, 0.6464671645064359
0.868, 0.06467117322427612, 0.6462781332943957
0.87, 0.06445334323069714, 0.6460886653227506
0.872, 0.06423612299617185, 0.6458987617910409
0.874, 0.06401951150779131, 0.6457084239001765
0.876, 0.06380350775083354, 0.6455176528524135
0.878, 0.06358811070878319, 0.6453264498513348
0.88, 0.06337331936334346, 0.645134816101838
0.882, 0.06315913269445372, 0.6449427528101164
0.884, 0.06294554968031149, 0.644750261183637
0.886, 0.06273256929738714, 0.6445573424311254
0.888, 0.06252019052043697, 0.6443639977625527
0.89, 0.062308412322526596, 0.6441702283891104
0.892, 0.06209723367504839, 0.6439760355231936
0.894, 0.06188665354773148, 0.6437814203783906
0.896, 0.06167667090866561, 0.6435863841694576
0.898, 0.06146728472431968, 0.6433909281123007
0.9, 0.06125849395955274, 0.6431950534239644
0.902, 0.061050297577634256, 0.6429987613226104
0.904, 0.060842694540265044, 0.6428020530274964
0.906, 0.06063568380759051, 0.6426049297589629
0.908, 0.06042926433821628, 0.6424073927384171
0.91, 0.06022343508923098, 0.6422094431883087
0.912, 0.0600181950162224, 0.6420110823321149
0.914, 0.05981354307328894, 0.6418123113943277
0.916, 0.0596094782130637, 0.6416131316004293
0.918, 0.05940599938673233, 0.6414135441768741
0.92, 0.05920310554404324, 0.6412135503510786
0.922, 0.05900079563333048, 0.6410131513513976
0.924, 0.05879906860153316, 0.6408123484071042
0.926, 0.05859792339420709, 0.6406111427483787
0.928, 0.058397358955543634, 0.6404095356062889
0.93, 0.05819737422839138, 0.6402075282127673
0.932, 0.057997968154270135, 0.6400051218005985
0.934, 0.057799139673385416, 0.6398023176034033
0.936, 0.05760088772465155, 0.6395991168556152
0.938, 0.05740321124570848, 0.6393955207924634
0.94, 0.05720610917293243, 0.6391915306499625
0.942, 0.05700958044146027, 0.6389871476648871
0.944, 0.05681362398520732, 0.6387823730747536
0.946, 0.056618238736877866, 0.6385772081178103
0.948, 0.056423423627987274, 0.6383716540330141
0.95, 0.05622917758888173, 0.6381657120600108
0.952, 0.056035499548750284, 0.6379593834391231
0.954, 0.055842388435642806, 0.6377526694113319
0.956, 0.05564984317649188, 0.6375455712182543
0.958, 0.05545786269712713, 0.6373380901021294
0.96, 0.05526644592228905, 0.6371302273058036
0.962, 0.05507559177565214, 0.6369219840727077
0.964, 0.054885299179841765, 0.6367133616468398
0.966, 0.054695567056444676, 0.6365043612727541
0.968, 0.05450639432603297, 0.6362949841955375
0.97, 0.05431777990818199, 0.6360852316607907
0.972, 0.05412972272148077, 0.635875104914618
0.974, 0.05394222168355368, 0.6356646052036055
0.976, 0.05375527571108017, 0.6354537337748005
0.978, 0.05356888371980677, 0.6352424918757007
0.98, 0.053383044624564654, 0.635030880754235
0.982, 0.05319775733929136, 0.6348189016587422
0.984, 0.05301302077704501, 0.6346065558379568
0.986, 0.052828833850017895, 0.6343938445409953
0.988, 0.052645195469559355, 0.6341807690173323
0.99, 0.05246210454619238, 0.633967330516785
0.992, 0.05227955998962402, 0.6337535302895019
0.994, 0.052097560708769024, 0.6335393695859389
0.996, 0.05191610561176741, 0.6333248496568421
0.998, 0.05173519360599458, 0.6331099717532372
1.0, 0.051554823598084186, 0.632894737126407
