-1.0,0.475,0.881
-0.99,0.474023054073954,0.877995952040227
-0.98,0.4730409744598975,0.875007044937609
-0.97,0.4720539647122523,0.872033125913267
-0.96,0.4710622235513666,0.8690740448833103
-0.95,0.4700659449717198,0.8661296544018453
-0.94,0.4690653183477282,0.8631998096052382
-0.93,0.4680605285372047,0.8602843681575998
-0.92,0.4670517559825207,0.857383190197468
-0.91,0.4660391768095391,0.8544961382856531
-0.9,0.465022962924337,0.8516230773542358
-0.89,0.4640032821077881,0.8487638746566804
-0.88,0.4629802981080642,0.8459183997190339
-0.87,0.4619541707310562,0.8430865242922103
-0.86,0.4609250559288181,0.8402681223053052
-0.85,0.4598931058860334,0.8374630698199425
-0.84,0.4588584691045634,0.834671244985621
-0.83,0.4578212904861388,0.8318925279960302
-0.82,0.4567817114131846,0.8291268010463394
-0.81,0.4557398698278926,0.826373948291401
-0.8,0.4546959003094979,0.8236338558048907
-0.79,0.4536499341498816,0.8209064115393211
-0.78,0.4526020994274595,0.8181915052869494
-0.77,0.4515525210794644,0.8154890286415235
-0.76,0.450501320972596,0.8127988749608803
-0.75,0.4494486179721289,0.810120939330347
-0.74,0.4483945280094633,0.8074551185269575
-0.73,0.4473391641482005,0.8048013109844362
-0.72,0.4462826366487278,0.8021594167589621
-0.71,0.445225053031396,0.7995293374956655
-0.7,0.4441665181382665,0.7969109763958729
-0.69,0.4431071341935196,0.7943042381850499
-0.68,0.4420470008624864,0.7917090290814631
-0.67,0.4409862153094099,0.7891252567655045
-0.66,0.439924872253882,0.7865528303497095
-0.65,0.4388630640260683,0.7839916603494048
-0.64,0.4378008806206721,0.7814416586540173
-0.63,0.4367384097497243,0.7789027384989948
-0.62,0.4356757368941916,0.7763748144383444
-0.61,0.4346129453544316,0.7738578023177728
-0.6,0.4335501162995506,0.7713516192483997
-0.59,0.432487328815631,0.7688561835810622
-0.58,0.431424659952923,0.7663714148811606
-0.57,0.4303621847719631,0.763897233904063
-0.56,0.4292999763886733,0.7614335625710456
-0.55,0.4282381060184748,0.7589803239457442
-0.54,0.4271766430193929,0.7565374422111368
-0.53,0.4261156549342288,0.7541048426470109
-0.52,0.4250552075317871,0.7516824516079257
-0.51,0.4239953648471745,0.7492701965016597
-0.5,0.4229361892212257,0.7468680057681144
-0.49,0.4218777413390357,0.7444758088586849
-0.48,0.4208200802676356,0.7420935362160795
-0.47,0.4197632634928469,0.7397211192545673
-0.46,0.4187073469552988,0.7373584903406646
-0.45,0.4176523850856481,0.7350055827742382
-0.44,0.4165984308390288,0.7326623307700115
-0.43,0.4155455357287204,0.7303286694394787
-0.42,0.4144937498590699,0.7280045347732113
-0.41,0.4134431219576906,0.7256898636235404
-0.4,0.412393699406939,0.7233845936876191
-0.39,0.4113455282746853,0.7210886634908532
-0.38,0.4102986533444063,0.7188020123706872
-0.37,0.4092531181446149,0.7165245804607372
-0.36,0.4082089649776194,0.7142563086752752
-0.35,0.4071662349476505,0.7119971386940438
-0.34,0.4061249679883651,0.7097470129473975
-0.33,0.4050852028897376,0.7075058746017651
-0.32,0.4040469773243434,0.7052736675454299
-0.31,0.403010327873065,0.7030503363746129
-0.3,0.4019752900502262,0.7008358263798556
-0.29,0.4009418983281661,0.6986300835326956
-0.28,0.399910186161259,0.6964330544726332
-0.27,0.3988801860094059,0.6942446864943753
-0.26,0.3978519293610001,0.6920649275353543
-0.25,0.3968254467553859,0.6898937261635131
-0.24,0.3958007678048083,0.6877310315653562
-0.23,0.3947779212158778,0.6855767935342569
-0.22,0.3937569348105567,0.6834309624590137
-0.21,0.3927378355466777,0.681293489312653
-0.2,0.3917206495380064,0.6791643256414703
-0.19,0.3907054020738524,0.6770434235543095
-0.18,0.3896921176382437,0.6749307357120701
-0.17,0.3886808199286762,0.6728262153174382
-0.16,0.3876715318744416,0.6707298161048394
-0.15,0.3866642756545503,0.6686414923306022
-0.14,0.3856590727152504,0.6665611987633363
-0.13,0.3846559437871568,0.6644888906745133
-0.12,0.3836549089019969,0.6624245238292509
-0.11,0.3826559874089847,0.6603680544772907
-0.1,0.3816591979908263,0.6583194393441706
-0.09,0.3806645586793707,0.6562786356225836
-0.08,0.3796720868709092,0.6542456009639207
-0.07,0.3786817993411329,0.6522202934699944
-0.06,0.377693712259756,0.6502026716849382
-0.05,0.3767078412048119,0.6481926945872767
-0.04,0.3757242011766294,0.646190321582166
-0.03,0.3747428066114983,0.6441955124937961
-0.02,0.3737636713950262,0.6422082275579566
-0.01,0.3727868088751985,0.640228427414758
0.0,0.371812231875146,0.6382560731015083
0.01,0.370839952705626,0.6362911260457389
0.02,0.3698699831772239,0.6343335480583792
0.03,0.3689023346122822,0.6323833013270733
0.04,0.3679370178565613,0.6304403484096404
0.05,0.3669740432906398,0.6285046522276695
0.06,0.3660134208410593,0.6265761760602521
0.07,0.3650551599912187,0.6246548835378442
0.08,0.3640992697920248,0.6227407386362586
0.09,0.3631457588723042,0.6208337056707834
0.1,0.3621946354489808,0.6189337492904227
0.11,0.3612459073370257,0.6170408344722585
0.12,0.360299581959183,0.6151549265159317
0.13,0.359355666355478,0.613275991038236
0.14,0.3584141671925114,0.6114039939678274
0.15,0.3574750907725449,0.6095389015400422
0.16,0.3565384430423824,0.6076806802918235
0.17,0.3556042296020515,0.6058292970567541
0.18,0.3546724557132904,0.6039847189601911
0.19,0.353743126307843,0.6021469134145033
0.2,0.3528162459955685,0.6003158481144061
0.21,0.3518918190723668,0.5984914910323939
0.22,0.3509698495279276,0.5966738104142665
0.23,0.3500503410533033,0.5948627747747489
0.24,0.3491332970483115,0.5930583528932001
0.25,0.3482187206287719,0.5912605138094115
0.26,0.3473066146335783,0.5894692268194921
0.27,0.3463969816316127,0.5876844614718371
0.28,0.3454898239285023,0.5859061875631807
0.29,0.344585143573224,0.584134375134729
0.3,0.3436829423645611,0.5823689944683726
0.31,0.3427832218574122,0.5806100160829769
0.32,0.3418859833689595,0.5788574107307474
0.33,0.3409912279846959,0.5771111493936697
0.34,0.3400989565643175,0.5753712032800227
0.35,0.339209169747481,0.5736375438209614
0.36,0.3383218679594325,0.5719101426671707
0.37,0.3374370514165074,0.5701889716855854
0.38,0.336554720131507,0.5684740029561783
0.39,0.3356748739189522,0.5667652087688124
0.4,0.3347975124002186,0.5650625616201566
0.41,0.3339226350085553,0.5633660342106636
0.42,0.3330502409939891,0.5616755994416096
0.43,0.3321803294281185,0.5599912304121921
0.44,0.3313128992087975,0.5583129004166869
0.45,0.3304479490647128,0.5566405829416623
0.46,0.3295854775598594,0.5549742516632475
0.47,0.328725483097911,0.5533138804444575
0.48,0.327867963926493,0.55165944333257
0.49,0.3270129181413577,0.5500109145565548
0.5,0.3261603436904645,0.5483682685245547
0.51,0.3253102383779666,0.5467314798214151
0.52,0.3244625998681081,0.5451005232062639
0.53,0.3236174256890301,0.5434753736101382
0.54,0.3227747132364901,0.5418560061336589
0.55,0.3219344597774988,0.5402423960447498
0.56,0.3210966624538705,0.5386345187764019
0.57,0.320261318285694,0.5370323499244826
0.58,0.3194284241747248,0.5354358652455852
0.59,0.3185979769076984,0.5338450406549221
0.6,0.317769973159568,0.5322598522242591
0.61,0.3169444094966663,0.5306802761798901
0.62,0.3161212823797972,0.5291062889006495
0.63,0.3153005881672541,0.5275378669159647
0.64,0.3144823231177714,0.5259749869039454
0.65,0.313666483393407,0.5244176256895088
0.66,0.3128530650623582,0.5228657602425415
0.67,0.3120420641017108,0.5213193676760987
0.68,0.3112334764001284,0.5197784252446346
0.69,0.3104272977604755,0.5182429103422689
0.7,0.309623523902385,0.5167128005010843
0.71,0.3088221504647642,0.5151880733894563
0.72,0.3080231730082399,0.5136687068104174
0.73,0.3072265870175502,0.5121546787000499
0.74,0.3064323879038783,0.5106459671259098
0.75,0.3056405710071359,0.5091425502854791
0.76,0.3048511315981929,0.5076444065046464
0.77,0.3040640648810505,0.5061515142362197
0.78,0.3032793659949677,0.5046638520584643
0.79,0.3024970300165368,0.5031813986736676
0.8,0.3017170519617141,0.5017041329067303
0.81,0.3009394267877999,0.5002320337037837
0.82,0.3001641493953707,0.4987650801308342
0.83,0.2993912146301676,0.497303251372433
0.84,0.298620617284943,0.4958465267303657
0.85,0.2978523521012646,0.4943948856223683
0.86,0.2970864137712701,0.4929483075808693
0.87,0.2963227969393861,0.4915067722517517
0.88,0.2955614962040057,0.4900702593931381
0.89,0.2948025061191304,0.4886387488741942
0.9,0.2940458211959652,0.4872122206739607
0.91,0.2932914359044798,0.4857906548802022
0.92,0.2925393446749347,0.4843740316882762
0.93,0.2917895418993735,0.4829623314000201
0.94,0.2910420219330711,0.4815555344226643
0.95,0.2902967790959523,0.4801536212677608
0.96,0.2895538076739804,0.4787565725501287
0.97,0.2888131019205103,0.4773643689868193
0.98,0.2880746560576039,0.4759769913961027
0.99,0.2873384642773191,0.4745944206964704
1.0,0.2866045207429734,0.4732166379056482
