-1.0,0.5773975718072776,0.11476028933006363,0.9719047276686233
-0.99,0.5729627580165878,0.11648659141592076,0.9691288113249662
-0.98,0.5653877979069661,0.1231418445525887,0.9641518620276672
-0.97,0.5682372760216704,0.12658204250755387,0.981995087002421
-0.96,0.5463391962946789,0.13213001166988048,0.9664668160520549
-0.95,0.5408346392133528,0.13603499023832882,0.9651340495275128
-0.94,0.5290259992872786,0.13821248352500048,0.9834763041510055
-0.93,0.5144574120825037,0.14242295442031377,0.966778862102372
-0.92,0.515329702030617,0.1449721481224918,0.9791140116527799
-0.91,0.5059626568456329,0.1503514486668216,0.9795688641738031
-0.9,0.503025383718943,0.15166984502693254,0.9863465266285589
-0.89,0.4996172320847771,0.1541406192597231,0.9658986220866765
-0.88,0.4869050987448141,0.16112367244494954,0.9710344990522545
-0.87,0.48165076980058563,0.1631630704658866,0.9907486325814158
-0.86,0.4767780571928111,0.1647486048022643,0.9642677533311211
-0.85,0.4648559427433751,0.1695956721923549,0.9707266675725383
-0.84,0.4464629612314336,0.17092408484381275,0.9668673087564524
-0.83,0.4649548164470078,0.17391709870954827,0.9736709235999749
-0.82,0.4586771186132477,0.17568924324025273,0.9650583721917051
-0.81,0.44385469739880534,0.17957087757906565,0.9697491116790173
-0.8,0.44062879311809183,0.18094017440423535,0.9537467951656579
-0.79,0.43846931179979676,0.18027219605692404,0.9551806983890576
-0.78,0.43071771318419977,0.18666702110120786,0.9426637884836409
-0.77,0.4191508534685208,0.19232038156276762,0.9673962809820669
-0.76,0.41410844273326863,0.19426851337836504,0.9815789783698148
-0.75,0.41425631564083665,0.19409026742901536,0.9653454283489264
-0.74,0.40595708776211975,0.19866921722552447,0.9594857815093522
-0.73,0.40992721253352776,0.1996839581334992,0.9548963239726707
-0.72,0.40136361365381734,0.20068027338460634,0.9491717963588465
-0.71,0.39241185985255367,0.20409131685223647,0.9612424878871376
-0.7,0.3991987526789414,0.20739276179423732,0.9462718638419845
-0.69,0.3849625029625522,0.2085207518880934,0.944842318592268
-0.68,0.38750044101620124,0.20918711604308435,0.9637423546379151
-0.67,0.3818681921975561,0.212416508049502,0.9492013209603701
-0.66,0.38061345560154075,0.21490834329546787,0.9506615177848156
-0.65,0.37310338511177404,0.21773293794972992,0.9540095545444014
-0.64,0.36918740207476763,0.21736069651957865,0.9558019837588728
-0.63,0.3738572923728524,0.21440082403323094,0.938930857737133
-0.62,0.37111816661670677,0.21675169643423933,0.9249086868265091
-0.61,0.3640286977319652,0.22639013851986003,0.9394716893142673
-0.6,0.3546965401423489,0.227318716100703,0.9403392932490355
-0.59,0.35992970643028777,0.22519284756933375,0.9344387330908541
-0.58,0.3522744640433393,0.2290973650733729,0.9255730984535756
-0.57,0.34745395783807614,0.23169371275412645,0.9230323384103308
-0.56,0.34700738428185196,0.22835396195679594,0.9424655160624179
-0.55,0.34719158592246097,0.2332701109228809,0.9344654005924443
-0.54,0.3421920386896521,0.23264165193658365,0.9289976744191311
-0.53,0.34290644063205533,0.23847181157427028,0.9332767116617114
-0.52,0.34061626029484415,0.23512586440446528,0.9324469805203058
-0.51,0.3370763649778651,0.2378431088507673,0.9204589089405192
-0.5,0.33879146412368205,0.23655303715725717,0.9219120610203224
-0.49,0.3357629538907822,0.24130895482581663,0.9145973661076684
-0.48,0.326147119506259,0.24267996971477612,0.9224997537455808
-0.47,0.32920702941659574,0.24417597165644017,0.9149391718175535
-0.46,0.32107159912536704,0.2436400866135896,0.9141406200712776
-0.45,0.31890599902597044,0.24343572657587384,0.9156154864709107
-0.44,0.3228693502468035,0.2479612915027552,0.9194736963428914
-0.43,0.31958951729576857,0.24694566509257346,0.9317336451075506
-0.42,0.32177402705403235,0.24697516512296816,0.907136391115037
-0.41,0.3144389621399626,0.25017812063750605,0.9108997727388375
-0.4,0.31451532406012656,0.24925713273853625,0.9053580425420489
-0.39,0.3106157890397664,0.24793473661695453,0.9007245014574198
-0.38,0.3107896929540586,0.2528374529359006,0.8914516298999023
-0.37,0.31197702878307404,0.2556825364762793,0.912177143111926
-0.36,0.30539362241526463,0.2565813060556379,0.8902091155167512
-0.35,0.3073448120813062,0.25842824872600617,0.8949975173713914
-0.34,0.3053040882499906,0.25704706976571934,0.9001238370771415
-0.33,0.3033611446983649,0.2602137004815464,0.8927845052069676
-0.32,0.3010311452209957,0.25710288295329353,0.9007218169195702
-0.31,0.30076919085061793,0.2575801867804999,0.8927646050551727
-0.3,0.30165137963343186,0.2617187619284062,0.8605931141570063
-0.29,0.2930468665385337,0.2614590966219268,0.8962017104022132
-0.28,0.2986802069502087,0.2625773440491191,0.8700614950951342
-0.27,0.292616361652475,0.2644297551888134,0.8778519179671752
-0.26,0.29265001567432347,0.2605576998870163,0.8754976730857998
-0.25,0.29543613949759834,0.26444126389265243,0.8734758315848791
-0.24,0.2897487328235049,0.262654832488262,0.8824050114248755
-0.23,0.28647773403073934,0.26694617625783634,0.8693405170600177
-0.22,0.2900491372958275,0.26705032418696095,0.8691173318512978
-0.21,0.2897931850041873,0.27049692931166247,0.875202721437612
-0.2,0.28190855051351177,0.26741911778615834,0.8688612982197195
-0.19,0.28238771115716554,0.2709967126330817,0.8780072453700698
-0.18,0.27993600882306685,0.27251061674421106,0.8573388433977763
-0.17,0.28073924942467227,0.2714881331026854,0.8544852734710311
-0.16,0.279466678185996,0.26918873246287894,0.8502825205545548
-0.15,0.2835804723349088,0.27291671955882957,0.8624953178980906
-0.14,0.2831564528986318,0.27562546360340373,0.848810589179042
-0.13,0.2741499111116628,0.2715142388779813,0.8501353273121716
-0.12,0.2777891020881939,0.2737406370320884,0.8519978714493965
-0.11,0.27771663419245873,0.27131547733831357,0.8562582004196502
-0.1,0.2762665186219297,0.2723508025789942,0.8483678289366299
-0.09,0.27714131446343493,0.2777323016422985,0.8486326943329158
-0.08,0.268588293583572,0.27530438398933194,0.8534624459902186
-0.07,0.27458334875402873,0.27502705950580164,0.8412575150987351
-0.06,0.2716382424303182,0.27604459219578525,0.8347178241433341
-0.05,0.2767825593273307,0.27573767914781255,0.848217439156656
-0.04,0.26951530070363555,0.27267932773574116,0.8377385071560836
-0.03,0.26626419188156364,0.2793896316951909,0.8438962702329653
-0.02,0.2715340686494434,0.27621114486557913,0.8211412948660612
-0.01,0.2660960926640062,0.28038281951145894,0.8310731050877183
0.0,0.26851593991555,0.27563675738443816,0.8270483092167361
0.01,0.2667293954051082,0.2818274715570405,0.8259093372923596
0.02,0.26805280701315837,0.28739663451826014,0.8305588356162574
0.03,0.2648575308598253,0.2845040212010221,0.8180556343831804
0.04,0.2640010136686051,0.279735724079068,0.8276638481697055
0.05,0.2643352985483489,0.28737140107153214,0.804971583405023
0.06,0.26296201334395397,0.280346363739771,0.8070036915068439
0.07,0.263655532636678,0.28129805348592285,0.7856132836951571
0.08,0.2607897160855024,0.2824377158563112,0.8084006820203493
0.09,0.25934979643981004,0.2833255747153934,0.8093828506201509
0.1,0.2573412687846649,0.28404981880344066,0.7972818313801349
0.11,0.2614189208218939,0.2799072070714038,0.8078169322703008
0.12,0.25989220863623275,0.27668394705741745,0.8212701447435399
0.13,0.25897749440754625,0.28827945376347336,0.7981198831517452
0.14,0.26031050819456164,0.2850006455075246,0.7904971842373454
0.15,0.2585400390310772,0.28579523077879276,0.7912073418191755
0.16,0.2593343808154584,0.2880934017942522,0.7937977524250656
0.17,0.2524212166632807,0.28545419418280626,0.8137783444083323
0.18,0.25962375051880926,0.2867130333558951,0.7956674243733488
0.19,0.25502261168272217,0.28439867717957623,0.7984236925284087
0.2,0.2571866447671843,0.28730119791971875,0.786693240337593
0.21,0.25604211866519594,0.2872980206730395,0.7750543886043908
0.22,0.25197247204161993,0.29120088023292195,0.7890340665232005
0.23,0.25420900786287287,0.29249563283327124,0.7768904808370052
0.24,0.2499393551984753,0.2894114133340395,0.7777795714163356
0.25,0.252604757830446,0.29256158109449953,0.7793010314743029
0.26,0.2506983904037782,0.2898906053474779,0.79010635811698
0.27,0.25567411303532367,0.29435049982348,0.7717644896396504
0.28,0.250569964488401,0.29028497565157274,0.7780161374210135
0.29,0.25315779824250695,0.28883166040190933,0.779909703285352
0.3,0.24968490436140903,0.29176626919792403,0.780542598368159
0.31,0.2511897616007405,0.29478614094348254,0.7844683136850292
0.32,0.2488461410461153,0.28681949759187464,0.774557815075002
0.33,0.2499209528681078,0.29766252185838377,0.7691824427068352
0.34,0.24897626208266402,0.2968091170428719,0.7778729037322989
0.35,0.2505239618841079,0.2908826854908224,0.7658784877222525
0.36,0.24617310201005432,0.294770492517935,0.7697693389851739
0.37,0.24470497534187166,0.2916695481556913,0.7490630668237633
0.38,0.24572316422590787,0.29536368217684805,0.7567360617681591
0.39,0.24729834599360326,0.29575067286088047,0.7569591480158089
0.4,0.2490550292692366,0.29248873520520274,0.756599516539662
0.41,0.24207202732424196,0.30179424296140184,0.7563968312722845
0.42,0.2458781529303922,0.29440520961541095,0.7509073688625332
0.43,0.24361015122366678,0.2937136878919331,0.7530683051986803
0.44,0.24374394728313015,0.29515558377121226,0.7400375379246773
0.45,0.24284279629655378,0.29810909689326043,0.7427833951599764
0.46,0.24499545786825688,0.2908398689189925,0.7446455071417777
0.47,0.24403100099914665,0.2950619348067777,0.7436038929833029
0.48,0.24424730814892506,0.2945006016080447,0.7441870616576004
0.49,0.24047329892264765,0.2999229000572118,0.743097004406061
0.5,0.24318061904497965,0.29556476002516097,0.732147971356635
0.51,0.24443296570543455,0.2960945463630322,0.7470042628347207
0.52,0.24238187240785916,0.2965636586945384,0.7573023571817575
0.53,0.24404315599763302,0.29486337754736563,0.7349453134334472
0.54,0.23975090785233508,0.29556108440657286,0.7234010443405862
0.55,0.2443109543145915,0.29560561989848916,0.7300625830125506
0.56,0.23526604483883914,0.29711325731563,0.7309154575172838
0.57,0.24002340660978982,0.29749189462098946,0.7215552159621661
0.58,0.2387817706775865,0.299479436000269,0.726729436206052
0.59,0.2352558713657417,0.2936558351468324,0.728157034812394
0.6,0.23977809548430049,0.2985669882788115,0.7353561263106198
0.61,0.23292038483502298,0.2961698947113999,0.7376292495301217
0.62,0.23614551858450325,0.29357728769204233,0.7157099905953952
0.63,0.23385569745269533,0.2945299043101346,0.7215843456033142
0.64,0.23070411130824914,0.29837984942175455,0.7146776503811277
0.65,0.2385345128251139,0.2969995212145909,0.7264046257202053
0.66,0.2386757585898256,0.2938227024337313,0.7119466355971457
0.67,0.23221130300299794,0.2979924362593196,0.7289852832910921
0.68,0.2358594283864464,0.29811648540886837,0.7059059019301369
0.69,0.23239344429939723,0.3004299083681742,0.7076641782322086
0.7,0.22880693402721106,0.3002349104037027,0.7053828880556492
0.71,0.23866712497785372,0.3008588175147495,0.7016533263972053
0.72,0.23399511574266507,0.2942389407853594,0.704479407873766
0.73,0.22963763163798717,0.2954098153121411,0.6992724803022425
0.74,0.2310448339269656,0.29843092912413416,0.6983207714728421
0.75,0.23344224274260297,0.29737048159096824,0.7019154939121545
0.76,0.23384599893340507,0.29748271608291993,0.703666763713802
0.77,0.23058089057060466,0.3008128817335392,0.6911504651659436
0.78,0.2291601578841522,0.29949788588133963,0.6918643265193235
0.79,0.23014946406435138,0.3008671641054384,0.7100529871897453
0.8,0.23095126741243993,0.30367432311536785,0.6880194141783
0.81,0.22925606815906946,0.29581112585287317,0.674422712462024
0.82,0.22770347919216277,0.3023860342278576,0.6724094812072223
0.83,0.22698561323858585,0.2980469274170069,0.6807649055375983
0.84,0.22695006682833294,0.2992230269555189,0.6948778291726653
0.85,0.22652937153466002,0.3008026417875782,0.6820165498375713
0.86,0.22767806971792928,0.29501433429112317,0.6828666652209663
0.87,0.22922184549035346,0.298289027855753,0.6872470880050748
0.88,0.2282090705197533,0.29777340496297766,0.6840609291837413
0.89,0.22744346694722284,0.2957977062110927,0.6776904815553358
0.9,0.22712313911772725,0.2953145603302032,0.6750499366097606
0.91,0.2271485856736459,0.29863340647622205,0.6659431975860355
0.92,0.22609493314211235,0.29550140241698103,0.6750192769951091
0.93,0.22617313830969749,0.3013193900901741,0.6841211223461185
0.94,0.22178280785948157,0.29444800334344856,0.6649969884129644
0.95,0.2259801432658259,0.30168397442123773,0.6705881858271641
0.96,0.21995447612200658,0.2994750966895616,0.6680020510099496
0.97,0.22284305867793078,0.30014842780059775,0.6695746606393032
0.98,0.22031756935253943,0.3009607217975134,0.6583555097051879
0.99,0.22588751779749852,0.2955208710974122,0.66126132640632
1.0,0.2204141727511314,0.29667230950960527,0.6775155005494279
