-1.0,0.19387523341071522,0.35478295817667527
-0.99,0.19582770489442683,0.3477130929883701
-0.98,0.1932794120631539,0.34995137888940636
-0.97,0.20011498522816296,0.34713713279932634
-0.96,0.19478498116706794,0.3462283219088174
-0.95,0.20329082526454428,0.3417610095059723
-0.94,0.20022138919913576,0.3445050410269627
-0.93,0.2040794280734914,0.34148394870510607
-0.92,0.20514838873159516,0.3456771203653914
-0.91,0.2050888393228937,0.34000209954065647
-0.9,0.20746885468392787,0.3395445007932467
-0.89,0.2072820566925058,0.33980176850247595
-0.88,0.21346159482908966,0.32836336796803756
-0.87,0.21081295347011253,0.3351674122288416
-0.86,0.21182776681041385,0.3281123471276113
-0.85,0.21315594532239213,0.329337134653359
-0.84,0.21375605269476383,0.3261837876479191
-0.83,0.21356578826125727,0.32377898433053004
-0.82,0.21264808432388266,0.3252681751112173
-0.81,0.2149252440651025,0.31956501921738856
-0.8,0.21731801515984034,0.3166320040164306
-0.79,0.21496696650835867,0.3232810618835947
-0.78,0.21715971378008642,0.31433210737316924
-0.77,0.22551575294659082,0.31209620906956226
-0.76,0.21879543748584068,0.31524269455612425
-0.75,0.21944208614798313,0.30732895971406815
-0.74,0.21946206440155833,0.31201621989043676
-0.73,0.22459283979450154,0.31294485958263946
-0.72,0.22294918756939314,0.3148857011416276
-0.71,0.22704460321051267,0.30703698353236986
-0.7,0.22621421455907123,0.30543279020139597
-0.69,0.2293934877396013,0.30475092814275107
-0.68,0.2267064778003039,0.3014636172965717
-0.67,0.228454958146401,0.30277325716877834
-0.66,0.2263211599686748,0.29755803185635477
-0.65,0.2271614780034005,0.30252280376574453
-0.64,0.23121918761172658,0.3000438950465902
-0.63,0.23581106565751506,0.29726917069644254
-0.62,0.23024114727771172,0.3010871258930602
-0.61,0.23301622387434556,0.29478456001837355
-0.6,0.2367382800438195,0.2960487967101673
-0.59,0.2355334192519744,0.2997325096061367
-0.58,0.22635288313946195,0.2900815748091115
-0.57,0.23592919462379078,0.2821898345067035
-0.56,0.23159342715591535,0.28999107884955666
-0.55,0.23619724938016465,0.28964647594249154
-0.54,0.23540067127747186,0.2853023950051039
-0.53,0.2378327974270618,0.2842408798334349
-0.52,0.23852976597856437,0.28193146834115584
-0.51,0.23853243921537756,0.2859572267600013
-0.5,0.24274027346935842,0.27825991288000473
-0.49,0.24074024074744366,0.2776926657476612
-0.48,0.24434867131982682,0.27879679416396885
-0.47,0.2370418696340893,0.27883184070474054
-0.46,0.24108400225747895,0.2721786322934022
-0.45,0.24205296980051952,0.27798739614239204
-0.44,0.23996582091768462,0.27253243092420343
-0.43,0.2409444473253979,0.27491166611852963
-0.42,0.23803032561080653,0.27003437579134926
-0.41,0.24382613830986652,0.2737052951232317
-0.4,0.23860505916616737,0.27149697960127406
-0.39,0.24431930966238283,0.2615090363683682
-0.38,0.24469459802088653,0.2665517497727518
-0.37,0.24369960889179998,0.26759815255989405
-0.36,0.23912024397330636,0.26628780102278304
-0.35,0.24400214307223986,0.26382979778966814
-0.34,0.2414697156322361,0.26461366898749905
-0.33,0.2433719691159298,0.26011770195540423
-0.32,0.24806644477897222,0.2586731226491971
-0.31,0.24724006867108492,0.2580629857500886
-0.3,0.2429757958120473,0.26338416941402937
-0.29,0.24286865440831193,0.26240412234795035
-0.28,0.24729755481835877,0.25623062763144056
-0.27,0.23849471730593402,0.25528161205282884
-0.26,0.24621159585927463,0.25591829997554255
-0.25,0.24851067901725227,0.2550806087606173
-0.24,0.24750193262050116,0.2568620710956715
-0.23,0.2462245679683889,0.2531954568232831
-0.22,0.24504258373918408,0.250273676672919
-0.21,0.2380708279728307,0.24908101516960893
-0.2,0.24429347537839016,0.24720173652660649
-0.19,0.24913905093219713,0.24985594600199673
-0.18,0.2467578487097687,0.24795757794373285
-0.17,0.24676930570593592,0.24827133256470849
-0.16,0.2517778313045364,0.25032422900346013
-0.15,0.24926855975710482,0.250305262254489
-0.14,0.24332958951269335,0.24860077525404722
-0.13,0.24930654086270315,0.2432118461173066
-0.12,0.2463966492570775,0.24044283454354728
-0.11,0.2471132496168017,0.2395357487765315
-0.1,0.2451005142751353,0.24180278083789247
-0.09,0.24741639389525727,0.2380528394861108
-0.08,0.2478650292906856,0.24036253630525425
-0.07,0.24567781916247922,0.24002103076705922
-0.06,0.2508298014516684,0.24128861580912508
-0.05,0.24779227574842225,0.23647348621240932
-0.04,0.2495264931810301,0.2352037278064842
-0.03,0.24585984951634432,0.23476317027973614
-0.02,0.24391008933552283,0.23248307467493826
-0.01,0.24695200292622735,0.23831233214066289
0.0,0.24518952721058432,0.23317703578883686
0.01,0.24373419855284809,0.23233106919895533
0.02,0.25032551529535363,0.23147378762199283
0.03,0.2486102266704859,0.2314908126375424
0.04,0.24907408427292416,0.22971347005074993
0.05,0.2510735459721087,0.2313220262005519
0.06,0.2445365634538966,0.22377109641019527
0.07,0.24949968480068246,0.22652468614404417
0.08,0.2462066586859973,0.2238120067385547
0.09,0.25495890025450413,0.22378318228122054
0.1,0.24773084047780755,0.22581510883550177
0.11,0.2520661629416907,0.22450804716795825
0.12,0.2475151759035452,0.21807179506834887
0.13,0.24494292093454303,0.22317823381215166
0.14,0.2503824681030126,0.22690018751644067
0.15,0.2506158711793699,0.2224868481439988
0.16,0.24686129018899874,0.2206158117230698
0.17,0.24668280196358428,0.21799060423881889
0.18,0.24874383561402538,0.21956947932372156
0.19,0.2513860747019744,0.2198330096258849
0.2,0.24751479120763964,0.21937110251475977
0.21,0.24863774159802443,0.21775747489711836
0.22,0.25068695711461814,0.2196836244493326
0.23,0.24710405034415045,0.21436498479645416
0.24,0.24930775895355048,0.21245650952855
0.25,0.24309185663430335,0.21661229990413
0.26,0.2489919030744402,0.21365591943820675
0.27,0.24654816600318655,0.2104260041931091
0.28,0.24552269215915387,0.21339138848599445
0.29,0.24844683227044567,0.21220100749288032
0.3,0.24485129053132546,0.21127022680680746
0.31,0.24644227362068924,0.20413791301570713
0.32,0.24638848714840625,0.20973947119933092
0.33,0.2446990834220766,0.21038421746264005
0.34,0.2484674811666441,0.20614865665428103
0.35,0.24528860471277483,0.20721840474607683
0.36,0.24438834102379467,0.2106017888456084
0.37,0.24832520724543314,0.20797363825543774
0.38,0.24569112685727235,0.2015565021157987
0.39,0.24768870034927556,0.20546079190593391
0.4,0.24535801615792224,0.2019301562720678
0.41,0.2444293067776901,0.2055279031469668
0.42,0.24977952324318486,0.20450550538686488
0.43,0.24825150882107122,0.19963554941321826
0.44,0.24501269439662282,0.20435834253913424
0.45,0.24182101060938926,0.20312116857230142
0.46,0.24596756904373065,0.2000745340837236
0.47,0.23864761549806793,0.20094493052071488
0.48,0.24415805622433628,0.1993824097449266
0.49,0.2427756690075882,0.19739290616069965
0.5,0.24665741453021958,0.1980928531163268
0.51,0.2421736206717817,0.2000033736224122
0.52,0.24511562563592673,0.1933650412893892
0.53,0.24121393096137328,0.20056728542652658
0.54,0.24624627798079674,0.19787055251564936
0.55,0.24516112283653083,0.19673638020990641
0.56,0.24324836456893625,0.1940005697169504
0.57,0.24124644775569867,0.19504979077862164
0.58,0.24367514094627463,0.19312668938056254
0.59,0.2416195063273451,0.1942466068448743
0.6,0.2425522852505887,0.19269192509181476
0.61,0.23707607715080098,0.19326446601421796
0.62,0.23926642066123435,0.19105168598707878
0.63,0.24421751986574705,0.1910769493064816
0.64,0.24099600443589153,0.18795569176606175
0.65,0.24144068455829937,0.19217081961567792
0.66,0.23904810299229057,0.18646882031624926
0.67,0.2414789750010614,0.19109795642449262
0.68,0.236507569671407,0.18975225663713746
0.69,0.2431834529855976,0.18897339490287057
0.7,0.24163301453140384,0.1854847876211168
0.71,0.2383204541855687,0.18803443918750487
0.72,0.24332948817184372,0.1883243911574937
0.73,0.23820360617702904,0.18524098481073553
0.74,0.24352262731917232,0.18854796135630367
0.75,0.23768208204418917,0.18406665655959342
0.76,0.23809567314281532,0.18796246059503569
0.77,0.2402057486396191,0.18509487639041275
0.78,0.23560411209915963,0.18489203092453488
0.79,0.24383250486282929,0.18280793877553161
0.8,0.2376388128480335,0.1822133297772944
0.81,0.23682996362133346,0.18746487762510167
0.82,0.23454007022912288,0.17849451711889774
0.83,0.23625934985525543,0.18242333107409514
0.84,0.2365071877859026,0.18470971354715401
0.85,0.23360351531496795,0.17850114684151208
0.86,0.24070799790546202,0.182628737166179
0.87,0.23656420743063117,0.178125789838059
0.88,0.23720107093140244,0.17941866715030003
0.89,0.23630963628749962,0.17899757960395646
0.9,0.2368871860591547,0.1759696322823532
0.91,0.24262093604287874,0.17880921464550797
0.92,0.23554294189923897,0.17719088005462708
0.93,0.2345421954422631,0.17842915168571294
0.94,0.2367069888342613,0.17521095855875982
0.95,0.2372823219533425,0.1742527362184096
0.96,0.23299164958058263,0.17593736025192697
0.97,0.23431559675909763,0.1755539119444642
0.98,0.23160619592181528,0.1739725433174264
0.99,0.23326237064643085,0.17683738985793213
1.0,0.23576287671829504,0.17608359143407248
