-1.0,0.23613997998039543
-0.998,0.23425502401338852
-0.996,0.23411387208222106
-0.994,0.23402713168953657
-0.992,0.23418209743794297
-0.99,0.23467936533524703
-0.988,0.2324694138157868
-0.986,0.23596675800109687
-0.984,0.23451080798575716
-0.982,0.22905458910998153
-0.98,0.23617991695520768
-0.978,0.232900188125544
-0.976,0.23517511163084112
-0.974,0.2337035314625525
-0.972,0.23864913481835887
-0.97,0.23655373609983618
-0.968,0.23763641534415605
-0.966,0.2373003220930575
-0.964,0.23841651193533872
-0.962,0.2344486326573766
-0.96,0.23333059570556552
-0.958,0.23486427606099664
-0.956,0.23411833826427766
-0.954,0.23946656089688156
-0.952,0.24016772310524503
-0.95,0.2352324494492404
-0.948,0.2369647358578894
-0.946,0.23462572461573764
-0.944,0.23800435120533872
-0.942,0.23867112095125723
-0.94,0.23748134996499096
-0.938,0.24115909124811208
-0.936,0.24098431143422736
-0.934,0.23548000332846597
-0.932,0.24122100527671367
-0.93,0.23888209090469142
-0.928,0.23422982220362765
-0.926,0.2390721738679391
-0.924,0.238523941466577
-0.922,0.23978089741230751
-0.92,0.24123061207851268
-0.918,0.23881256155171104
-0.916,0.241459340446247
-0.914,0.2431098408745929
-0.912,0.242761024938773
-0.91,0.23948628183792803
-0.908,0.24055357568334754
-0.906,0.24126915708082944
-0.904,0.23673002050981043
-0.902,0.24503255741235677
-0.9,0.24155153433554888
-0.898,0.2420657961768238
-0.896,0.24276118985309683
-0.894,0.240006141470834
-0.892,0.243576589914945
-0.89,0.24565390090980313
-0.888,0.24262970035645337
-0.886,0.24329603455646184
-0.884,0.2421940004888703
-0.882,0.24142026253358148
-0.88,0.24557844185856878
-0.878,0.24353680926534949
-0.876,0.2430808325553877
-0.874,0.24505684076140855
-0.872,0.2434344740926449
-0.87,0.2452013453464623
-0.868,0.2470463971447092
-0.866,0.246047835958486
-0.864,0.2494317521814821
-0.862,0.2458134770629548
-0.86,0.24573862761082804
-0.858,0.24540179186643254
-0.856,0.254099385342312
-0.854,0.2482737514809293
-0.852,0.24661818881122155
-0.85,0.2500523345422653
-0.848,0.25157081747590704
-0.846,0.24620938388711291
-0.844,0.24665122078269708
-0.842,0.2474338679243834
-0.84,0.24467117952381204
-0.838,0.24595539873507558
-0.836,0.2531528984384024
-0.834,0.25020256251654266
-0.832,0.24772143923061052
-0.83,0.24608045257319505
-0.828,0.2483801904491941
-0.826,0.25118287330321304
-0.824,0.24993848068528768
-0.822,0.2498635138885892
-0.82,0.25208406504131836
-0.818,0.2527542803182161
-0.816,0.24968748571608715
-0.814,0.2522466536862821
-0.812,0.2503458486552987
-0.81,0.25244215027274525
-0.808,0.2540295037446087
-0.806,0.2543355061229784
-0.804,0.25201965660872655
-0.802,0.25498913551684926
-0.8,0.2522441563050373
-0.798,0.25283088304775025
-0.796,0.25161040725969347
-0.794,0.24818949054750494
-0.792,0.25109337927508213
-0.79,0.2513927387712312
-0.788,0.25254689036290723
-0.786,0.2536778024475475
-0.784,0.25356952572754976
-0.782,0.25623403186314075
-0.78,0.2534313587748851
-0.778,0.25087186906780823
-0.776,0.25091974744198775
-0.774,0.25721362324992253
-0.772,0.2561727982754599
-0.77,0.2541680794369057
-0.768,0.25454631834430047
-0.766,0.25786606732716477
-0.764,0.25817126871795576
-0.762,0.2542011116051458
-0.76,0.2551003848564673
-0.758,0.25784932730875587
-0.756,0.25323173262537385
-0.754,0.25592911244772765
-0.752,0.2527832568117319
-0.75,0.25870428128735407
-0.748,0.25213591469959196
-0.746,0.2533086064255808
-0.744,0.25920472766926067
-0.742,0.2547591793550975
-0.74,0.2596833314325523
-0.738,0.2581929607261809
-0.736,0.258228785391336
-0.734,0.25760000672291483
-0.732,0.2592258280836014
-0.73,0.25594932627537037
-0.728,0.25801693187289915
-0.726,0.25975211467339865
-0.724,0.25673568932839524
-0.722,0.25929163945611516
-0.72,0.25726809133017864
-0.718,0.2615958337644156
-0.716,0.25917366336316383
-0.714,0.2598343758452474
-0.712,0.2648022170467662
-0.71,0.2608192373066253
-0.708,0.2642442859505521
-0.706,0.2681882732933633
-0.704,0.26342071437299575
-0.702,0.2640878011185024
-0.7,0.26079836197296197
-0.698,0.2593523291819762
-0.696,0.2676776214406456
-0.694,0.2617692342033195
-0.692,0.26186757170451086
-0.69,0.2653665056138502
-0.688,0.26466934942232256
-0.686,0.2634225513336511
-0.684,0.2629849613826265
-0.682,0.26557310992597954
-0.68,0.263138906876701
-0.678,0.26355109934977655
-0.676,0.2614095271197087
-0.674,0.26253689253705215
-0.672,0.2669547771091822
-0.67,0.2692616461053983
-0.668,0.26868862605003113
-0.666,0.2605125276021031
-0.664,0.2678495034394472
-0.662,0.27127182328539146
-0.66,0.2684179944513154
-0.658,0.2682902950925735
-0.656,0.2654602205366895
-0.654,0.26574558866119014
-0.652,0.27157630310832176
-0.65,0.26976857510429686
-0.648,0.2641959712552872
-0.646,0.26828601983495576
-0.644,0.2674040725706279
-0.642,0.2639417247502093
-0.64,0.2726983512933389
-0.638,0.2717627396708758
-0.636,0.27247985791462564
-0.634,0.270696644631311
-0.632,0.26978812278374903
-0.63,0.26982253517123844
-0.628,0.26534337901260574
-0.626,0.2694508069341026
-0.624,0.27224208880835626
-0.622,0.26962229946653155
-0.62,0.27441515019056495
-0.618,0.2723126125214384
-0.616,0.2752250264802771
-0.614,0.2725763925276351
-0.612,0.2735368801074848
-0.61,0.2728518117419472
-0.608,0.2708166576357944
-0.606,0.27237224689387285
-0.604,0.27276682361877647
-0.602,0.2763187441429683
-0.6,0.26921401803424244
-0.598,0.2731382565719817
-0.596,0.27738528225892783
-0.594,0.27255447778045544
-0.592,0.2708288180233084
-0.59,0.27330580404148885
-0.588,0.2686493225862523
-0.586,0.2792505124645604
-0.584,0.27361449005863625
-0.582,0.2781411302913024
-0.58,0.28082369316442796
-0.578,0.2790049484812329
-0.576,0.28185263631384516
-0.574,0.27410863910939776
-0.572,0.2819809696417913
-0.57,0.2776926155604923
-0.568,0.27729106658541314
-0.566,0.2794046028380001
-0.564,0.27664389465110784
-0.562,0.27876574640410584
-0.56,0.2820193449732672
-0.558,0.27713821823638296
-0.556,0.2791376141132987
-0.554,0.2815015992610873
-0.552,0.2804797139833256
-0.55,0.28408382802001625
-0.548,0.276534821653194
-0.546,0.2803870673330741
-0.544,0.2792927426069318
-0.542,0.28152883121114614
-0.54,0.28388241598524727
-0.538,0.2801541919473059
-0.536,0.2850723712161761
-0.534,0.2841437984869017
-0.532,0.28433141461236255
-0.53,0.2799735331615768
-0.528,0.28222800414991117
-0.526,0.2792624144301904
-0.524,0.27755928173040945
-0.522,0.2827532569926101
-0.52,0.2803969255948404
-0.518,0.2788916773226084
-0.516,0.2834567588349356
-0.514,0.27888884643287576
-0.512,0.2844379799186285
-0.51,0.28191011556707046
-0.508,0.28395268633180404
-0.506,0.286134701208866
-0.504,0.279889077237132
-0.502,0.2880693619782195
-0.5,0.28306320984415567
-0.498,0.28408150360371137
-0.496,0.28741484171957155
-0.494,0.28520233602277745
-0.492,0.2904746627457765
-0.49,0.28464724241480743
-0.488,0.28684470288193786
-0.486,0.2846248989850124
-0.484,0.2879249850508362
-0.482,0.28882557237979145
-0.48,0.290137316767405
-0.478,0.2884718317685853
-0.476,0.28718945162498355
-0.474,0.29303061223162896
-0.472,0.28601936540658784
-0.47,0.2874341419535441
-0.468,0.294480325486561
-0.466,0.2897842110127531
-0.464,0.2858124180404387
-0.462,0.28867868967610205
-0.46,0.2853343865862877
-0.458,0.2905492220729513
-0.456,0.2876062420895663
-0.454,0.29331611989903017
-0.452,0.29204364258951615
-0.45,0.29285022939699185
-0.448,0.2896994498945875
-0.446,0.292258623475681
-0.444,0.29924151527216125
-0.442,0.2908080666978821
-0.44,0.28945092287000135
-0.438,0.29665611986706975
-0.436,0.29477062884070676
-0.434,0.2897318173844772
-0.432,0.2917873959371164
-0.43,0.2936851623442999
-0.428,0.29723503700472603
-0.426,0.2924119287632436
-0.424,0.2944693487774282
-0.422,0.2923951010750214
-0.42,0.29372677853532236
-0.418,0.29596070556541104
-0.416,0.2976021276723413
-0.414,0.2929272573409069
-0.412,0.2994693218729739
-0.41,0.29769360507694326
-0.408,0.29397165554404825
-0.406,0.2977638596833954
-0.404,0.2934786511494045
-0.402,0.29551599762297204
-0.4,0.2992748953918653
-0.398,0.301515862058389
-0.396,0.2946422762883542
-0.394,0.304156744077477
-0.392,0.29790598966456877
-0.39,0.2994608710617616
-0.388,0.29565980023616717
-0.386,0.3010125637721749
-0.384,0.2934940589568517
-0.382,0.2990900803696517
-0.38,0.3014257986536561
-0.378,0.30348599994910336
-0.376,0.29772875955841144
-0.374,0.3006660640598755
-0.372,0.2967644193798578
-0.37,0.3056009268806553
-0.368,0.29914023157963854
-0.366,0.3009728739995331
-0.364,0.3021560108559498
-0.362,0.3039431184017143
-0.36,0.3050963777916336
-0.358,0.30575155340980675
-0.356,0.3041692784441087
-0.354,0.3010413149953335
-0.352,0.30597542295986013
-0.35,0.3043961470256068
-0.348,0.30150698789158403
-0.346,0.30604835710269174
-0.344,0.3062046547858257
-0.342,0.30940438904355794
-0.34,0.3065526096916792
-0.338,0.2988730628030176
-0.336,0.30161676511776175
-0.334,0.3048924848592817
-0.332,0.3046536932070808
-0.33,0.30398853031127687
-0.328,0.3090438565584855
-0.326,0.31137299061553914
-0.324,0.30953122708626285
-0.322,0.3100032964193728
-0.32,0.3062827814939059
-0.318,0.30866624291608225
-0.316,0.3067953693958835
-0.314,0.30677324460758487
-0.312,0.30830961124659545
-0.31,0.3083153666481469
-0.308,0.30604477506884137
-0.306,0.3063818983499616
-0.304,0.3085951273600246
-0.302,0.3081173517091793
-0.3,0.3132388187066813
-0.298,0.31185205671105515
-0.296,0.31289386751990794
-0.294,0.31303740634442034
-0.292,0.30814854453323043
-0.29,0.3115289152394394
-0.288,0.312330046210094
-0.286,0.3144165070649034
-0.284,0.3103073051013043
-0.282,0.31628980080415287
-0.28,0.3119933275276884
-0.278,0.3130347049132166
-0.276,0.312559886677832
-0.274,0.3167782100241113
-0.272,0.3177665432845618
-0.27,0.3099290162461481
-0.268,0.31146070712361473
-0.266,0.31760181306149593
-0.264,0.31497023834980653
-0.262,0.31227641626195124
-0.26,0.31782318171491514
-0.258,0.3139601130493303
-0.256,0.31917157670521623
-0.254,0.31660951427663037
-0.252,0.3137530232610128
-0.25,0.32166907889226604
-0.248,0.31718471770413037
-0.246,0.3130670450011597
-0.244,0.3161135498210537
-0.242,0.31530069948945577
-0.24,0.3189426100144413
-0.238,0.3132345458037535
-0.236,0.3197071881565178
-0.234,0.31648657794431
-0.232,0.3191698396630393
-0.23,0.32267941417974455
-0.228,0.3237513869656198
-0.226,0.32641861340207073
-0.224,0.3152506684882105
-0.222,0.3209011593016526
-0.22,0.3222407998553911
-0.218,0.3256314457264782
-0.216,0.31824543459199073
-0.214,0.3237476013322988
-0.212,0.32527553730701103
-0.21,0.3233867219168175
-0.208,0.3236002107327364
-0.206,0.323649136501956
-0.204,0.32457282193624404
-0.202,0.3231469889238332
-0.2,0.32759563251906976
-0.198,0.3258280825624604
-0.196,0.3279940458206113
-0.194,0.32289685366541976
-0.192,0.326617100459597
-0.19,0.3255623032412636
-0.188,0.32540214862303496
-0.186,0.3261817797033064
-0.184,0.3294868133538759
-0.182,0.32578332674678917
-0.18,0.3224050049232931
-0.178,0.3264198259739023
-0.176,0.3310691805665189
-0.174,0.3276800281323373
-0.172,0.32957130434842147
-0.17,0.3288983419136036
-0.168,0.3372229057272535
-0.166,0.3284483941964127
-0.164,0.3241373976839501
-0.162,0.33007979587198566
-0.16,0.32821848199889087
-0.158,0.335754653424323
-0.156,0.33277537983230004
-0.154,0.3354727977198736
-0.152,0.3272403040183612
-0.15,0.3278221311860527
-0.148,0.33450692960897044
-0.146,0.3349455172340149
-0.144,0.3357274337940298
-0.142,0.33263711270624713
-0.14,0.3311087310832816
-0.138,0.33109754112555867
-0.136,0.3330257409935913
-0.134,0.3303056122159862
-0.132,0.33513013284018667
-0.13,0.33380604341203607
-0.128,0.32800033474536433
-0.126,0.3326438076647545
-0.124,0.3403447610806766
-0.122,0.3316961323245271
-0.12,0.33493147912522436
-0.118,0.33428306397212193
-0.116,0.332230488627831
-0.114,0.3375248881572941
-0.112,0.33746661767570957
-0.11,0.33532519454466725
-0.108,0.34078507078656156
-0.106,0.34085183180219375
-0.104,0.3437635631022303
-0.102,0.33603185017931453
-0.1,0.34327758611267034
-0.098,0.34419638863933655
-0.096,0.33635430376642006
-0.094,0.33566382663829825
-0.092,0.34655337791523816
-0.09,0.3431548928126743
-0.088,0.33011803602710077
-0.086,0.33650704427493117
-0.084,0.3412210604399023
-0.082,0.3358338116317044
-0.08,0.34183952776327864
-0.078,0.34465283047704515
-0.076,0.3478623304018116
-0.074,0.34530828520393275
-0.072,0.33951239271468847
-0.07,0.3443170967543937
-0.068,0.34276806688095635
-0.066,0.3411002657365531
-0.064,0.34067594454441
-0.062,0.34313960503813534
-0.06,0.3462887530656027
-0.058,0.34328873674173394
-0.056,0.3409269282072126
-0.054,0.3502880674909213
-0.052,0.3467464626825607
-0.05,0.34535864300861546
-0.048,0.3482770507385719
-0.046,0.3432458753685332
-0.044,0.34541783548671773
-0.042,0.3498889866537902
-0.04,0.3561952584986493
-0.038,0.3510941824433044
-0.036,0.3450961872626316
-0.034,0.3437354572308257
-0.032,0.3464879595521924
-0.03,0.3495912306897331
-0.028,0.3487216274880898
-0.026,0.3489935315952379
-0.024,0.3502084530586653
-0.022,0.343854939031129
-0.02,0.3496107465066365
-0.018,0.34946526735775846
-0.016,0.35407965254456825
-0.014,0.35700389468399857
-0.012,0.3557129162539894
-0.01,0.35146540907052765
-0.008,0.35350138693916205
-0.006,0.35790229827612907
-0.004,0.35141920589005765
-0.002,0.35055114629609896
0.0,0.3566160640115842
0.002,0.35930404748851436
0.004,0.3507025263489106
0.006,0.35654240653036373
0.008,0.354696013663419
0.01,0.35656384784093986
0.012,0.359191309546226
0.014,0.3598714771721823
0.016,0.3489732559906855
0.018,0.3570588942038202
0.02,0.3570025609659547
0.022,0.3643795913836196
0.024,0.35971347811936816
0.026,0.35698513615199523
0.028,0.3550415221640842
0.03,0.357084463563286
0.032,0.35402925093121423
0.034,0.35764093974533695
0.036,0.3614685697691223
0.038,0.35992818437819
0.04,0.356549271873641
0.042,0.3628433847454795
0.044,0.356881653722105
0.046,0.35893418554148826
0.048,0.3659368591727015
0.05,0.3611460994886427
0.052,0.3587514445520843
0.054,0.36378436780197443
0.056,0.35778010527602117
0.058,0.3633244986235314
0.06,0.3599116693373189
0.062,0.3561440516831968
0.064,0.3536907812924932
0.066,0.3679304529141293
0.068,0.3674405514694417
0.07,0.3674825229909343
0.072,0.36660921378145456
0.074,0.36736054172339405
0.076,0.35967195071684455
0.078,0.3616479986790214
0.08,0.364653196707937
0.082,0.3594271286743718
0.084,0.36672002290822475
0.086,0.36271704577504554
0.088,0.36645255384441133
0.09,0.3666590737888655
0.092,0.36750381398062504
0.094,0.3703569674712118
0.096,0.36822280994169737
0.098,0.3647657804102428
0.1,0.36602120503019675
0.102,0.3688850703977509
0.104,0.3672254456431647
0.106,0.3671394298877475
0.108,0.37178719853700876
0.11,0.36976038679894424
0.112,0.3699627737501263
0.114,0.36883435708784507
0.116,0.3685887516395771
0.118,0.37707741747952594
0.12,0.37010466079465637
0.122,0.3736200102826814
0.124,0.3704927048873983
0.126,0.3734120245107476
0.128,0.37060618625416347
0.13,0.3726302963307842
0.132,0.3700046849977697
0.134,0.36744730942565296
0.136,0.3722823782020882
0.138,0.38849537493043873
0.14,0.3736667196997729
0.142,0.3785657466604213
0.144,0.37448991273171517
0.146,0.3740014446533638
0.148,0.37711210564609005
0.15,0.375622165013349
0.152,0.3747002498115814
0.154,0.37545609151206105
0.156,0.38181728479840044
0.158,0.37979918131568946
0.16,0.37331862446478237
0.162,0.38559806574931377
0.164,0.37646231606471564
0.166,0.38542144152413477
0.168,0.37406438169510353
0.17,0.37974589983626295
0.172,0.3830879077814779
0.174,0.38462498139496143
0.176,0.380317930393065
0.178,0.385931986454604
0.18,0.38109463431389184
0.182,0.3882335744721355
0.184,0.3838944427245772
0.186,0.3848915826612656
0.188,0.3798394704492642
0.19,0.3866287528695428
0.192,0.3866669601749262
0.194,0.37958049326535936
0.196,0.3888147194909777
0.198,0.39000606881338745
0.2,0.3843866541241086
0.202,0.380374800315036
0.204,0.3859593003104133
0.206,0.3873021471712294
0.208,0.3879676770630077
0.21,0.39059450098564596
0.212,0.38451309045498483
0.214,0.38129930127883266
0.216,0.38923969586535984
0.218,0.39353866742826943
0.22,0.387947462018248
0.222,0.3892641690423577
0.224,0.39409087055481534
0.226,0.38369575864900995
0.228,0.39262903340542554
0.23,0.3921650379360573
0.232,0.3899853573075952
0.234,0.38832485607996764
0.236,0.392754691020473
0.238,0.3875411439773963
0.24,0.3906258271840292
0.242,0.3847682830471188
0.244,0.38248919321752034
0.246,0.39021475532899186
0.248,0.40076547361498954
0.25,0.38504129104778806
0.252,0.3960880199830709
0.254,0.3948124269806559
0.256,0.39443132557781563
0.258,0.39329476021583154
0.26,0.39278967279086563
0.262,0.39413306232566914
0.264,0.3960437582896485
0.266,0.3983480856481197
0.268,0.40044502559952
0.27,0.3926965181933582
0.272,0.4046752405581965
0.274,0.3961257166611918
0.276,0.39793105989529726
0.278,0.3944265300732027
0.28,0.3939793135431801
0.282,0.40423528103301554
0.284,0.4054138149014602
0.286,0.3988396463486649
0.288,0.4021137818847647
0.29,0.4000182930613899
0.292,0.39638889580781683
0.294,0.4013248472784519
0.296,0.3979590854619527
0.298,0.39901446561972503
0.3,0.40314405844113704
0.302,0.4096452725383234
0.304,0.39926902976561734
0.306,0.4004941248601467
0.308,0.4017002138508875
0.31,0.4116548660102117
0.312,0.39918583109300465
0.314,0.4083159474657561
0.316,0.40469759884203926
0.318,0.40658549990074716
0.32,0.4037612346493948
0.322,0.4143972741211508
0.324,0.41970500436399477
0.326,0.4101489196583167
0.328,0.40834332202924933
0.33,0.40988706198834596
0.332,0.41243830249793634
0.334,0.4057522456675205
0.336,0.41514218578702605
0.338,0.4128939087023373
0.34,0.4052077698421463
0.342,0.41321151090659364
0.344,0.4044673724432673
0.346,0.40946893364270726
0.348,0.41031658730833614
0.35,0.4110983263781518
0.352,0.4157646141384881
0.354,0.4108917759734203
0.356,0.41106644487258254
0.358,0.4117873763299411
0.36,0.41133761323031576
0.362,0.41210168560275606
0.364,0.4207186959943483
0.366,0.42195257258778773
0.368,0.4159357432692941
0.37,0.41046653551340573
0.372,0.40500094965636135
0.374,0.4209910654434451
0.376,0.4234276660559557
0.378,0.4138247317015995
0.38,0.41368546889102475
0.382,0.42193711212599394
0.384,0.4190364865743678
0.386,0.42613104030944626
0.388,0.42059008081112104
0.39,0.425002952967514
0.392,0.4191126107023373
0.394,0.41960030885127253
0.396,0.42194613132330194
0.398,0.422846794726479
0.4,0.42042319289439123
0.402,0.42060806365602044
0.404,0.414405047036319
0.406,0.4250164509549245
0.408,0.4210438647972996
0.41,0.41709698840367626
0.412,0.42513002401674077
0.414,0.42158470586204083
0.416,0.4308021352774702
0.418,0.43165571198056946
0.42,0.42338660123502947
0.422,0.42940711942652415
0.424,0.426725361023853
0.426,0.428949461048305
0.428,0.4273191661769244
0.43,0.4215853695790903
0.432,0.4198743628370107
0.434,0.42786859533585203
0.436,0.42543754269924616
0.438,0.4287679688329937
0.44,0.421186894094897
0.442,0.4267780703041394
0.444,0.42898616752636204
0.446,0.4306404540875485
0.448,0.4390120713106039
0.45,0.4333740166326519
0.452,0.4340742584390465
0.454,0.4342902052895949
0.456,0.43176721157179004
0.458,0.429102691366217
0.46,0.4387548548326871
0.462,0.4274873777789057
0.464,0.41863923034264433
0.466,0.43189826162843425
0.468,0.43433274213029577
0.47,0.43441674181442813
0.472,0.4321822585495068
0.474,0.43231088507650683
0.476,0.4343044045648821
0.478,0.4445473563837716
0.48,0.4382069688473257
0.482,0.4368413705925193
0.484,0.429553694380454
0.486,0.4362695331038004
0.488,0.4416080123914504
0.49,0.44079419912284135
0.492,0.43446497070973866
0.494,0.44134534145753046
0.496,0.4311642960468908
0.498,0.4381547245813928
0.5,0.4388609376304523
0.502,0.4392309248836321
0.504,0.443897230932306
0.506,0.44052418320643594
0.508,0.44040443378592425
0.51,0.43617335306855076
0.512,0.43846484044422274
0.514,0.4389212927211652
0.516,0.44290742998810895
0.518,0.44168484184678736
0.52,0.45034015410065525
0.522,0.4526516078472869
0.524,0.4328138942614549
0.526,0.44811017688680543
0.528,0.45741218849646526
0.53,0.44370395490759135
0.532,0.45428754531501364
0.534,0.4489250716629358
0.536,0.43865106590399006
0.538,0.44120030538065635
0.54,0.45546523749530904
0.542,0.45608876625490924
0.544,0.4495741884094397
0.546,0.4447543819988169
0.548,0.45368475264814984
0.55,0.4562021827706345
0.552,0.44400810557938386
0.554,0.4577546876366643
0.556,0.45653014235561407
0.558,0.4476328139478643
0.56,0.4593595867555878
0.562,0.44950925956451904
0.564,0.4470313801496386
0.566,0.456980291143768
0.568,0.455862138651629
0.57,0.45976890378035795
0.572,0.44793914281898567
0.574,0.45629501895559604
0.576,0.4597060092099529
0.578,0.4508112126971108
0.58,0.45063375415054635
0.582,0.45957790652724334
0.584,0.4491215363940182
0.586,0.4579678222294881
0.588,0.46121976165310175
0.59,0.4557456686525978
0.592,0.45902266166665107
0.594,0.4552687295714861
0.596,0.45702293081834483
0.598,0.4638465064751923
0.6,0.456150590102105
0.602,0.4610645926738761
0.604,0.4658665236899314
0.606,0.46290777664805677
0.608,0.473860837774463
0.61,0.45687776340736447
0.612,0.4663924343713718
0.614,0.45326758268301814
0.616,0.4683040077743452
0.618,0.4722715451915622
0.62,0.47414794740136024
0.622,0.4580786476051214
0.624,0.4601986972307717
0.626,0.4646515210393306
0.628,0.46765921996871757
0.63,0.4589848491922227
0.632,0.4588143730181133
0.634,0.4642576457274718
0.636,0.4693619103118387
0.638,0.47267137390082964
0.64,0.46522704468495035
0.642,0.4662767377512994
0.644,0.47433507312030415
0.646,0.4688148687222193
0.648,0.47321644504211946
0.65,0.4692710627011736
0.652,0.4689350773643502
0.654,0.4730485402766782
0.656,0.4656986045083976
0.658,0.47599675555073434
0.66,0.47645816832777027
0.662,0.47494151313400457
0.664,0.4750599798943347
0.666,0.4722598117349569
0.668,0.4729059177988034
0.67,0.4776444737752866
0.672,0.4810525316046543
0.674,0.47985380498178565
0.676,0.4785344452509934
0.678,0.4779193197157235
0.68,0.47525985212326977
0.682,0.4733160130088869
0.684,0.47928646839264893
0.686,0.4743495366313715
0.688,0.4781565112420946
0.69,0.4838288500252508
0.692,0.4803985923363552
0.694,0.4845683831752874
0.696,0.4766131261275016
0.698,0.47972315465731724
0.7,0.49036665701951776
0.702,0.49093452404491916
0.704,0.4863480935199914
0.706,0.4752843808438767
0.708,0.48049942947046714
0.71,0.4889291196902031
0.712,0.4833007752996436
0.714,0.48425785213949163
0.716,0.4854897760296613
0.718,0.49610013524447794
0.72,0.48114326915126543
0.722,0.48983569180195957
0.724,0.48027694357107353
0.726,0.4854775980920236
0.728,0.4926195837732119
0.73,0.48846494827050313
0.732,0.5010331914182784
0.734,0.48771916286876077
0.736,0.4834110630931232
0.738,0.4894088619421903
0.74,0.4966407105388955
0.742,0.49060946830944213
0.744,0.4926200376792334
0.746,0.4889483141837592
0.748,0.4961487853020252
0.75,0.49353944810835365
0.752,0.4903150870644722
0.754,0.49226877573760564
0.756,0.49082134989521337
0.758,0.4957082136027671
0.76,0.49200679066678377
0.762,0.4908429921248895
0.764,0.4931020692257768
0.766,0.5074867005223592
0.768,0.5011582050114626
0.77,0.4930624782803724
0.772,0.5105625398829117
0.774,0.494945108077185
0.776,0.5015889744028286
0.778,0.49242245209331204
0.78,0.4981569490499997
0.782,0.5017680493661005
0.784,0.4981351785597938
0.786,0.49939974916623114
0.788,0.5082611828354351
0.79,0.506301650853118
0.792,0.5012380427420706
0.794,0.504447682737299
0.796,0.5121048520564628
0.798,0.5091546926748566
0.8,0.509886742167061
0.802,0.5082385615889407
0.804,0.5017208963117916
0.806,0.5056276005139629
0.808,0.5119152513757378
0.81,0.515359507094535
0.812,0.5063433978850747
0.814,0.5112953319154349
0.816,0.5085217833494887
0.818,0.5127560427149164
0.82,0.5096821908274023
0.822,0.5098667447323064
0.824,0.509746869761397
0.826,0.5065499033210651
0.828,0.5086278833084692
0.83,0.5219485709556261
0.832,0.5097915149963401
0.834,0.5126951186264312
0.836,0.5075596101084522
0.838,0.5129907826561999
0.84,0.5183060138010775
0.842,0.5140080435253781
0.844,0.5124431089004687
0.846,0.5093489098200444
0.848,0.517817868167423
0.85,0.5147193805886793
0.852,0.5158502028546612
0.854,0.5109359838434047
0.856,0.5166730018454398
0.858,0.5213684890106615
0.86,0.5185776121518716
0.862,0.5147418191925583
0.864,0.5099740412509397
0.866,0.5210234964551487
0.868,0.5246697700372882
0.87,0.5173758746198829
0.872,0.5248155315266707
0.874,0.5250845868598577
0.876,0.5232240453220599
0.878,0.5152561551339209
0.88,0.5158610143091756
0.882,0.5316176496295741
0.884,0.5292197540986896
0.886,0.5138305563652579
0.888,0.5321418806381178
0.89,0.5300782664191653
0.892,0.5238348593063141
0.894,0.5247625737812173
0.896,0.5369817716273095
0.898,0.5239413670652125
0.9,0.5310296158704662
0.902,0.5342611993921413
0.904,0.5220477067168792
0.906,0.5288031713290196
0.908,0.5288891643166
0.91,0.5315374097563921
0.912,0.5316388801270154
0.914,0.5355655664504985
0.916,0.5378214751324795
0.918,0.5411109968123192
0.92,0.5291371050017564
0.922,0.5344608840363996
0.924,0.5339152753116516
0.926,0.5476654528063273
0.928,0.543155723565106
0.93,0.533867075179408
0.932,0.5493799228611159
0.934,0.539171533162526
0.936,0.5448962720923475
0.938,0.5359556591847547
0.94,0.5475783544298847
0.942,0.5349611205084079
0.944,0.5368466674931631
0.946,0.539517692519233
0.948,0.537666907415196
0.95,0.5382608835419784
0.952,0.5455637333841002
0.954,0.5419125171441379
0.956,0.5443584318036443
0.958,0.5486706892266628
0.96,0.5396077200071173
0.962,0.5416539422232464
0.964,0.5540533908119304
0.966,0.5514167221077084
0.968,0.5497133471842057
0.97,0.5431322301377765
0.972,0.5583364308376538
0.974,0.5432837768238322
0.976,0.5438600813540813
0.978,0.5458183892246657
0.98,0.5506922189565239
0.982,0.5432733157363009
0.984,0.5486099684906067
0.986,0.5499825147434483
0.988,0.5496350866016434
0.99,0.558485936328699
0.992,0.5546333579297815
0.994,0.5480972984987107
0.996,0.5556908759219674
0.998,0.5511287579940685
1.0,0.5455533242947034
