-1.0,0.5605206895813929,0.8667593073394433,0.625858349217298,0.18034931698715903
-0.998,0.5638411461247337,0.861282961487135,0.6136511249790916,0.18226956598300253
-0.996,0.5617397840069303,0.872681765849253,0.6246259986264566,0.17912119962918022
-0.994,0.571943411592549,0.8486593697095549,0.6230878427633952,0.17787981744557482
-0.992,0.5693071560360543,0.8621505152261251,0.6435451157655729,0.17943299529334528
-0.99,0.5687904726062089,0.8455182180298871,0.6212460584955676,0.17928479896882882
-0.988,0.5653734077239345,0.8534752372324683,0.6226377310013878,0.176263845463537
-0.986,0.5683545484603699,0.8469867962523474,0.6309448060958815,0.1799200417658286
-0.984,0.56847542366221,0.8479897175985596,0.6298721823794846,0.17951861032254487
-0.982,0.5671493853832276,0.8752754773505006,0.6290359418853488,0.17842065438682397
-0.98,0.5625470469270268,0.8541090329750133,0.6210481473642161,0.176761591232025
-0.978,0.5577828737310893,0.8442417250820019,0.6257976163555681,0.17528329181691257
-0.976,0.545729483401724,0.871430997966355,0.6295986156277756,0.1746463753194985
-0.974,0.5668569696767326,0.849853960153324,0.6196287438262891,0.17701980263707928
-0.972,0.5490967015199006,0.8571411030994958,0.6208940224974118,0.17613042868824877
-0.97,0.5602531139170019,0.8549858216984871,0.6264115055699675,0.1721860274926078
-0.968,0.5437151384454553,0.8471146391481279,0.6238064582398339,0.17550056315535695
-0.966,0.5558076734993567,0.8527801968328285,0.6424021472212355,0.17450183132302122
-0.964,0.5523348274914699,0.8498194377516468,0.6274031899896196,0.17175047318373982
-0.962,0.5548156011910624,0.8429660655550384,0.6342293292311247,0.16999447374514665
-0.96,0.5501931934062989,0.831045565075866,0.628865782210709,0.1751145914680652
-0.958,0.5572730727699537,0.8537250414715856,0.6235244790305796,0.17305385891968783
-0.956,0.545183192591289,0.8350579219512927,0.6158000116186529,0.17200138366343243
-0.954,0.5545406608483281,0.8416506948414806,0.6392788443000337,0.1701433517930129
-0.952,0.5426279015866442,0.8146478236664244,0.6294804313709207,0.17259238107265013
-0.95,0.5434339314945473,0.8415353410432509,0.6365661298428947,0.16893067468043443
-0.948,0.5401561583478754,0.8161734897456745,0.6217940787024343,0.17048533574600283
-0.946,0.5449830939296967,0.8303993089308002,0.6201759026623348,0.16997449613880786
-0.944,0.5450399931544547,0.8366028613963207,0.6247700425017793,0.17328952483668833
-0.942,0.5406772272710111,0.828866196908037,0.6252028935085304,0.16939044100706477
-0.94,0.5484017397639677,0.8243211180893995,0.6334931456686256,0.16898234298378143
-0.938,0.5395990845717744,0.8191710767505035,0.6277000588276357,0.1668976882264323
-0.936,0.5265861507881978,0.8152317323797393,0.6248363765987129,0.16520739228826067
-0.934,0.5329860234427488,0.8069031699294841,0.6220904546559581,0.16902339299715502
-0.932,0.5396545200444084,0.8101621465536408,0.6303867620097517,0.16931057489454585
-0.93,0.5452071929910153,0.8202825984216685,0.6277186532827121,0.16805493971234678
-0.928,0.5310637762587691,0.8043670155152786,0.6302803118420457,0.16601438998961693
-0.926,0.5420153770884961,0.8123044302269431,0.6137765868572764,0.16620912160649767
-0.924,0.5422498262429798,0.8125563226598441,0.6244176635994466,0.1683519432220985
-0.922,0.5275047663574153,0.8090418994110508,0.6241586193980158,0.16357415875605036
-0.92,0.5349724278348184,0.8133569382978952,0.6282409891171299,0.1648828057955773
-0.918,0.5300287467168154,0.8028662358193878,0.6248477901945074,0.16710031779081339
-0.916,0.5418623900782131,0.7980083048816211,0.6178290512368501,0.16300021234816553
-0.914,0.5345057331718828,0.8027416397086331,0.636013119304795,0.1670725045850429
-0.912,0.52411709169609,0.7962360141657581,0.6200576980324852,0.16667789641817543
-0.91,0.5430314943210205,0.7884681303323704,0.6288571612564581,0.16690039887106076
-0.908,0.5240498317858339,0.8010175342159345,0.6259202725720125,0.16471104168315018
-0.906,0.5295309125153891,0.8034908444531784,0.6088073677976482,0.1621847111997148
-0.904,0.528383440866766,0.7914207314493694,0.63425005232956,0.16958309520640844
-0.902,0.5287977288096913,0.795618230087372,0.6328668140542744,0.16223715689619822
-0.9,0.5276282186525517,0.7936877316336347,0.6235892102209313,0.16442529848619789
-0.898,0.5204033249766576,0.8010189132453938,0.6246293231683783,0.16163271880087832
-0.896,0.5314309273568174,0.7723118882098539,0.612462011112951,0.16181175785236354
-0.894,0.5259635893004787,0.7944258141033926,0.625769336849938,0.1633136390747786
-0.892,0.5182064769041053,0.7882243235362456,0.6250131191180034,0.16456582976675269
-0.89,0.5245466797716576,0.7960270339958317,0.616923092390172,0.1630347222359524
-0.888,0.5242041662194606,0.7730715643341793,0.6234610251815689,0.16306757843005143
-0.886,0.5228079889131416,0.8018938457547232,0.6348589206274131,0.1608764339699015
-0.884,0.5261994379391858,0.7739803800420405,0.6219274350789806,0.16046637479932527
-0.882,0.5201579266021441,0.7562799116327893,0.6226632292796666,0.1601541213547966
-0.88,0.5125029529103858,0.7757660688030308,0.6299663882525397,0.15882877378536425
-0.878,0.5134824014904027,0.7779649460030587,0.6315264053165479,0.1601431390591648
-0.876,0.503353095713159,0.7812628412397277,0.6289162292649396,0.15740866364828024
-0.874,0.5122265232357334,0.7829664775863159,0.6224650485806942,0.15611117117402928
-0.872,0.5090330426068373,0.7679865394022525,0.627918890906712,0.15819964390843122
-0.87,0.5067830650030075,0.7647849963696203,0.618365423254138,0.1583051230013732
-0.868,0.5127176627192658,0.7580805346033493,0.6200385652464049,0.1537009487763258
-0.866,0.5086166591492386,0.7561459817559107,0.6187705961002742,0.157528660973314
-0.864,0.5059402747333437,0.7544492021350832,0.614018365837536,0.15876347778651048
-0.862,0.5087357609603853,0.7639740972247113,0.6210904028257259,0.1539784750053722
-0.86,0.5064047021903643,0.7765484786412263,0.6237409404588677,0.15921950344155472
-0.858,0.5172077308385734,0.7605257079147003,0.6195620380757517,0.15228524344919514
-0.856,0.5100733102339895,0.751506633873384,0.6211108092145711,0.1546600554109345
-0.854,0.49979528229062586,0.7683311977961782,0.6196290941271831,0.15445311221058153
-0.852,0.5144639898817918,0.7404422172675371,0.6307840646027819,0.15760986105902614
-0.85,0.5072242265609063,0.7635942740616237,0.6343923974539623,0.15623410711428243
-0.848,0.49966302799936324,0.7420690816279197,0.6272535751069207,0.15266005340934918
-0.846,0.503949091269092,0.7572986591407171,0.6387754254064569,0.15282817448495903
-0.844,0.5000159193141145,0.7457245039451876,0.6251366084745167,0.15455535293034514
-0.842,0.49966576577388233,0.7591762049871962,0.6225896552149164,0.15622112009884953
-0.84,0.5066241950002417,0.7552652497202568,0.6394220520773559,0.1533348156094967
-0.838,0.5000075899021325,0.7606701800612251,0.6194730769727042,0.15252452735084737
-0.836,0.502930208822441,0.7403852671375595,0.6255739885038809,0.15292854385326876
-0.834,0.49446717441326105,0.7370572111552741,0.6313411617929278,0.15172380348712272
-0.832,0.4986441172555132,0.7587962921265631,0.6308766660031274,0.15262946210277806
-0.83,0.5026147590434167,0.734705928117427,0.6165411500924948,0.15225870020635623
-0.828,0.5024197026971604,0.7402253472033805,0.6276442860834868,0.15172891015498197
-0.826,0.49491509491802366,0.748786891305977,0.6242151204553888,0.15120925139831828
-0.824,0.4947655503748371,0.7304910427568657,0.6158828181392317,0.15156977145776718
-0.822,0.49832135446617043,0.750574236965782,0.6329328603137416,0.15349949119583522
-0.82,0.49658981854889456,0.72918272794339,0.6298268186393621,0.15072569015931256
-0.818,0.4835089929817503,0.7323719725541482,0.6253045259376664,0.15021613159521638
-0.816,0.4970108847938361,0.7248145345716418,0.6280800557180586,0.15223105228796338
-0.814,0.4973969219962543,0.7304764544030043,0.6143140838499672,0.15126230784789563
-0.812,0.48385342677909254,0.7440137230129127,0.6292138950987949,0.15004046755022993
-0.81,0.4999414845026107,0.7240711836252397,0.6235745117291858,0.14922335382303678
-0.808,0.49279979854444744,0.7328297160342032,0.6309410201252146,0.14752565285992272
-0.806,0.48857404569089,0.7318897966677553,0.6200523976517763,0.14906735803771196
-0.804,0.4951858839842003,0.7278095343056625,0.6312623546050451,0.1483783638701222
-0.802,0.49401147820080915,0.7243410191094333,0.6239384594319751,0.14764053434684649
-0.8,0.49438863970075486,0.72188523947029,0.6236116197682287,0.1457227234517876
-0.798,0.48615542325384714,0.7267664286016191,0.6241183800321909,0.14900472384964497
-0.796,0.49077091036868903,0.7098518339569418,0.6242353045908934,0.1472290520543401
-0.794,0.4904115021182368,0.7053420427233497,0.6258659639572297,0.14931791349930434
-0.792,0.4799700480116828,0.7334242000747303,0.6274998839195953,0.14590967197136046
-0.79,0.4817357469457274,0.7215228527094284,0.6198403265855391,0.1459445795245356
-0.788,0.4828774455640422,0.7145788177029354,0.6388584041117557,0.1457657354218385
-0.786,0.4766967331556622,0.7202198245763921,0.6227762476438937,0.14508485913461458
-0.784,0.4843999756294399,0.7300263113035892,0.6257770135528089,0.1439913603590209
-0.782,0.4825996512617033,0.7085615248537025,0.631181886491021,0.14601956461499513
-0.78,0.4769839412622348,0.7099225318331561,0.6215484903150881,0.14564304142579676
-0.778,0.4769763058045003,0.6977388137682558,0.6313713883783991,0.1441040198084641
-0.776,0.4775910103627291,0.7067853323213165,0.6145463065037863,0.14357495936821105
-0.774,0.47126974080513867,0.7049867506715995,0.6225443257067665,0.14739327237542976
-0.772,0.46543428050374935,0.7040769819859343,0.6214985749072623,0.14391569362721024
-0.77,0.4781000412895551,0.6909791242916874,0.626604737631594,0.1452570262159391
-0.768,0.4728175960306829,0.7024134927056337,0.6188659716498414,0.1428289032582047
-0.766,0.4666673319245883,0.6992223587525749,0.6281912758707272,0.1412413533500273
-0.764,0.47307885078355283,0.7134700210278749,0.6357507410758438,0.1433967544190196
-0.762,0.4713062297254753,0.6823826916828426,0.6278769239651322,0.14394138448991783
-0.76,0.4619505100564095,0.7020364058688681,0.6304332712669759,0.14266415370363125
-0.758,0.47057436581846185,0.7076258586389937,0.6191296659827211,0.14104098188457653
-0.756,0.4654144501642102,0.6872042453875881,0.6272073708391337,0.1430842402478301
-0.754,0.47209225207952427,0.6973068376176952,0.6255620220553227,0.14082650967405513
-0.752,0.47142495508167687,0.6844874795111476,0.6264594781268258,0.1406946676841514
-0.75,0.4667312998719019,0.6911179925630468,0.6197415400045777,0.14230760654778263
-0.748,0.4734043830249436,0.6880243442351972,0.6264130147970373,0.1411193284736036
-0.746,0.4651505514860956,0.6938330380517008,0.6204099309652638,0.14324982053317079
-0.744,0.4644834943201082,0.6862040576862506,0.6245028971704268,0.1404925921970034
-0.742,0.46770486816034085,0.6982583679330788,0.6262160988913761,0.1411112613759575
-0.74,0.4706900002202347,0.6896173456053449,0.6258224732993715,0.1402923187722194
-0.738,0.46023130327881173,0.6869278036844461,0.6258888080178326,0.1397327598971585
-0.736,0.46027031237792415,0.6836167159349384,0.6329413543143518,0.1405824806038645
-0.734,0.454139994426963,0.6810318433523381,0.6205567207181759,0.14027692527374533
-0.732,0.44951456292415204,0.6647689667009195,0.6320719033645129,0.1386091811478127
-0.73,0.4552821147579693,0.6784008047963516,0.6225161996565425,0.14047669372593535
-0.728,0.46461890836252445,0.6821646158945482,0.6213289521256651,0.13841124189815018
-0.726,0.45891106179136454,0.6721896244013518,0.6373882758558009,0.1395092977682659
-0.724,0.4574609527427098,0.6854269114652861,0.6229171618372019,0.13735868186280822
-0.722,0.4678086870159697,0.6746016096099793,0.6276007909630553,0.13918467512652877
-0.72,0.46252053296695633,0.6840335684527813,0.6261686065278068,0.13876930352191877
-0.718,0.4600734789683587,0.6651301633972706,0.6257898857910729,0.1378324400659929
-0.716,0.46086851188252953,0.674871175774034,0.6219556898203773,0.13652516484842628
-0.714,0.45764172345733806,0.6695677789801037,0.6179551664042765,0.1368049491808786
-0.712,0.44169168818513077,0.6562731200250772,0.6247724335900904,0.13509131463781213
-0.71,0.44648807370961985,0.6652129825966671,0.623754882048411,0.13708022512148213
-0.708,0.46100325358449423,0.6664437373391064,0.6351294715954269,0.1363895360093266
-0.706,0.44970492278054414,0.6681640074287295,0.6368778957907233,0.13482020105079004
-0.704,0.4606236004573801,0.6643846394355111,0.6200023243947942,0.13526238803136897
-0.702,0.4589432128580526,0.6681587757764488,0.6252754080611878,0.13583156628245177
-0.7,0.4503157502504765,0.659846870152077,0.6354928404643279,0.13693675168607677
-0.698,0.45055545390682106,0.6636088523025382,0.627273000644783,0.13289367782689246
-0.696,0.4477549320177776,0.6586037741596762,0.6306055311996686,0.13543569590569418
-0.694,0.4505865565804045,0.6524521938042629,0.6183321444587845,0.13531145226260238
-0.692,0.44390715397042213,0.6536368605511492,0.6219941021245653,0.13434277524011484
-0.69,0.4423478207354355,0.6555312382916855,0.6198865859840972,0.13492707130699427
-0.688,0.4487893307547673,0.6468098010826727,0.6310054868661394,0.13438714971624552
-0.686,0.4414012399109384,0.65048711962364,0.6203970741392577,0.13344263043909635
-0.684,0.44263244657260004,0.6485952360796896,0.6240359871454607,0.13231537467839372
-0.682,0.4383036646523345,0.6501045642077256,0.6180163969512928,0.13078083476554922
-0.68,0.4475314778505301,0.653075751166631,0.634055734616407,0.13228473305784363
-0.678,0.44092299189005374,0.6581735875864431,0.6286276830539071,0.13274962627373493
-0.676,0.43665308816855314,0.6517421280358705,0.6210248612378239,0.1309317910752291
-0.674,0.4400282806493818,0.6506889941182756,0.6161908215890743,0.13149293291731504
-0.672,0.4397106180272467,0.6429680768757992,0.628172259365093,0.13194945602752248
-0.67,0.4382380907953074,0.6443644022136645,0.6260223905433597,0.13036744848468837
-0.668,0.4425832248321824,0.6304865812962204,0.6284060560266294,0.12891024257438358
-0.666,0.4283930067899242,0.6274245490633528,0.6180376080799029,0.13024628534626184
-0.664,0.43384615990296,0.6401232775336245,0.6387577280107407,0.12889538661161132
-0.662,0.4394459132298643,0.6353419356572966,0.6195926512585768,0.13020843768212112
-0.66,0.42866123065824996,0.6337888930824723,0.6223721334847481,0.13230549731354105
-0.658,0.4436094194674324,0.6311207641158186,0.6241381552446854,0.13021251063161
-0.656,0.4343005835311621,0.6361472881496766,0.6216105840813649,0.13236618924185745
-0.654,0.4320738238485353,0.6320911437053922,0.620874303824199,0.13047314883095587
-0.652,0.43247164161561197,0.6397892742382186,0.6253685306913498,0.13111324283464118
-0.65,0.435323632458119,0.6375268164646133,0.6205187475497577,0.12773441324860405
-0.648,0.43310451301237485,0.6315124264507517,0.6312118752336771,0.12915082959369806
-0.646,0.4349061545803086,0.6314760812275845,0.6129549949346516,0.12838699611037546
-0.644,0.43483708117737946,0.6253214614620075,0.6187792329407401,0.1265842190606447
-0.642,0.4261154567851884,0.6244287520100285,0.605845869551365,0.12756269237140128
-0.64,0.43107444173499715,0.6193961321546221,0.6294003005505997,0.12864682961154916
-0.638,0.4264033440219204,0.6241859729519273,0.6186409704826574,0.12805716131101297
-0.636,0.43106851259297085,0.6287732238591763,0.62187418900145,0.12703841209085304
-0.634,0.44067896860373257,0.623765493396743,0.628189835245714,0.12745357453811487
-0.632,0.4312566342752302,0.6247473139563824,0.6234381727704575,0.12757431304144085
-0.63,0.4302416709264758,0.6167821035826749,0.6232649671053705,0.12756399294773785
-0.628,0.43112852398803564,0.6241414906329713,0.6318999531709126,0.1254170355699164
-0.626,0.4167984518341821,0.6214884069556109,0.6201915642948338,0.12585678404597295
-0.624,0.42384505400961875,0.6200141674484814,0.6302660986294707,0.12733176281683353
-0.622,0.42304586229978547,0.6183435456264476,0.6266033083219045,0.12671181045469002
-0.62,0.4248280879386269,0.6189131595064243,0.6279232299406046,0.12615935228634031
-0.618,0.4138175469783071,0.6229364061718236,0.6241364271475576,0.12371138542773708
-0.616,0.4250817557406717,0.6136741623084097,0.6195488216630887,0.12305912812165144
-0.614,0.42270059056566617,0.61851161783901,0.6259817403705729,0.12447641780465184
-0.612,0.42022326870166404,0.6057317794037488,0.6176449403586,0.1250795890921223
-0.61,0.4273948790854076,0.6110884717599604,0.6111052457538102,0.12584855185246124
-0.608,0.4181199264030155,0.6013670272429013,0.6292210721522088,0.12574794242974224
-0.606,0.4166440969391347,0.6219237742527419,0.630611714896889,0.1249432421899008
-0.604,0.4205993311983968,0.6117772803384139,0.6239232133613521,0.12400708525843512
-0.602,0.4175515088734463,0.6093116183324228,0.6176981272246118,0.12395068923980425
-0.6,0.42042645377781407,0.6022703353179841,0.634863862150441,0.12445216817142857
-0.598,0.41643990811395326,0.610327234845715,0.6219344966963832,0.12458430921994845
-0.596,0.4143114993366842,0.6061422959000785,0.6301793514805419,0.1236515065521995
-0.594,0.4194415993739805,0.5982577372855913,0.6226549850214589,0.1221330468684001
-0.592,0.4075035782428862,0.5949414261328184,0.613029614312049,0.12167198677757601
-0.59,0.41640335512517657,0.5952455261523857,0.6156990965112209,0.12203236510413318
-0.588,0.4114448846118679,0.5987007110741248,0.6263600417373173,0.1208157457386435
-0.586,0.41139934337929884,0.6015648681405382,0.619002371542344,0.1243973582585489
-0.584,0.41411717624812017,0.6043333228443819,0.6191636793550516,0.12067216838834358
-0.582,0.4119084684553497,0.6054216180239952,0.6155190713275793,0.1190803432460227
-0.58,0.41352512604846814,0.6017192172022673,0.6333413633973923,0.12443714935372183
-0.578,0.4163969726186611,0.5907589514851571,0.6285166953961495,0.1202254698738005
-0.576,0.4097894240697626,0.5944196925165827,0.617945882069056,0.11976625708893052
-0.574,0.4050235806462063,0.5859043318899579,0.6278920579658341,0.11917421705216485
-0.572,0.41169245166027957,0.6004387278403368,0.6274804110729519,0.11939508759289984
-0.57,0.4192260743279996,0.5829891940792417,0.6221489404999648,0.12167898267641386
-0.568,0.3987688184107921,0.5914980666878806,0.6287872168896129,0.12103531063335322
-0.566,0.4050836190845248,0.5885550678146136,0.6203187700533884,0.12004917033360847
-0.564,0.41065818090397166,0.593604930869866,0.6218816747421616,0.12091093132808124
-0.562,0.40736368804507994,0.5886849668794063,0.6305886704900331,0.11840199606766888
-0.56,0.4067179514693554,0.5894019086803973,0.6278624032535691,0.12027697039352957
-0.558,0.4015927172040285,0.5882464315770882,0.6324435149574507,0.1169596983138564
-0.556,0.40265306916146576,0.592528822233344,0.6051099580236713,0.11848932398408821
-0.554,0.399394623273451,0.5862589201554437,0.6178046738660998,0.12148365913920416
-0.552,0.3911157602161846,0.5801543895843767,0.6132551472472095,0.11874304997381241
-0.55,0.4005679032374857,0.5743585584867997,0.6175389856316267,0.11905839313589671
-0.548,0.40014878696978806,0.5723752502759805,0.6206992383647405,0.11796152822143367
-0.546,0.3890396120623918,0.5770890814994326,0.6180797272745339,0.11716038594012283
-0.544,0.405301067939817,0.5726481927684358,0.6325992149260667,0.11777704979305319
-0.542,0.39762257408037716,0.5767311957043951,0.627953082968495,0.11708016081630701
-0.54,0.40171029514449624,0.5729677497708235,0.6320976403989289,0.11720770294710835
-0.538,0.398110378871046,0.57181305966931,0.6258974641578717,0.11741784891919621
-0.536,0.3885590520488893,0.5753811483842897,0.6290660142297899,0.11582335059290663
-0.534,0.4032435890720167,0.574950895008637,0.6277848099316593,0.11510988109685756
-0.532,0.39626442234138365,0.5801445180466951,0.6264623065666745,0.11686161874136511
-0.53,0.38905670854569124,0.57122062476543,0.626860829090828,0.11588771424195139
-0.528,0.39008080921756755,0.5816814527765094,0.6284861204885913,0.11487605352982684
-0.526,0.38740529087305653,0.5588609867862832,0.6198489545500638,0.11735884935679433
-0.524,0.39364972536068044,0.5769440490894471,0.6290266896623898,0.11583998971879648
-0.522,0.3918364635090547,0.570824377528003,0.6289955014680405,0.11595058472522296
-0.52,0.3954916691819943,0.563580449678291,0.6334303494323151,0.11447871473963123
-0.518,0.3978934368233096,0.5652133268397543,0.6206704263383294,0.11412065439559783
-0.516,0.3859625602347619,0.5661549087695787,0.6320385904819651,0.11441127856530937
-0.514,0.38844697437798875,0.5527351421297668,0.6243193173096198,0.11574927940442246
-0.512,0.38752648512251453,0.5595703712221701,0.6165044689543364,0.11340761552294548
-0.51,0.39033222059149864,0.5553602500929892,0.6185475714756753,0.11421919643129161
-0.508,0.391915918441004,0.5573654434679488,0.6168803312499428,0.11299285499572669
-0.506,0.38163500770903835,0.5660950811426672,0.6236633347915738,0.11235619277892397
-0.504,0.3919426223610181,0.5540723284933403,0.6299174712356072,0.11287544997084946
-0.502,0.3862523548570604,0.5539911065884916,0.6257741666553831,0.1128574936697815
-0.5,0.3849604505157629,0.5562128844326385,0.6287029001181994,0.11386641224154848
-0.498,0.38516263884220336,0.551858078820763,0.6294496075242484,0.11264948982294434
-0.496,0.385446720477166,0.564740941968938,0.6269488943204355,0.11406704598550278
-0.494,0.3822064301572057,0.5558452771170262,0.6254139318236293,0.11279647661829852
-0.492,0.38122498463063936,0.5532701568849338,0.6241705414250215,0.11356565028282072
-0.49,0.38016063653280807,0.5457415721246024,0.620710967672424,0.11390937902607107
-0.488,0.38227133417037124,0.5495904065232946,0.6273047139943619,0.11393600574295575
-0.486,0.3823688797135857,0.5495109678647443,0.618373440052449,0.11364377481561194
-0.484,0.37943155437739307,0.5509393642170353,0.6270487555225638,0.11217337510891237
-0.482,0.37879464974015437,0.5490193604902507,0.6176326017467096,0.10887010537360209
-0.48,0.37723454797581185,0.5482033839801478,0.6223900231681931,0.1119050189178096
-0.478,0.3776765684859792,0.5476338287396411,0.6214515295972395,0.1118380569020528
-0.476,0.38114032862367253,0.5435042311476243,0.6276878406096998,0.11243090602056977
-0.474,0.3765839717097329,0.5468287983276401,0.625338990509979,0.11163512521184993
-0.472,0.3831933287807776,0.5266828424470423,0.6217916150653902,0.11257120952615654
-0.47,0.37787084173561125,0.540658168588797,0.6300223960641151,0.10987165541244068
-0.468,0.38314431015897515,0.5333627208597183,0.631509335089938,0.11088428553092186
-0.466,0.3784919300571833,0.545207763484466,0.6265085810015022,0.110686308398291
-0.464,0.3820631096662323,0.5385982340833646,0.6154607802219622,0.10978792308331774
-0.462,0.3747306101950008,0.5467600906558474,0.6131150294167643,0.11076389301996731
-0.46,0.3709048554119892,0.5388137593464315,0.631863088653896,0.10964308128064248
-0.458,0.37582214306035255,0.5439707918057177,0.61986775318673,0.10832023553585246
-0.456,0.37365067026793275,0.5363521051691378,0.6242868719104808,0.1103848173061985
-0.454,0.3777785003185216,0.5385079469430847,0.6250761881308899,0.10863405948997204
-0.452,0.36796916980279226,0.5348078878301572,0.6253135254699358,0.1077970847802432
-0.45,0.3676299925896741,0.5382571518803936,0.6267877914311248,0.10859929068593348
-0.448,0.3768970991597728,0.5395440002333057,0.6206991975965221,0.10612418253128562
-0.446,0.3729471249135281,0.5293554961260446,0.6261892293166782,0.10908385052160686
-0.444,0.37671937207240325,0.536311149652392,0.6237224995173273,0.10989918573770761
-0.442,0.3734693702583831,0.5210589057204583,0.6201574120036751,0.10775413311178215
-0.44,0.3740333919898369,0.5248761779215277,0.6261295647080262,0.10786761356411342
-0.438,0.3728759154136259,0.5237181928408111,0.6033662466582651,0.10889181996609336
-0.436,0.37107302531434055,0.5208627084182421,0.6187623460523229,0.10723504724175083
-0.434,0.36720070452570086,0.5412774021423026,0.6285130767931838,0.10825293179628044
-0.432,0.37133990870844735,0.5261958298203958,0.6264059428966636,0.1091168771934455
-0.43,0.35978667552051485,0.5144439443147052,0.6279452796327618,0.10669351306772148
-0.428,0.36219107145626184,0.5294716707023446,0.6193923724914222,0.10750761839991445
-0.426,0.3684380593657629,0.5186314805073631,0.6248440161062514,0.10669582218149537
-0.424,0.3602459991965564,0.522527329997445,0.6256531959447298,0.10519873287787368
-0.422,0.36296136464036693,0.5253954997459258,0.6233561475108741,0.10552552810923997
-0.42,0.3717666624761221,0.5190848063709795,0.6111357045015774,0.1050260987327651
-0.418,0.3612413332377924,0.5253676045795399,0.640752515060541,0.10624811699041026
-0.416,0.3610122961514547,0.5155072660180123,0.631176981832439,0.1051814716605635
-0.414,0.35820916577670564,0.5048545561682811,0.6287906945531149,0.10562953888588338
-0.412,0.36154156659055753,0.5126944374544371,0.6285792453992735,0.1048890241380912
-0.41,0.3633529229265878,0.5140535889313823,0.6240700717719283,0.1045880187635397
-0.408,0.35906737577761294,0.5104450134043261,0.6185676107080601,0.10355399895410373
-0.406,0.35814907333081597,0.5109328112213418,0.6309770165681912,0.10302859275230071
-0.404,0.36266875440192325,0.5101217910240655,0.624655111203748,0.10548954751452805
-0.402,0.3595253790092801,0.5175125117830751,0.6283492721398096,0.10318643002445371
-0.4,0.35776606195035154,0.5072937726254857,0.6344890016239477,0.10371104326543229
-0.398,0.3557712056845106,0.5023761691803698,0.6300061618303386,0.10469135971765878
-0.396,0.3563851211044465,0.5123333311044274,0.630085488715101,0.10451683720313075
-0.394,0.3582667037655216,0.5085554348965284,0.628663038676508,0.10377937326962242
-0.392,0.3607713519273327,0.5084097405716856,0.6177549035369078,0.10349146229169255
-0.39,0.3541845650978918,0.5147404296820761,0.6261104819228595,0.10234843278084581
-0.388,0.3558502149096233,0.509272075364495,0.6315169320077333,0.10403990221748277
-0.386,0.36062856830868567,0.502881323817578,0.620851444948808,0.10308439016203448
-0.384,0.35965417164431984,0.5015692207905725,0.633518618293969,0.10230578754734529
-0.382,0.35258293619935394,0.49534739639877523,0.6228709001888946,0.10327037565217122
-0.38,0.35499910403646834,0.5049912371808176,0.6370502820566458,0.10242871832147689
-0.378,0.3547037160660379,0.4976086893001035,0.6195941771109432,0.10312953994010596
-0.376,0.355725634809713,0.5025173030273986,0.624246727963322,0.10255921455414621
-0.374,0.35641105443884463,0.49341045059443833,0.6239600133667785,0.10151669961086866
-0.372,0.35282460073249444,0.4971774636727984,0.6274597829292861,0.1006760561128216
-0.37,0.3451625432514887,0.49955031698460634,0.6244938795883247,0.0993211663736367
-0.368,0.35217814727825403,0.4957094496457237,0.6228740588768381,0.10202777916006033
-0.366,0.347372410525166,0.4960854517893371,0.6273960540022097,0.10124364381308103
-0.364,0.3461674660439427,0.5010415916647122,0.6318056867317686,0.10167235006335065
-0.362,0.35272992663906483,0.4988917824368155,0.6309543407091958,0.10041562945026986
-0.36,0.34883559779924667,0.49555560284575934,0.6265089014276339,0.10111651675976005
-0.358,0.343224881976977,0.508551357187867,0.6260002836393773,0.100419979456907
-0.356,0.3437378717341367,0.4914871622024473,0.6150184379839896,0.10044060292546576
-0.354,0.34422109572599746,0.4901671364683528,0.6173563588586851,0.09909364832104058
-0.352,0.349177577055303,0.4856433644874137,0.6230603449425064,0.09820209576495496
-0.35,0.3447036175910663,0.48610963542989893,0.6239891550862537,0.10016362928723432
-0.348,0.341081975894957,0.49451126526160066,0.6234905025067419,0.10046416392116989
-0.346,0.3419044051865012,0.481935281109964,0.6172760962740547,0.09925703758551963
-0.344,0.3448975293313855,0.48747031387938805,0.6243783016974811,0.09829802393450845
-0.342,0.34245220622409367,0.4894103231133842,0.6234917625314315,0.10084679287776614
-0.34,0.3429280225147535,0.49022022740597204,0.6233107704575902,0.09876429752193677
-0.338,0.34231293303745697,0.4781270037145217,0.6237999545593774,0.09941224820790547
-0.336,0.3417646252013575,0.4807301731511423,0.6232648360032583,0.09735457941831965
-0.334,0.3473478431241855,0.4731558921530765,0.6266237409469232,0.09980630566698019
-0.332,0.3457530701557284,0.4784870869789588,0.6191278395089123,0.10020186742375056
-0.33,0.3382361510804304,0.4838133766022151,0.626471211051027,0.09763760480662843
-0.328,0.341112165829622,0.4788389294488493,0.6176168950243801,0.09785832511828342
-0.326,0.3432558277333711,0.48575336942498376,0.6114208868011971,0.0981678282203031
-0.324,0.3355242208732054,0.48053842989971474,0.629302932243165,0.09588424406433767
-0.322,0.3410135072353542,0.48103479860153536,0.6316632529002411,0.09834517707302055
-0.32,0.3371993232209183,0.48502192596299976,0.6395907349848461,0.09764879452906848
-0.318,0.3371564152790134,0.4835890685720146,0.6234800973542417,0.09772361082401006
-0.316,0.335752344828586,0.4734094765768065,0.6238590386119436,0.09685374044954748
-0.314,0.33535301248507265,0.4708244314793512,0.6239264645965903,0.09797139247069671
-0.312,0.34180566794157985,0.47409051544540226,0.6197418133224354,0.09757818733361674
-0.31,0.33917689801650236,0.4739061063324643,0.6321741635537399,0.09666145363327376
-0.308,0.33261240580622153,0.4682675315624039,0.6219985817786268,0.09748313780159351
-0.306,0.33569780051330483,0.4683042747602125,0.6377796900548033,0.09513207051840064
-0.304,0.3372073182902399,0.47491636768759815,0.6322211355460418,0.09640157590746976
-0.302,0.3352504189219363,0.46922515917661245,0.6222970066323161,0.09738342279241893
-0.3,0.32581396236863563,0.46519175089458203,0.6198995739463792,0.09579280088712709
-0.298,0.3286026073153893,0.46074132225145426,0.6200233846473562,0.09442776346025455
-0.296,0.3327208042124621,0.47399816092734287,0.6209056559174148,0.09424761368756808
-0.294,0.3357312337674511,0.4646451671559504,0.6298620406320893,0.09571213938750221
-0.292,0.3309055917459734,0.4659318798853623,0.6182896624559479,0.09461981550661973
-0.29,0.3332636673124293,0.4596627581530651,0.6294241682911064,0.09561820169456625
-0.288,0.3263840728165186,0.4627751051688564,0.6348776266983343,0.09673327813900476
-0.286,0.3299354601027529,0.461372659162627,0.6219338512040615,0.09415502046231732
-0.284,0.3307223162029667,0.47009584453168013,0.6276171535578002,0.09447391837767054
-0.282,0.3307461385801682,0.45434054981905647,0.6186650419162343,0.09442894582342892
-0.28,0.3276578248688109,0.45207262676230364,0.6256619579513277,0.09579170802274543
-0.278,0.3253328453888256,0.4576137701002134,0.6166254858253111,0.09352857235865597
-0.276,0.3260181091949738,0.4587329132550475,0.6176952596312286,0.09308841600278875
-0.274,0.3263494330483972,0.45427540006930284,0.6232453365147526,0.09414841200269064
-0.272,0.32866045053372467,0.4609926936922796,0.6169300274553383,0.09363912865093584
-0.27,0.3240222608779257,0.45714443846493924,0.6305415650796418,0.09220714635652223
-0.268,0.3208058439934893,0.450715441812942,0.6231610834649884,0.09300703129129387
-0.266,0.320582991650023,0.45913968126860166,0.6156154990553534,0.09272485135309405
-0.264,0.3191288466774459,0.45528709371549025,0.6067913867568759,0.09388179898384477
-0.262,0.3228259157660359,0.4577590515867242,0.6216918803107073,0.09303309260194036
-0.26,0.3232408928499958,0.4498057576646714,0.6175590785259737,0.09328565644830422
-0.258,0.3230626489877294,0.4538550900257277,0.6207860782804044,0.09197523998407978
-0.256,0.3234788456987093,0.4556012114203984,0.6262316449033634,0.09145888335263577
-0.254,0.3195548326612833,0.4521908457867183,0.617775961182245,0.09282345734225295
-0.252,0.32402413412498215,0.45467454724297274,0.6272868982804735,0.09138123603726862
-0.25,0.31876081436176124,0.44735960237348804,0.6279322955615997,0.09247769423409566
-0.248,0.320743430386562,0.4487894635226028,0.6268356294922813,0.0930001510446222
-0.246,0.31713626204974554,0.4492830093224517,0.6262273178176387,0.09141678585346395
-0.244,0.31580966353338596,0.44399507718736064,0.6223979846821127,0.09275793685453028
-0.242,0.3170605255706568,0.45704882576511147,0.6271171965943725,0.09175508659497736
-0.24,0.3169912228989876,0.44938260547075504,0.6314261837998637,0.0901197422261925
-0.238,0.3166612839402219,0.44356202641413983,0.6220417534553715,0.09092056221017805
-0.236,0.31015413062569225,0.448477368213614,0.6264938378126955,0.09116136827083893
-0.234,0.3189707230212351,0.43341438285228356,0.6178465038918273,0.08951640446412489
-0.232,0.31741186886258776,0.44300855395900196,0.6314499819670119,0.09214160225847769
-0.23,0.3184452465069185,0.4487419515385647,0.6183415772514382,0.09052644630834668
-0.228,0.31950018398837254,0.4357153169390319,0.6208698724166342,0.09064386226079327
-0.226,0.3120713337762947,0.44338093611804713,0.620488597245174,0.08928577844020007
-0.224,0.3116520313215054,0.4348338064945182,0.6165397370443786,0.08924118891842195
-0.222,0.3149740189014242,0.4349392899128583,0.6182006804064036,0.08910201891250623
-0.22,0.31017720320919245,0.44535115887739235,0.6162411019419607,0.08979724330169819
-0.218,0.3169496987410761,0.44004990113196785,0.6247404772247214,0.09145471108755682
-0.216,0.31337402022080174,0.44070708742517134,0.6313968246662376,0.08995128236249003
-0.214,0.3144190335499365,0.4418555134662957,0.6107299819946974,0.08907935242484012
-0.212,0.30793047098027365,0.43275857163979076,0.6289815805356429,0.08952101295723962
-0.21,0.3115022829861759,0.43648113484495826,0.627176545928421,0.0893811612157592
-0.208,0.30892200800600594,0.4439196802565224,0.6216053989860452,0.08855375612867944
-0.206,0.30472261719847554,0.4374670161662094,0.6244963372425912,0.08803193740730138
-0.204,0.31506498758190554,0.434459410622595,0.6309546228019124,0.08816342904671076
-0.202,0.3099586330802896,0.4351846029670864,0.6158857996540844,0.0885437790707695
-0.2,0.30511082719078886,0.4280136414110071,0.6131029727381395,0.08875093800588625
-0.198,0.30851031196285633,0.4313952618858826,0.6180257773725856,0.08747279083063271
-0.196,0.3068651873999551,0.4257661609938893,0.6261464758162042,0.088011204241598
-0.194,0.3042033073074626,0.42775545474545457,0.6191407193305284,0.08888681027569069
-0.192,0.3018570193481379,0.42989352443913414,0.6152377811059183,0.0880085051373601
-0.19,0.30440593472419886,0.42906072769576226,0.6275060085780284,0.08939266485138377
-0.188,0.30071097709423367,0.4213665997179684,0.6297215397829623,0.08872533319603211
-0.186,0.3006815269376693,0.4256943070375621,0.6165709230118869,0.08812042190232248
-0.184,0.3055591416894703,0.4208322694514202,0.6219660335811695,0.08712893294000593
-0.182,0.30619268767181046,0.42472262894068874,0.6144225485202135,0.08746389124666015
-0.18,0.30198922086685875,0.42505437116331685,0.6200133964546085,0.08650077516265348
-0.178,0.3070951012554833,0.42766972900299793,0.6183542034911285,0.08675257374634833
-0.176,0.3002539374793126,0.4298722849270416,0.6165450216137945,0.08659062985287524
-0.174,0.3032388148623114,0.42462392329335324,0.6282709657606584,0.08721773913873221
-0.172,0.2978729253411413,0.42616268477593017,0.6144156501055754,0.08529781960100727
-0.17,0.304569165087617,0.41935848970701073,0.6269076650144548,0.08717192087712548
-0.168,0.3011289314741859,0.42237290328322186,0.641567273352795,0.08742868716205439
-0.166,0.3014022441123646,0.4208360212394087,0.6248910023644989,0.08539780999636273
-0.164,0.301290685156577,0.41614330386114845,0.6214125026559649,0.08534827711380896
-0.162,0.2992797922250127,0.42651410968113557,0.617171689661244,0.08574466018500912
-0.16,0.29788750539942016,0.4129293110485016,0.6309165519124271,0.0877803980612058
-0.158,0.3046209124853452,0.4198235175412017,0.616906869235145,0.08553619752710326
-0.156,0.2953904730822717,0.4105694007689074,0.6354855697504297,0.08602444856402638
-0.154,0.2995028701230792,0.41666508495595395,0.6174544411809403,0.08570259821061851
-0.152,0.2963907152020365,0.4199527744097142,0.6209597481522149,0.08429954138503085
-0.15,0.2951271977343961,0.4075066284791318,0.6224495526583717,0.08472764526313163
-0.148,0.2960345892668247,0.4136514506615816,0.6203309753181815,0.08599721670812831
-0.146,0.2981798781167131,0.4142738554470947,0.6267474629995252,0.0848821215686024
-0.144,0.29711395048229533,0.4087397775758478,0.6273796285303318,0.08475583204388043
-0.142,0.29950407378619376,0.404929904842481,0.6333362087541986,0.08311957864250012
-0.14,0.30097834128856504,0.40957650689299296,0.6277318474005172,0.08570517902613063
-0.138,0.2909154901467451,0.41199049303968827,0.6193896779783936,0.08518046160109868
-0.136,0.29292619722856467,0.40574204546619064,0.6196963683888304,0.08386672065231371
-0.134,0.2998099059379116,0.4101386204275815,0.6304375356599744,0.08427609246488015
-0.132,0.2963752737662042,0.4188168411579918,0.6348460293446059,0.0832123574290842
-0.13,0.29772964431873067,0.404637767466856,0.6284100642995122,0.08330091602821217
-0.128,0.2956960475515112,0.40855001414269626,0.6289422042920272,0.08367854693356651
-0.126,0.2886781761492396,0.4130044997440835,0.6221048244794656,0.0819016438863377
-0.124,0.2961988467891214,0.4127668557590539,0.6255524580802276,0.08277050562816769
-0.122,0.2879382660171772,0.40514703979674804,0.6288119256978428,0.08262619660963462
-0.12,0.2921594415415954,0.4008519805601915,0.6264231114297818,0.08323544403059989
-0.118,0.29144656203546315,0.40162241463288423,0.6228335430571519,0.08231852317896084
-0.116,0.28615618509125523,0.40698431662947077,0.6353662666372808,0.08371197349958058
-0.114,0.29303299077786027,0.3969314894833642,0.6366846761487325,0.08415383171191329
-0.112,0.28883273675564586,0.40083461327906733,0.6205386535618544,0.08293892846725504
-0.11,0.2896565181170214,0.39995989174186913,0.6338478541882847,0.082946444568823
-0.108,0.28578606547276336,0.3950755614752733,0.6139003232358213,0.08077675146033628
-0.106,0.28823533113387534,0.39838594374284225,0.6285163119264396,0.08300486183312861
-0.104,0.290086292314643,0.4027273354488996,0.6212645252016377,0.08237736078842457
-0.102,0.28568882197230705,0.39852318190638525,0.6234204911889756,0.08348748005346691
-0.1,0.28201732977504934,0.4024938564860072,0.636643243575457,0.08185368195633615
-0.098,0.28619271827381426,0.3959083619664221,0.6267731260219521,0.08296593635248647
-0.096,0.2836262422417994,0.4006059679168376,0.6267165762923423,0.08128159884193295
-0.094,0.28336950924539606,0.3998404781170073,0.6255320133272498,0.08315952523791992
-0.092,0.283883494246774,0.39957363655870803,0.614614235111757,0.08290017191765084
-0.09,0.2834188819816452,0.39690482241827973,0.6195711071129714,0.0801840356322809
-0.088,0.286536897749346,0.3888864821834822,0.6283385529151344,0.08194849329534662
-0.086,0.28007974591460544,0.400353146911292,0.6218578643141635,0.08049605431326497
-0.084,0.2856644794648815,0.3924552792184292,0.6259676834984298,0.08100082152906614
-0.082,0.2867692903414876,0.3910383585865803,0.627838719744625,0.0820027157888185
-0.08,0.2765209045148732,0.38944583155094914,0.6359666957256065,0.07942829092752214
-0.078,0.28615349386938893,0.3919523937179944,0.6245142988582687,0.07930886512312306
-0.076,0.2795813146209238,0.38459968372718245,0.6339518147855543,0.07994447490350498
-0.074,0.28294504730368075,0.3823616964519485,0.6241374446025499,0.08005093063441557
-0.072,0.28258289947976156,0.3856626523874144,0.6273509538911469,0.07908254125819918
-0.07,0.28096084670376836,0.38521104288638025,0.6215613369042389,0.07956903625358719
-0.068,0.2800557661544825,0.39433281760977923,0.6320601520508534,0.08110795951088767
-0.066,0.27939379149241894,0.38750319676207484,0.6291288780431918,0.07979871500896416
-0.064,0.27821149194757533,0.3758224173068987,0.6160657550190072,0.07986480436271473
-0.062,0.2787941830247281,0.3831491461110542,0.6310207455894717,0.08107027304404954
-0.06,0.275561130530566,0.387099408848481,0.6123435121453596,0.07939328616660053
-0.058,0.27713563578705475,0.38399562231697093,0.6265344395645868,0.07957503865330641
-0.056,0.27824743312385636,0.38387468558279825,0.6236657548018847,0.07970501121508179
-0.054,0.2830219388225269,0.388329136384236,0.6218525697864762,0.07977015830138308
-0.052,0.27536660085882053,0.3822737434373078,0.6299685644986961,0.0789159019285117
-0.05,0.2752509823862343,0.38455502995808216,0.6225338121280398,0.07945390134114469
-0.048,0.26911265307256554,0.3842175677349965,0.6261480751059815,0.0790413111652444
-0.046,0.28293354426219974,0.3798225750167822,0.6180859950033836,0.0803220072013654
-0.044,0.27988514115174945,0.38658646139138614,0.6242880481934558,0.07921213594646748
-0.042,0.2767512268319549,0.380433668669608,0.6259747620517409,0.07930411718083186
-0.04,0.27689876225824095,0.37999979890644126,0.6252517418636842,0.0789116048513882
-0.038,0.28173726662897386,0.37825052398192743,0.6307814383208059,0.07839148726515532
-0.036,0.27275533737610264,0.37950333292651184,0.6281688202581054,0.07832688517142364
-0.034,0.2736393562873737,0.38768787633937307,0.6219719342057605,0.07854411544028368
-0.032,0.2743902356701473,0.378138354722166,0.6240052418583303,0.07862696753601511
-0.03,0.2721677795167758,0.3815104224736818,0.6233790632711453,0.07726390410283766
-0.028,0.27122120583493886,0.38184011809047447,0.6182177606301734,0.07808989009185031
-0.026,0.27091270938497286,0.3694969553008732,0.618974076931219,0.07741065780018533
-0.024,0.27341145558667784,0.3739180914473762,0.6317360264533868,0.07622686508350773
-0.022,0.26952810552377654,0.371024327097406,0.6101805770613988,0.07841105120182068
-0.02,0.2720105232219828,0.37572273750658497,0.6246535223772756,0.07600844981920968
-0.018,0.26799550352642565,0.3684928771201144,0.6314360799142668,0.07818843258705326
-0.016,0.27118378634709744,0.3750027421703501,0.6183740809790558,0.07598811107081338
-0.014,0.2685165803663669,0.36941077019135454,0.6219584573820749,0.07692006755322726
-0.012,0.26912516083746063,0.3686227263727634,0.6167934513510533,0.07625560977650452
-0.01,0.26761848129715987,0.37008146592123,0.6182595101201394,0.07613390905013563
-0.008,0.2682589882780132,0.3668909360874024,0.6257854502987624,0.07560135549114318
-0.006,0.26616277855459974,0.36829533735946607,0.6206385144143641,0.07544218012249204
-0.004,0.26718202513330613,0.36842429200966165,0.6212574762403921,0.07502176863874088
-0.002,0.2624750582734486,0.36897468972945996,0.6248823774237771,0.07582291285587836
0.0,0.26385256003652646,0.36402470771857703,0.6284456103177878,0.07570498921135271
0.002,0.2637873374607311,0.36209426322686483,0.630243710795427,0.07534717682361491
0.004,0.2694190629577894,0.36443233500939015,0.6314486367746412,0.07424625251351319
0.006,0.27025631855316906,0.3653456289118077,0.626138020081543,0.07458799305316358
0.008,0.26865586709310507,0.36222749519008424,0.6346803263835342,0.07636113098179248
0.01,0.2669942957552768,0.37094972292800027,0.6334694973529428,0.0757817253908724
0.012,0.2698493180217728,0.36875766204060684,0.6185139380214517,0.07538733642850208
0.014,0.26010643032755026,0.3587796006981049,0.6161589280281309,0.07538789423191722
0.016,0.26615339942204996,0.36377554831671527,0.6175494927205242,0.07491699362222214
0.018,0.2630682870716198,0.3664654900667339,0.6184618797751705,0.0744969483915308
0.02,0.26109635000710957,0.3610055250330817,0.6290789802432467,0.07350903492001402
0.022,0.2639259645708924,0.3624596352174204,0.6284650454415366,0.07477944972485154
0.024,0.2657101332646503,0.363751256080751,0.6262488618144075,0.07592788762952374
0.026,0.263983282746137,0.3618824068399053,0.6265973223981167,0.07502180820021633
0.028,0.2577156116078822,0.36590862198203633,0.6259932183786217,0.0736672773818708
0.03,0.2621451451233514,0.3594477994542609,0.6154550684313992,0.07426995648408663
0.032,0.259235779839869,0.36404194125694195,0.6215299814576288,0.07346900685272871
0.034,0.2639725642539233,0.36051714272699414,0.624073661185436,0.0748158414276636
0.036,0.2560952472286376,0.3576701315555184,0.6343853605316717,0.0731830103583883
0.038,0.2587896404676347,0.35527230469454113,0.6307972339364781,0.0738821519816919
0.04,0.2577790279227347,0.3622967044337963,0.6268222555439021,0.07364765651898164
0.042,0.2591727969340957,0.35569956119853297,0.6295132277380593,0.07226057687426994
0.044,0.2565608356649366,0.35393961124062395,0.6281062609102742,0.07449013104973083
0.046,0.2590909981447853,0.354678060079705,0.621309118097338,0.07247978143635361
0.048,0.2615460718379117,0.35326950854358874,0.6215349570319939,0.07376279015615488
0.05,0.26015730664581665,0.35466022392100405,0.6234694168484892,0.07341201706153246
0.052,0.2576532987684617,0.3511399023821124,0.6159844566973615,0.0729979468396309
0.054,0.2563708658377373,0.35535532413043985,0.620260253970832,0.07250907177176012
0.056,0.2520224738426046,0.3516171604742447,0.6209933623871701,0.07313785076964519
0.058,0.2549516789460869,0.353797748031922,0.6290219075872522,0.07295634142605027
0.06,0.2554360156544618,0.3456435950276696,0.6282950669214774,0.07291122086061361
0.062,0.2528266054337924,0.35861081753581725,0.6267532545118965,0.07255178039143519
0.064,0.25023852467098523,0.3480112070880602,0.638065451117837,0.07350050170581605
0.066,0.24729520630639054,0.34719498598720194,0.6226551475117513,0.07273381529641335
0.068,0.2513695947527861,0.34685552037768486,0.6309924063001529,0.07397821402707663
0.07,0.2532002880082897,0.3514391221869333,0.6255367311009231,0.07088797053317623
0.072,0.25766052231603165,0.3456000389621308,0.6203548782623146,0.07175608140960908
0.074,0.2502232843755368,0.3424273543361114,0.6170907600466846,0.07188690557380195
0.076,0.24879004675584232,0.34800929918872786,0.6168040978927901,0.07081681482120697
0.078,0.2550881592439804,0.3464441273844022,0.6251038269706461,0.07143078345757178
0.08,0.2508526884822422,0.3510708030331986,0.629567993683457,0.07097124424824953
0.082,0.25065501765969583,0.3419927004753464,0.6181544671012417,0.07237831478790029
0.084,0.2551654815530621,0.3437538350744457,0.6263443414357865,0.07087947454699609
0.086,0.2536643753387069,0.34913767210116686,0.6253520721484673,0.07214216429599232
0.088,0.2499376530010384,0.34084648832796427,0.61868081798333,0.07022634068233115
0.09,0.25074311876788236,0.34552909126482384,0.6297385990079405,0.071088946769707
0.092,0.2525757220577351,0.34222603046998107,0.6307610264452068,0.07064235913423994
0.094,0.24730576934499582,0.34347650250834794,0.619705593332392,0.06977091442845403
0.096,0.24835303334652256,0.3358122283963581,0.6263810758267537,0.07042300014546216
0.098,0.24822797633946528,0.3431623807387113,0.6266728655590653,0.07074155669452854
0.1,0.24471840081065335,0.3385984989141013,0.6173380623453908,0.07108884203070055
0.102,0.24701932363095758,0.3406288777655397,0.6289635846810699,0.07036764816355164
0.104,0.24504365919940563,0.33513573145602615,0.6295717885846228,0.07076466520074615
0.106,0.24833244824899675,0.3340846935411348,0.630350224509777,0.07053601908211796
0.108,0.2483367167104778,0.3404899864971524,0.6250440299386038,0.06937381575821307
0.11,0.2462856798513226,0.33645095378823825,0.6256512046439341,0.06751866480826724
0.112,0.24599403257758226,0.34170724842735245,0.6191628339577565,0.0707827442590803
0.114,0.24718736290909887,0.33753507098225033,0.6277985397611567,0.07111447980492293
0.116,0.23726481645521982,0.3341367762297241,0.6232394774808462,0.0688947787470681
0.118,0.24764284996997166,0.32790141199466794,0.6306153394979008,0.0684432246353794
0.12,0.24655881004813748,0.33594211939267465,0.6253212762567165,0.0704566859486612
0.122,0.2423231702368966,0.332301441646662,0.6317761344543549,0.06960750347322751
0.124,0.2439208931845643,0.3308175699946609,0.6320786310523338,0.06865361820201075
0.126,0.2423450954971837,0.33230475065703685,0.6246634294080871,0.06853118664874447
0.128,0.24310643220483957,0.3359553976435513,0.6234160634336,0.06854115324485209
0.13,0.2435030896777436,0.332945735058736,0.6215210101369921,0.06895224754123092
0.132,0.24528396381790057,0.33550034743954343,0.6116747623574705,0.06973846677833338
0.134,0.24311238728260515,0.325967658148199,0.6271304599472989,0.06784888124450975
0.136,0.24329227333349698,0.32732858895007355,0.6241165038175396,0.06834682399721172
0.138,0.2427652939808348,0.33203964804382446,0.6267035989275235,0.06892885742867792
0.14,0.24110260275678924,0.3262101148063489,0.6206208325832032,0.06900030902105557
0.142,0.23883276781276838,0.3274210074833055,0.6262179810705731,0.06882162559832324
0.144,0.23911221448049422,0.3268060506204187,0.6135475686751365,0.06856172888874185
0.146,0.2361950189248089,0.32739076519313354,0.6199993740571262,0.06759979884779335
0.148,0.23857898629765686,0.33161809100714984,0.6282771409277524,0.06724342345380424
0.15,0.23847381990790514,0.32830334614996765,0.6277617737693272,0.06744445388597961
0.152,0.2388146452163702,0.32700834486420305,0.6205233502775035,0.06685004457462378
0.154,0.2409334383261036,0.32047931117744405,0.6198155354606901,0.0662579735219201
0.156,0.2366411178752702,0.32640810050614394,0.6218976001544712,0.06782252219904931
0.158,0.23865794991169573,0.3224336370528032,0.6272393541892524,0.06743618974491895
0.16,0.23692709738682696,0.3247534082119048,0.636759450427812,0.06760639533613212
0.162,0.237072438331108,0.3240713451579669,0.6224383154975822,0.06601752219348428
0.164,0.23174270481755968,0.3228288823857319,0.6196956067000323,0.06578181009235368
0.166,0.23443114412037586,0.32540287684918906,0.6236624718964127,0.06692878757014806
0.168,0.23675686106238567,0.3260363434176172,0.6270272449904948,0.0668072194440765
0.17,0.23408634933709463,0.3258483096564071,0.6202349844422222,0.06684513794041737
0.172,0.2376137359456236,0.319985642953656,0.6280818774421171,0.06717357918611196
0.174,0.2319614533935752,0.3199460763823825,0.6247303167653222,0.06574872722200985
0.176,0.2323372243430144,0.3204942677743408,0.6277610953766214,0.06572354910871024
0.178,0.23290958492476352,0.31681079816264257,0.6287921999675787,0.0653575034833298
0.18,0.2324334355887153,0.3187672820057828,0.6282356647350661,0.06626544553207112
0.182,0.23220959525305698,0.3185337669610039,0.6268557879819916,0.06632911426031123
0.184,0.23778467297289166,0.31798424360599753,0.6218740618220331,0.06664411151471279
0.186,0.2286075372482081,0.3185962207935388,0.6328599061251095,0.06549232435753906
0.188,0.23211275629920905,0.31936389149599764,0.6302049087868971,0.066995065423414
0.19,0.23228091327608344,0.3175988919654777,0.6255953923445396,0.06583796306802135
0.192,0.23195250819650193,0.3181187822191864,0.6282136036722824,0.06626791273574352
0.194,0.23021431064158732,0.3127816194553581,0.6290316995392986,0.06418371201859747
0.196,0.2315179691056562,0.31270009976821334,0.619467321674521,0.06495834354629924
0.198,0.23362252723529509,0.31226892935783596,0.6215294713683086,0.0652055762400492
0.2,0.22684961546853646,0.31230543392644966,0.624987249288327,0.0662232415476747
0.202,0.23391263014036107,0.31311809690983744,0.6332020853840804,0.06507839734107877
0.204,0.2259162923982405,0.31039388046870947,0.6197974361327688,0.06507624222692529
0.206,0.23016183928767303,0.31344067002055803,0.6258295135292543,0.06568674414599023
0.208,0.22480658654741814,0.31361073714905124,0.6321198499958761,0.06427604198839022
0.21,0.22592696387730743,0.30844206116127165,0.619739861170872,0.06468396683566867
0.212,0.2295938905034168,0.3139284648600839,0.6198098921120963,0.06390543957286793
0.214,0.22575488694728815,0.31003012303711447,0.6261298546362851,0.06536522661283796
0.216,0.2253948081609044,0.30685994298431807,0.6201010780291014,0.06570972750579253
0.218,0.22821679343000553,0.30763029425456573,0.6245006184359674,0.0637187364621489
0.22,0.2273207179042114,0.30300873223207725,0.622523145377646,0.06373716467033388
0.222,0.2259953916307944,0.3084127204690581,0.6379477062242249,0.06386542859853689
0.224,0.2294379567966672,0.30491147606927455,0.6215802876764835,0.0633863495979417
0.226,0.2254207095234088,0.30923279040539436,0.6230045167666187,0.06430157045955484
0.228,0.22871151864704567,0.30950791880993445,0.6401857484577113,0.06377377934548462
0.23,0.22281294551966688,0.30227836474836284,0.6316218013867593,0.06372551025014966
0.232,0.22484379233568064,0.30751463280666197,0.6190396550633148,0.0640144396998524
0.234,0.2278969035584523,0.30408584804986566,0.6194455880008946,0.06278869639065243
0.236,0.22320177924258505,0.30108019242227085,0.6225186702376793,0.06410117600632774
0.238,0.22394450084018558,0.3040491167086196,0.6190366926015323,0.06375185031494296
0.24,0.22585028350119438,0.30537217301294733,0.6167073314062842,0.0645142775097021
0.242,0.2218223611251343,0.29816881347030183,0.6255527824403851,0.06446179803181026
0.244,0.22402611757373805,0.30158233527667927,0.6215598261481288,0.06362828529667418
0.246,0.22365723828966458,0.3018548081466938,0.626341573025037,0.06220846572902995
0.248,0.22086367484372435,0.30630275193894496,0.6198480281801605,0.06310958850482544
0.25,0.2253270509855296,0.3009233032897337,0.613457604788062,0.06398663380727168
0.252,0.22545823753587657,0.29980351144255646,0.6213842411106428,0.06334704056792166
0.254,0.22074833131733568,0.3009780037644246,0.629219699522362,0.06312807415665397
0.256,0.21944591216232812,0.3016354106280743,0.6244359456362079,0.06291770694898202
0.258,0.21782243496428083,0.29699499002306834,0.6229222730661667,0.06324135686915139
0.26,0.21795733230165631,0.30110398167838603,0.6318778613077339,0.062236864377135756
0.262,0.2199818693277293,0.2977117495744783,0.6289064388972844,0.06295770175914553
0.264,0.21807264129414972,0.30490463360584286,0.6194517837855781,0.06188152163176743
0.266,0.21986921690120254,0.29523105011673395,0.635828382623081,0.06177677665127997
0.268,0.2181152837844559,0.2967277786782345,0.6160777712367121,0.062388740598412915
0.27,0.21999573973853367,0.29945315234790904,0.6188960186222923,0.060990166383744104
0.272,0.22340693938421588,0.29344789530572474,0.6298863105185247,0.06070489396960338
0.274,0.21710809838437017,0.2918062725137,0.61848746340783,0.061881492216806055
0.276,0.22277455141313893,0.2914047474737582,0.6166704397756816,0.06205455421152094
0.278,0.2196265716077897,0.2983942387761449,0.6198598257921364,0.06224975409508476
0.28,0.21910294198358538,0.2995359626826099,0.6263432101800827,0.06142496934538523
0.282,0.22105544888140077,0.29598911259741656,0.6267049311912365,0.06122799048446244
0.284,0.21928239608021863,0.293222078452603,0.6237485796692926,0.06173366271085682
0.286,0.21610465243806115,0.293914394308771,0.6223829829318833,0.06042185070598088
0.288,0.22072774938034903,0.29386901027672185,0.6194431476293447,0.062438186457567664
0.29,0.2197423582175285,0.2930864058886305,0.6204940215794501,0.06091946031414901
0.292,0.21539663849979795,0.29423833886364575,0.6278101375793631,0.06094426197614755
0.294,0.2172492695063784,0.29202788301617627,0.6203830189530167,0.06201591171590834
0.296,0.21387682939232885,0.29293464919925544,0.6239495993008726,0.06167031490589401
0.298,0.21626916070023516,0.28737195169281454,0.6252344177917709,0.06079454659707157
0.3,0.21103704791392794,0.2911166585021881,0.6248918805943454,0.06039963754379035
0.302,0.21517878619907715,0.2892161678465283,0.6289017054622955,0.061297634888640394
0.304,0.21377630202818831,0.2901912878473548,0.6276113405717788,0.06027721683915543
0.306,0.21401834235242564,0.2871091243878745,0.6147626678747904,0.06040481870345979
0.308,0.21368626671940819,0.29193963881386875,0.6279205301681043,0.059567731362922836
0.31,0.21388369737978163,0.2846814333851973,0.6161301750965895,0.06093133236105142
0.312,0.21012354698550229,0.28783344963271656,0.6214511982874258,0.05958574661364179
0.314,0.21376322221720367,0.28480931733788156,0.6165162463717112,0.059924065515576656
0.316,0.21044962943199894,0.288113052336708,0.6224020262798438,0.06025036512212384
0.318,0.21643815798987814,0.2846634410459878,0.617460383909333,0.060563176716146354
0.32,0.20948420927693046,0.28782493377279106,0.6167960458258807,0.0592193294752264
0.322,0.21044798802500458,0.287419251622081,0.6224088823353908,0.059894613455920245
0.324,0.21212217144603354,0.28609831063725205,0.6180963481684508,0.0600192708983626
0.326,0.21082240077811246,0.28164354149505444,0.6238707390295265,0.0591626482934921
0.328,0.21446017035407391,0.27929876851106367,0.6243813985539401,0.05998230518737327
0.33,0.20550374044029238,0.2837278401383257,0.6271026432423535,0.060049518007588204
0.332,0.21067123582062072,0.28088861221428213,0.6135864211440744,0.0582408947692453
0.334,0.2148876574454178,0.28246042167732927,0.615481124894142,0.058748541272887006
0.336,0.20908457287484158,0.2763877688861311,0.6204788374388138,0.058782582522021065
0.338,0.2067183860948747,0.27953247217175814,0.6233084463182884,0.05911501706835486
0.34,0.20766096131312978,0.27879997894292935,0.6183728470624067,0.05963656348090971
0.342,0.20804856084994028,0.27674225109126444,0.6265528728298616,0.05872066571420504
0.344,0.20691787473943046,0.2809121130189748,0.635944149696029,0.05887365895727593
0.346,0.20785198297706783,0.28412432463561466,0.629692319849894,0.05874357897876996
0.348,0.20648986684404336,0.27764265242066827,0.6196894439007157,0.058594975081522
0.35,0.20646151941915417,0.28281855952010015,0.612584512184608,0.057442002225050894
0.352,0.2072894332720586,0.277171213234012,0.6286110760097325,0.05865707171683946
0.354,0.20619087010757714,0.2752536811097524,0.6277472261524315,0.05918319214444361
0.356,0.20639863700907454,0.27915038753393273,0.6307192266109362,0.05894300958240436
0.358,0.20507283948706065,0.2761448570512727,0.6190957084404027,0.05865196007942333
0.36,0.20148016030832072,0.27701561170742656,0.6259419364332559,0.05718888168390924
0.362,0.2051542509648024,0.27936979157061104,0.6277140229742897,0.056958466644347054
0.364,0.20496663377722768,0.2745261202821827,0.6222220938528188,0.05803738984546116
0.366,0.20433526740873556,0.27656986404081807,0.618004035732051,0.057456942663626616
0.368,0.20272217936960174,0.27842602623825047,0.6251475687303979,0.058759044451925
0.37,0.20654246739700072,0.27427903160475847,0.6237639997083262,0.058468204653188846
0.372,0.19922249414556795,0.2760606403333903,0.6155831609834203,0.05760244733226207
0.374,0.20011806802289242,0.2769356225489744,0.6179782689009424,0.057512333350854046
0.376,0.20246115793412706,0.27220343905685185,0.6153847497218924,0.05853736395534672
0.378,0.20380318560854263,0.27770416879348314,0.6276618009906887,0.05802290407373996
0.38,0.20206269833116,0.27239052468359637,0.6213132969964329,0.05721563494954641
0.382,0.200489494977378,0.2686912676100058,0.6158776192473543,0.05702940642759493
0.384,0.20434919242438015,0.2697142427691505,0.62841342303325,0.056984013110232705
0.386,0.20341177470152133,0.2715075698156088,0.6188204914685173,0.05672999183239245
0.388,0.20063092942342106,0.2681701622998128,0.6252431709136606,0.05676683749822288
0.39,0.2003042652536265,0.26561167402152586,0.6282494348847455,0.05745104470188608
0.392,0.20009768419185295,0.26781510511046175,0.6216803287267731,0.05679790918476985
0.394,0.20221589625205427,0.26717912508423863,0.6110557845838537,0.05768345463093907
0.396,0.20415061938888301,0.273860113832835,0.6130859475017699,0.05595420013119115
0.398,0.2007113503671198,0.26675446975908995,0.6290138727338674,0.05623081726190159
0.4,0.198645814097125,0.27270020859995914,0.6212583513726055,0.05694185723523048
0.402,0.20184636919785073,0.26604732410035703,0.6235454338450213,0.05714336841070061
0.404,0.19943679295223138,0.2674227064040781,0.6136984469912449,0.05629058055997392
0.406,0.1954216252539633,0.2710407717936639,0.6289893952856767,0.05706522431566888
0.408,0.20103016668875104,0.26938153162819556,0.6232051012659288,0.055677255947005504
0.41,0.19735033234042768,0.2672305826612493,0.6321307697628644,0.05707749132967588
0.412,0.2002276348568865,0.2637064184924377,0.6227161769458227,0.05617290373776539
0.414,0.1971598192028384,0.2676511222220343,0.6398996921151755,0.05640032474059723
0.416,0.19665529631644246,0.2628749503508817,0.6151186101382415,0.05618459109677959
0.418,0.19953324673266476,0.2576357705493876,0.6298837498241261,0.055697763968903656
0.42,0.19490093491629862,0.26446402230282823,0.6187833601643901,0.05517402851271788
0.422,0.1971235035131551,0.26316906810586776,0.6171586673962158,0.055530021618328394
0.424,0.19771251764287812,0.2620646306313034,0.6289157932753223,0.05505149828503539
0.426,0.19394271078636457,0.26206893624831246,0.6286530748135443,0.055254748931183886
0.428,0.19468739841274785,0.2654300213387199,0.6316446402287037,0.05512617087349267
0.43,0.1965804231554408,0.2632477837845309,0.6135702546903489,0.05555244651767424
0.432,0.19426260839789017,0.2604224912451466,0.6347166115915365,0.05529368005273249
0.434,0.1987922492575865,0.2620823158588277,0.6143599932762662,0.0551939663372979
0.436,0.19399454538369518,0.2635933878914609,0.6195912458498944,0.05478844792563997
0.438,0.19343790367673636,0.25922371761121726,0.6136242076401532,0.05471379913206706
0.44,0.19628206267776366,0.2571965507375165,0.6273346352119621,0.0552656633658797
0.442,0.19232924547480296,0.2629827064881335,0.61245372364203,0.05444807998889071
0.444,0.19129643823647327,0.26045234006371215,0.6298194074868763,0.054544253831644955
0.446,0.19132166760958022,0.2603105825334464,0.6205916680707522,0.0552644805463077
0.448,0.19154764061181062,0.2625695118020262,0.6107062752123001,0.053822900397877446
0.45,0.196301647611962,0.2583647066550219,0.626246278953261,0.05508821311453376
0.452,0.19035254398809667,0.2591091650301409,0.6236072569167522,0.054211208297268346
0.454,0.18969250330225762,0.25828685739712576,0.6283157691538156,0.053536352952246916
0.456,0.1934391903395113,0.2525330091493572,0.619237587205466,0.054196317200519976
0.458,0.19148740675728684,0.2563801074808943,0.6269119013443344,0.05427172646592795
0.46,0.19291532475389359,0.2563645279639187,0.6317272104270092,0.054872168064727056
0.462,0.19023381311744497,0.2549619471425324,0.6174600704182783,0.053886620784060084
0.464,0.18964321073840842,0.2492758616779828,0.6310914088425226,0.05379918516052308
0.466,0.19093742368555494,0.25483072392325057,0.6211475121336129,0.054629165691943364
0.468,0.18786752237703397,0.2583325769106381,0.617961869647259,0.055056323217316634
0.47,0.1904144888737223,0.2510350206147949,0.634263572120267,0.05460485665615811
0.472,0.1897914023990367,0.250132382450625,0.6203932922409668,0.05318449121178539
0.474,0.1891338623431985,0.24742848712024937,0.6201092097256943,0.05409349307487793
0.476,0.1908361213074606,0.24971786290128925,0.6283395435190705,0.05388152087862463
0.478,0.1838880741868841,0.25432436810958303,0.6238528840050357,0.05404738071875074
0.48,0.18766451871122122,0.2531818141639744,0.627064836886207,0.05343251286026031
0.482,0.18935771100795565,0.2502728010475006,0.6227052098171479,0.05278292049600312
0.484,0.18653123210702574,0.2553758352546683,0.6220813387091939,0.053049051563184575
0.486,0.187584285048296,0.247784804447056,0.6223573982939613,0.053275259246789046
0.488,0.18733833999529692,0.2528937504221167,0.61029284030822,0.0539009147097466
0.49,0.1891472677269207,0.246976119929192,0.6246229354204299,0.054035020261085434
0.492,0.18582768526113974,0.2480467507207854,0.6315163355212147,0.05264495061278925
0.494,0.18352329805401485,0.2511628656589393,0.6210611394759917,0.054083032111002106
0.496,0.18736698074786598,0.24656225467941836,0.6256051762343712,0.05312267952601396
0.498,0.1840461253527301,0.2474375635731654,0.6228437227256535,0.053375032632214964
0.5,0.18303214471058354,0.2499594705496588,0.6120880266277567,0.05191612470732138
0.502,0.1829996588166039,0.2471141325771783,0.6276099831060751,0.052637279925161165
0.504,0.18683066953137362,0.24926342873747154,0.6212391719375024,0.05244229105789412
0.506,0.18454072815022196,0.2489322891610439,0.6226974009750554,0.052799834633389886
0.508,0.1876645599548837,0.24956087427390775,0.6235595278479473,0.0520527622892999
0.51,0.18401509918618045,0.25314401564986727,0.6274356590383972,0.05157185697147343
0.512,0.18314083443715348,0.24679026458545467,0.6202669960734798,0.05253852970772212
0.514,0.1846728381847035,0.2470428729594564,0.618670336721057,0.05225502439932142
0.516,0.1842488064167985,0.24531993463504484,0.6184593775794737,0.05116583862311589
0.518,0.1861046948793285,0.24437635277146577,0.6223748320708157,0.05252990789144137
0.52,0.18098768380408217,0.245514094339235,0.6134341417350168,0.05150707534021893
0.522,0.18191379331256943,0.24397414710623477,0.6167697656771124,0.05237176128102274
0.524,0.18228371759333267,0.2404472558214102,0.6324700174977972,0.05134483740136615
0.526,0.18385203998845043,0.24474117270679613,0.6197302491102068,0.05135492041837329
0.528,0.17986655399186285,0.24426599225565387,0.6265969752315397,0.05110174384198718
0.53,0.18356151301505547,0.2406452453013966,0.6183156817791796,0.052361927996913596
0.532,0.1813673405399078,0.24310428782280344,0.615226214074354,0.05139511140625754
0.534,0.1811962815811034,0.23849715469097735,0.6353624775041319,0.05098628021938741
0.536,0.183066453790996,0.2375606221665733,0.6237197995280572,0.05078733659752917
0.538,0.18060913813059695,0.24377753943143432,0.6231783521392567,0.05162510434533882
0.54,0.179198881687756,0.2392498349668828,0.618092045808708,0.05122633899862474
0.542,0.18022196457595166,0.24086855296290785,0.6159434972311141,0.051086762155768066
0.544,0.1777930708986143,0.2401396422177787,0.6117834279561183,0.050998940795826175
0.546,0.17817261648197816,0.24098063179799015,0.609056841693216,0.050825101450526766
0.548,0.1814504800733952,0.2377705459564301,0.6217986989157249,0.05070900111745795
0.55,0.18336218679965452,0.2396474541319279,0.6233245704273837,0.0509572993680861
0.552,0.18161927190322782,0.23823888047894587,0.6162044244688099,0.05157289585658623
0.554,0.17808920622038935,0.23497547188973217,0.6086581230474539,0.05143426120359413
0.556,0.1778798930027753,0.24022684012551127,0.6292498919363511,0.05143762013819433
0.558,0.18221291009535362,0.24002179928800263,0.6178842798679491,0.0509174735367449
0.56,0.17871710356877907,0.23569181830768696,0.6227895952303854,0.05075801883738751
0.562,0.18019145081334753,0.24005274930846435,0.6181718020089422,0.05088758473648572
0.564,0.17739674678073156,0.23722334277521487,0.6295771465497649,0.0492618752203481
0.566,0.17698493262648873,0.23502302448072676,0.6160967339192233,0.05060205291958896
0.568,0.17983263526496815,0.23500391125452322,0.6257808493284317,0.05033810566270769
0.57,0.1763647428700168,0.2380470439094993,0.625555418300813,0.05009928024940273
0.572,0.177419053970525,0.23813653388730072,0.6257905391746739,0.04963066120983184
0.574,0.17383760771558318,0.23636689815465922,0.609904532130585,0.05013654152871157
0.576,0.17946046944466912,0.233135639104384,0.6151993259772257,0.05096437144999236
0.578,0.17658689351546683,0.23000475550573946,0.6288303749061399,0.049242829162559794
0.58,0.17499367749921654,0.23497071701350705,0.6164988524413555,0.0492640990742043
0.582,0.1778788930141601,0.234217494812319,0.6238514352046197,0.050104296818025175
0.584,0.17493247727615366,0.23406467731717048,0.6193748481647614,0.04960693807750799
0.586,0.17258420892159623,0.2288364817496126,0.6277344560347377,0.049310196672889293
0.588,0.17680657854248752,0.23743320331412832,0.6153420164304074,0.04957739216309035
0.59,0.17581339435488713,0.2330807525084213,0.6234508879667063,0.049249742640453155
0.592,0.17331199828470475,0.23200473257382384,0.62261363982876,0.048755806111533864
0.594,0.17496377617561618,0.23239090798611528,0.6263245277133803,0.04915506859984323
0.596,0.1755931810189643,0.23035789690848385,0.6220987004265767,0.049989487244861776
0.598,0.17255327823805328,0.23069718229461514,0.6271135078505424,0.049341938763137104
0.6,0.17552101096077652,0.23024128974093935,0.6262913151367644,0.048796525416411926
0.602,0.17100910960004126,0.23239710702306343,0.6263086815759035,0.04928513120986994
0.604,0.17181665802850252,0.23067841980510462,0.622356910203614,0.04892247773648524
0.606,0.17238551161062007,0.22786659733062206,0.6278419154129883,0.048564809922312206
0.608,0.17195290385594086,0.23139772529058894,0.6267083432818921,0.04919191982527971
0.61,0.17040796662163998,0.22827767292667234,0.6259095363610591,0.04909780404469942
0.612,0.17090955937852073,0.23172643069109589,0.6133169128318039,0.04846586918481385
0.614,0.17289297480628976,0.22994906082088298,0.6224150511900376,0.04831940128661412
0.616,0.17134439196029944,0.2275927233443309,0.6286580795471143,0.048903790297494254
0.618,0.1692397610162604,0.22644030919586955,0.6136198283353382,0.048978531406957786
0.62,0.1700411380944006,0.22594518851687953,0.6220020774532286,0.048474221815987165
0.622,0.1702820319038667,0.22136750630508845,0.6264411526145957,0.048342830442967166
0.624,0.16655527310970855,0.22785839987039935,0.6341589927503365,0.04713907504204645
0.626,0.17020327914986927,0.22361926125293172,0.6154238359452875,0.048438502123764375
0.628,0.17386932253692233,0.22798276822374922,0.6226898618456571,0.04754874973781548
0.63,0.1707015119639435,0.2221300152245206,0.6252437314425822,0.04856493362440331
0.632,0.16859334785134583,0.22474254347386302,0.6275447637960886,0.047284411041281484
0.634,0.16917446343215828,0.22652750700254115,0.6076118180028374,0.04820297286912209
0.636,0.16957723340113148,0.22439418630388344,0.6068428994728501,0.04784016870393483
0.638,0.16940498644236474,0.2253105836053603,0.6174050070005455,0.04816181306814718
0.64,0.16488295029602937,0.22212475789534963,0.6174077105019625,0.04713890964181881
0.642,0.16657161653702848,0.22433309054884787,0.6346632036111246,0.048106608946710365
0.644,0.16842543806541216,0.22089691452900734,0.6244861332636839,0.04689025330556986
0.646,0.16908694612327865,0.22156992675430917,0.6136070345397217,0.04758579311710971
0.648,0.16544778377407435,0.22653079408006108,0.6154295869516461,0.04714500558499914
0.65,0.16831267075501585,0.2199717890856882,0.614422223729958,0.04801484835081807
0.652,0.16710801597927782,0.22242099349897612,0.6263572883099402,0.046816416020407516
0.654,0.16685010555777907,0.22155558652265078,0.618816102229346,0.04701163684618428
0.656,0.16514230799940352,0.21982498302233833,0.6236451585288786,0.046845938881664065
0.658,0.16489026295397582,0.21952682593311848,0.6173928875195154,0.04783691461449019
0.66,0.16382332602809385,0.21728593718493913,0.61638177424116,0.04601592914472737
0.662,0.1653793216227598,0.22042595093214182,0.6337716528503564,0.04745360507423183
0.664,0.16566238805112946,0.22007220841743674,0.6225665320651208,0.047120487961369674
0.666,0.16273718552936836,0.21834061684315206,0.6208668021040444,0.04664307240859094
0.668,0.166506270146157,0.21607747412749523,0.6176738800568538,0.04647842064308987
0.67,0.1637869273315275,0.21217365526813262,0.6095165016923615,0.04723977623243353
0.672,0.16640457899729422,0.21966480028310473,0.6061500112384037,0.04638656093134165
0.674,0.1650854033513224,0.21639439529799218,0.6194866740007022,0.04537595042387927
0.676,0.16305227582171528,0.22050600702014303,0.6162401074358363,0.04642496540023265
0.678,0.15753385919088844,0.21600819358990833,0.6238116521389878,0.045944470206905993
0.68,0.16150820780878503,0.21554918894317973,0.6224465010820054,0.04662844929865902
0.682,0.16095728173389734,0.21745479815257213,0.6139242747479002,0.047046484060772366
0.684,0.16334001480657132,0.21690759649950653,0.6228768273316174,0.046541307559609314
0.686,0.16233273692023775,0.2168693164083584,0.610626610278497,0.046135626232324214
0.688,0.16000962354594592,0.2166244953807599,0.6318046585979761,0.045855153744571366
0.69,0.16292532712417362,0.21606667953499253,0.6128909364898014,0.045633023359216734
0.692,0.16233369113836166,0.21542860552258966,0.6274579497460535,0.04593211187368634
0.694,0.1643095775391975,0.21413769839503866,0.623932959539802,0.04630329965504543
0.696,0.16243136084154888,0.21260718376092808,0.6208273033957319,0.046832435481141035
0.698,0.162352159338375,0.21452976157913572,0.6154893092234783,0.04607685701530722
0.7,0.16426866801600992,0.20836539390831346,0.6231238040557467,0.045332476065756716
0.702,0.1616277056227656,0.215338638253423,0.6274735823292635,0.044971314801113584
0.704,0.16163440027221368,0.21113419034791206,0.6157330721038486,0.04617444004792555
0.706,0.16027848322621305,0.20957650397662428,0.6267130286507989,0.04603573319992072
0.708,0.16014990214836866,0.21260844673289742,0.6204094720371878,0.04512318744842267
0.71,0.16021601504328603,0.2134520801262392,0.6345230055586288,0.04595091726887495
0.712,0.16047296656209128,0.21428469414477608,0.6251302894105388,0.04617208726877407
0.714,0.16163147518654625,0.2087641469674446,0.6185929829405257,0.046075289244049966
0.716,0.15753826748829833,0.21122984206810647,0.61502927512226,0.04542882211674988
0.718,0.15808247370292147,0.2113757877358563,0.6230167117162007,0.04523264413867818
0.72,0.15798213071174635,0.20714447723925614,0.614907017726557,0.04564560744918629
0.722,0.15651837589062695,0.20866994035471917,0.6119699813479622,0.04454156411518487
0.724,0.1580487349852971,0.20679895211092741,0.6233750040473773,0.04478421413978919
0.726,0.15597442429634778,0.21021096496274835,0.6244044025438634,0.04541543165671031
0.728,0.15824574585109022,0.20598656221913678,0.6258554943643906,0.04525058246230617
0.73,0.15530757578609147,0.20833066144631268,0.6147547588228341,0.044589834161404586
0.732,0.1610127386577949,0.21212957645505495,0.6153791148582279,0.044470943986443336
0.734,0.15835051225364796,0.20711267163780545,0.6220140517611458,0.04566369434611808
0.736,0.1548897637472881,0.20656026779195855,0.6299178370912538,0.045315668707416525
0.738,0.16114516667495393,0.2085856810181651,0.6237680163231576,0.04473395246062319
0.74,0.1539157678540347,0.21095429587308603,0.6120585550811269,0.04403230639359476
0.742,0.1556757844142685,0.20614295697358317,0.635963059006947,0.04461938273976772
0.744,0.15677810728878724,0.20454561629358467,0.622236827298402,0.044376005230118656
0.746,0.15236723069070654,0.2064903523975693,0.6207347402828762,0.043683904518690454
0.748,0.15324760488692787,0.20403330792340355,0.6220836650830981,0.044340187679877144
0.75,0.15730639179405884,0.20556177995002928,0.6157212916276971,0.04419886762491677
0.752,0.15478562404554885,0.2052039865571576,0.6122798695171421,0.04384391858077125
0.754,0.1539500791207497,0.20381846509605706,0.6253953255446206,0.04389522258599668
0.756,0.15647291254350362,0.2061814187261962,0.6177502357431166,0.04417424582562541
0.758,0.15532639601456708,0.2056503794030869,0.6177385108912427,0.043489999105079315
0.76,0.1551518110474737,0.20557617641709855,0.6311781509065129,0.04432053632691251
0.762,0.15398972286130447,0.20385436849674823,0.6100426311946103,0.0446228187793893
0.764,0.15542606607536244,0.20548594066414394,0.604272255126159,0.04419902973965928
0.766,0.1546784408302365,0.2043831418631225,0.6252699522997761,0.04397609073565827
0.768,0.15489940500412752,0.20177474573895895,0.6227513748443452,0.04342529050990262
0.77,0.15580573741463566,0.204595961227941,0.6136062149133492,0.04384718880708894
0.772,0.15414090411400708,0.20542320236066328,0.622626028968904,0.04396198260733758
0.774,0.15473793842959105,0.20349142839163456,0.6146020880849007,0.043936182123113815
0.776,0.15137506303611828,0.20079836888675057,0.6232734258939067,0.042983409464619204
0.778,0.15297333827131554,0.20438820857747744,0.6199933180528326,0.04344406660146446
0.78,0.1532373095374617,0.20062821292192787,0.6215039527493657,0.043147937227560426
0.782,0.15200134889975728,0.20412916563690045,0.6213245018540615,0.04310360853332049
0.784,0.15053388923348396,0.1992664673785936,0.6129582864538231,0.043139332106588865
0.786,0.1500346567641952,0.19929026008010503,0.6297266352932656,0.04342489466192551
0.788,0.15280260986875124,0.1988415152004423,0.6239663729331993,0.043348309085085544
0.79,0.15137093423284478,0.19883936109275088,0.626958550283689,0.043211051501378814
0.792,0.15043636164385338,0.2011376117802929,0.6170143192967456,0.04305280822585148
0.794,0.1505038261418362,0.19648300063941557,0.6247263715198839,0.04274853896636426
0.796,0.1501795679960594,0.1958575588086522,0.6025370930457954,0.04321320001142803
0.798,0.15158154488311273,0.1969304430191918,0.6225755870164599,0.04341646158725343
0.8,0.15013558133083707,0.19958662780941877,0.6068937239189456,0.04238233041985579
0.802,0.14957702372100548,0.19738870149801957,0.614863265296953,0.04255297573083099
0.804,0.14828471317560812,0.1923336803168063,0.6135486861961602,0.04214409128926947
0.806,0.14990613314359022,0.1948765089137615,0.6285038990677814,0.04347322678375472
0.808,0.15004886209287432,0.19660216920322618,0.616001203006248,0.04342823983597153
0.81,0.15116993538368814,0.193483875865085,0.6127535532918583,0.042552210837939676
0.812,0.1510956028367817,0.1969853370300598,0.6121111399731421,0.04231632751345896
0.814,0.1480716515933968,0.1954065468182419,0.627188281907628,0.04187747276642219
0.816,0.1509740583086231,0.19210895885647056,0.6228650295221744,0.04300928876133951
0.818,0.150094199231194,0.19391215257184752,0.6206424150944727,0.042444765981403544
0.82,0.1482785735080215,0.198645997926147,0.6249631865904149,0.0415053381379877
0.822,0.1483413875742219,0.19542287784785742,0.6240490771279132,0.041824067416917445
0.824,0.1454045573053897,0.19374699115033875,0.613653494511953,0.04195450592861435
0.826,0.14506134290232997,0.1949766731001008,0.6239012730622672,0.04179376827458201
0.828,0.14709153758320795,0.19517567874220693,0.6228147323252681,0.04201633667956406
0.83,0.14613622921843203,0.19130123474971394,0.6205967880450305,0.04204587158413399
0.832,0.145694956357436,0.19142314788697998,0.6173479469662573,0.04133541428386254
0.834,0.14700660809704763,0.19467106516974617,0.6193305495197454,0.04139995301307492
0.836,0.1455427594508191,0.1936583274406591,0.6217828258184714,0.04245056880408197
0.838,0.14667946692299513,0.1899225617563639,0.6221317169644979,0.041849446228581264
0.84,0.1458032240168122,0.19043273399846922,0.615943380671039,0.041308981719800984
0.842,0.14573553621400342,0.19479209919350796,0.6232432851647512,0.04143577202619566
0.844,0.14603387146320293,0.18846556823530358,0.6133445305666324,0.04179953418042669
0.846,0.14702787896258637,0.1977653782660409,0.6255979439009091,0.041661689564051925
0.848,0.1464469665511946,0.19117571173621353,0.6168326112688922,0.04125982182958496
0.85,0.1466877190818646,0.19283061511355545,0.6228219381124362,0.04213415430016589
0.852,0.14529138166448524,0.19159104467541663,0.6247107001625207,0.04173021842840119
0.854,0.14372675667134308,0.18480559511792574,0.6062105430871974,0.0410545712017853
0.856,0.14507753039336468,0.1901559710859522,0.6201352188917071,0.04083327488155036
0.858,0.1437982838955949,0.19479054090256456,0.6247729088414391,0.04096161787711437
0.86,0.14098923579324132,0.18970751490681578,0.6315350438550194,0.041002371560224606
0.862,0.14650016268915336,0.1877995469702641,0.6122435473631587,0.0415177595184729
0.864,0.14344840216281207,0.18658554424299695,0.6163118668501307,0.04062364922227349
0.866,0.14674551235249403,0.19010967131723652,0.6103552049489362,0.04080235119932853
0.868,0.1447050715105678,0.18998729160216812,0.620274528630144,0.04117121794837601
0.87,0.14311317469589047,0.1878185976320723,0.6121927377288571,0.04113644795535486
0.872,0.14302255467700029,0.18568467166737115,0.6161715145892139,0.04038342582437871
0.874,0.14274956235791766,0.1851567784064794,0.6213695944701546,0.04083460310847596
0.876,0.14030636098272325,0.18817374119090588,0.6080703775934763,0.04072591460254672
0.878,0.14279129995507164,0.1861525211092298,0.6169294470535113,0.040629671734370404
0.88,0.14388335557942614,0.18608083617971138,0.6219212642325919,0.04049119926957166
0.882,0.14409447809068557,0.18840542418178863,0.6244302394701362,0.04054643255699196
0.884,0.14061995226469462,0.1857820379121126,0.6240007912293607,0.040226398185829904
0.886,0.14096236326100497,0.18749281551024083,0.6081913158377591,0.03930210270446507
0.888,0.14361850537978546,0.18681683647564673,0.6160273115015672,0.040006744230050566
0.89,0.14358123499494002,0.18454743339671623,0.620335300744452,0.040560549620641054
0.892,0.14020526660523225,0.18410387873576284,0.6176706732902182,0.04069726301151028
0.894,0.13980996830682443,0.18305868476515585,0.6230981408554563,0.03973529362542424
0.896,0.14229876321430726,0.18157786416579882,0.6314771818082661,0.03933189372448575
0.898,0.1401889332931754,0.18574917484710363,0.6259275511448589,0.03973086913764151
0.9,0.14080789847037128,0.18286313627494288,0.6226046533658918,0.03979276613950201
0.902,0.13997918222235695,0.1821240367362404,0.6153454439556035,0.040599483888858263
0.904,0.13699053494003882,0.18443737399660948,0.6167441182922824,0.0404311363519185
0.906,0.1403828140871729,0.18155346702267997,0.6110161979220133,0.03998414477924943
0.908,0.14041253394068517,0.18331203035595814,0.6049371070808993,0.04003961001699378
0.91,0.14038289054540393,0.18301234349925588,0.6131894394189153,0.03961139511321174
0.912,0.14028622060552293,0.18215426307508925,0.6243169276144891,0.04019284829992911
0.914,0.1394485685015061,0.1837556217879641,0.6249862102110444,0.03951411653008177
0.916,0.140963011500923,0.18255942833025304,0.6237146276553462,0.03952009079454432
0.918,0.13830672100145336,0.17873410180330063,0.6194332421545381,0.03952931525308259
0.92,0.1358564345234579,0.1824424716412206,0.6180071431448663,0.03965222633660446
0.922,0.13941625721767653,0.18141385777845995,0.6134544529367576,0.03996823238220695
0.924,0.13800357595910612,0.17963145478482379,0.6177269547955486,0.03896260226922488
0.926,0.13994415786593517,0.1766356279841105,0.6253984972273486,0.03919193278747978
0.928,0.13884915266529954,0.17933426783907103,0.6107973779218413,0.039359488398412745
0.93,0.13812087129771303,0.18127760936506784,0.6156777873166508,0.039600000209482705
0.932,0.13603070089693406,0.18425455560661766,0.6068826928527198,0.03856553593926322
0.934,0.13692270321302602,0.1795249046096003,0.6177240041120726,0.039089747596906976
0.936,0.13833458887400163,0.1800146129170665,0.6104040305071358,0.039046188156296416
0.938,0.1351850271132491,0.18083872069723944,0.6213813910326306,0.03930617337337129
0.94,0.13394660118246207,0.17531965785653064,0.628375097537173,0.038349424396368355
0.942,0.13519130727861522,0.17873430176916688,0.6214773193583828,0.039724272065464666
0.944,0.1382862570686129,0.18246009110646283,0.6144148888135331,0.039292825385102245
0.946,0.1363466067259509,0.1764765485671636,0.6190612098147938,0.03938942956334273
0.948,0.13630682271179986,0.17923710212674698,0.6123330746852835,0.03876565253057741
0.95,0.13339643768171403,0.1776232166309257,0.6161782120090286,0.038286626542533085
0.952,0.13749823104628175,0.1757735358098061,0.6191207266953113,0.038301377369447526
0.954,0.13533043874614997,0.17773798889161288,0.6195484471052934,0.03870726072409952
0.956,0.13477746220944112,0.17651965853168303,0.616547996537662,0.03864293445901327
0.958,0.13589861918282178,0.17824536297388938,0.6151283426335753,0.03897042617987707
0.96,0.13468198188057826,0.17710682866142782,0.6216861214021177,0.0385624431205146
0.962,0.1337081218258893,0.17741205742376207,0.6140631137295368,0.038539719690465477
0.964,0.13357177702143566,0.1730542802589539,0.6042415670711307,0.03806789493631546
0.966,0.13211324966535687,0.17748015716715204,0.614133706946261,0.038601610227710664
0.968,0.1336465894474029,0.17248591868952162,0.6153196304014465,0.03777324839051768
0.97,0.13219237201226683,0.17348066080667798,0.6151759999516525,0.03755005419767341
0.972,0.13125653942988727,0.1747824842475739,0.6126987907952917,0.0388450912173678
0.974,0.13244412643629205,0.17313033668637828,0.611996664717984,0.038220076852863605
0.976,0.13560402025418808,0.17388311246518431,0.6175132578429795,0.038260563999008186
0.978,0.13048780826379122,0.17381734826931466,0.6254846967252894,0.03820408951846385
0.98,0.1324110542579059,0.17250493655054563,0.615667590335069,0.037998503828887954
0.982,0.13178987320537883,0.17346746393613405,0.6123247651142458,0.03824503571816697
0.984,0.12811964040072205,0.17352492875087822,0.6114657395238202,0.037731506716781854
0.986,0.13227059214602901,0.17167337314225442,0.610216463204538,0.03880985884951913
0.988,0.13005126210868706,0.17163492355023727,0.6117852480398123,0.03810350739921936
0.99,0.1293336297086012,0.17294697707080378,0.6203081391388899,0.03789014884487457
0.992,0.13278376647510937,0.17120778233267303,0.6212744475431959,0.036664677172471426
0.994,0.13098373280411568,0.17313976487407756,0.6115183451171221,0.03818366214000678
0.996,0.13429565874459648,0.17318578414998984,0.6184534604800858,0.0377182325720458
0.998,0.13176507330398787,0.16957080298632035,0.6154272704146856,0.03724058592023091
1.0,0.13080840576209793,0.17059835494829753,0.6013224920755132,0.037370560645242384
