-1.0,0.4109871550658241
-0.998,0.4131269438938698
-0.996,0.4151851846118908
-0.994,0.41734494805350036
-0.992,0.419333918009675
-0.99,0.4214572621391523
-0.988,0.42364252131948493
-0.986,0.4257589120918594
-0.984,0.4278351878434026
-0.982,0.4300272044891284
-0.98,0.43213471102159134
-0.978,0.4342524602045935
-0.976,0.4365355264268115
-0.974,0.43859740635665456
-0.972,0.4407557281212434
-0.97,0.4429562705571865
-0.968,0.44503499529507384
-0.966,0.447230246265189
-0.964,0.44943425704702816
-0.962,0.45161160387221655
-0.96,0.4537277369164729
-0.958,0.4559329534191
-0.956,0.4581610757755561
-0.954,0.46032107323595983
-0.952,0.4625465189230585
-0.95,0.4648362766667062
-0.948,0.46703837445676133
-0.946,0.46916278371300063
-0.944,0.47144813915077727
-0.942,0.47357083311796194
-0.94,0.47594824916031336
-0.938,0.47812438488509124
-0.936,0.48050342379545263
-0.934,0.482665196310627
-0.932,0.48500265826209177
-0.93,0.4871971164511003
-0.928,0.48948644178446893
-0.926,0.4917175029058946
-0.924,0.49402320594003507
-0.922,0.4963421660720857
-0.92,0.49860010772397284
-0.918,0.5009119629449178
-0.916,0.5031326251686745
-0.914,0.5055171972801226
-0.912,0.5077309770601995
-0.91,0.510140816980501
-0.908,0.5124264918676845
-0.906,0.514770387529505
-0.904,0.5170729687679928
-0.902,0.519446697433334
-0.9,0.5218097543522074
-0.898,0.5241901525325304
-0.896,0.5264377099682851
-0.894,0.5288267977231188
-0.892,0.5312108808177549
-0.89,0.5335217031411442
-0.888,0.5359565834771022
-0.886,0.5382813386041925
-0.884,0.540764934368141
-0.882,0.543111334763263
-0.88,0.5454031959437174
-0.878,0.5479005331067247
-0.876,0.5503313156673718
-0.874,0.5526157098639524
-0.872,0.5551682549927036
-0.87,0.5576162029163149
-0.868,0.5599241999212713
-0.866,0.5624771910618396
-0.864,0.5647901498380067
-0.862,0.5673259311584586
-0.86,0.5697503223155794
-0.858,0.572195636081984
-0.856,0.5747032041179685
-0.854,0.5770728476802338
-0.852,0.5796073197235796
-0.85,0.582109040143121
-0.848,0.5845665712952334
-0.846,0.5870589234960545
-0.844,0.5894709542822615
-0.842,0.592072193046035
-0.84,0.5945580574342302
-0.838,0.5970906864573834
-0.836,0.5996869329679749
-0.834,0.6021114876956235
-0.832,0.6046951802807864
-0.83,0.6071216649416996
-0.828,0.6096745905271179
-0.826,0.6121094527648343
-0.824,0.6146621769883523
-0.822,0.6175054627638974
-0.82,0.6199377994629144
-0.818,0.6224132869332356
-0.816,0.6249751735416532
-0.814,0.6276010711161415
-0.812,0.6302323123698398
-0.81,0.6326267675888617
-0.808,0.6353710283368972
-0.806,0.6379576175353916
-0.804,0.6405054231116782
-0.802,0.6431345822610376
-0.8,0.6459573326756058
-0.798,0.648420059815644
-0.796,0.6511100706273767
-0.794,0.6535585305115467
-0.792,0.6564003253718798
-0.79,0.6589594027905238
-0.788,0.6615524531366644
-0.786,0.6641870587334013
-0.784,0.6668732029168699
-0.782,0.6696315756988533
-0.78,0.6721260103964383
-0.778,0.6748629386485677
-0.776,0.6775755994659727
-0.774,0.6801940980394388
-0.772,0.682992735866142
-0.77,0.6856590818633415
-0.768,0.6883456855133874
-0.766,0.6911822625722482
-0.764,0.6937269614890125
-0.762,0.6965100255178728
-0.76,0.6992815590112634
-0.758,0.7020231430174272
-0.756,0.7047417932489655
-0.754,0.7075546356702935
-0.752,0.7103741590586159
-0.75,0.7129918132511663
-0.748,0.7157554990030326
-0.746,0.718596110581873
-0.744,0.7212276691191106
-0.742,0.7242106185315896
-0.74,0.7268184769799849
-0.738,0.7297248997651545
-0.736,0.7324460269933994
-0.734,0.7352892956205254
-0.732,0.7379693838731438
-0.73,0.7408059264121797
-0.728,0.7437027581220569
-0.726,0.7465646343692708
-0.724,0.7492153996321688
-0.722,0.752196574616573
-0.72,0.7548983317900378
-0.718,0.7578940973987512
-0.716,0.7606970686160166
-0.714,0.7635453936953963
-0.712,0.7664476792526205
-0.71,0.7692632432931923
-0.708,0.7719065994185401
-0.706,0.775178428440588
-0.704,0.7778238776240841
-0.702,0.780717602507397
-0.7,0.7836946883582312
-0.698,0.7866133179782012
-0.696,0.7895874665189775
-0.694,0.7924743154040799
-0.692,0.7954238661352969
-0.69,0.7984454393498231
-0.688,0.8013280022164266
-0.686,0.8039919211998531
-0.684,0.8071499561331437
-0.682,0.8100900378757144
-0.68,0.8129457389295904
-0.678,0.8159518628850853
-0.676,0.8189689801424644
-0.674,0.8218908960778443
-0.672,0.8248230117231591
-0.67,0.8276673594807346
-0.668,0.8308944493634685
-0.666,0.8338807513426623
-0.664,0.8368273264204561
-0.662,0.8397569682393925
-0.66,0.8426887530922065
-0.658,0.8458828635839857
-0.656,0.8487601207864646
-0.654,0.8518672058189496
-0.652,0.8548302275964488
-0.65,0.8578987592383035
-0.648,0.8608842248917198
-0.646,0.8640351004643001
-0.644,0.8670746106187072
-0.642,0.8699812387455982
-0.64,0.8731304020273887
-0.638,0.8761141963735061
-0.636,0.8793137519733213
-0.634,0.8823042152848618
-0.632,0.8854471085023358
-0.63,0.8884869682570553
-0.628,0.8916048541313543
-0.626,0.8946579815382499
-0.624,0.8978349589000912
-0.622,0.9007508716952246
-0.62,0.9039859809080851
-0.618,0.9071332869581246
-0.616,0.9101682931120688
-0.614,0.9133446184459185
-0.612,0.916445733255129
-0.61,0.91970874301747
-0.608,0.923004195834502
-0.606,0.9258717257365099
-0.604,0.9291319221956111
-0.602,0.9322900532495896
-0.6,0.9355630321939568
-0.598,0.9385210948717151
-0.596,0.9416505623077768
-0.594,0.944906584953374
-0.592,0.9481714383373331
-0.59,0.9512722070228514
-0.588,0.9542693583300811
-0.586,0.9576779007155338
-0.584,0.960936407720047
-0.582,0.9640178693985221
-0.58,0.9674449837904633
-0.578,0.9704596690701357
-0.576,0.9738147423177077
-0.574,0.9769540163182581
-0.572,0.9802621060690544
-0.57,0.9833070621898485
-0.568,0.986640493617613
-0.566,0.9899688906744888
-0.564,0.9931293051245839
-0.562,0.9962844298185903
-0.56,0.9996598180833934
-0.558,1.0030213125750702
-0.556,1.006218113430388
-0.554,1.0097019013421908
-0.552,1.0127061385261498
-0.55,1.0161584422266898
-0.548,1.0193380777277066
-0.546,1.0226450067086519
-0.544,1.0260198904233846
-0.542,1.0293842975362923
-0.54,1.0326256706818262
-0.538,1.036066826529555
-0.536,1.03927041605694
-0.534,1.0424304030936853
-0.532,1.045880457513348
-0.53,1.0492482278427446
-0.528,1.0526783697719144
-0.526,1.0559798213558498
-0.524,1.0590607617534957
-0.522,1.0627038024729651
-0.52,1.0659585706153019
-0.518,1.06937023103572
-0.516,1.0726220092203957
-0.514,1.0761305344159284
-0.512,1.0793357126917285
-0.51,1.0828130279597499
-0.508,1.0862032735423657
-0.506,1.0895729998088854
-0.504,1.0928569896927505
-0.502,1.0962738550693698
-0.5,1.0996858811195973
-0.498,1.1027775736640621
-0.496,1.106560556896827
-0.494,1.1097890755337223
-0.492,1.1134288347305108
-0.49,1.116519383342079
-0.488,1.1199408130528823
-0.486,1.1236342985981245
-0.484,1.1269857634315765
-0.482,1.130581686211318
-0.48,1.133762672920102
-0.478,1.1372093352873358
-0.476,1.1405689595761879
-0.474,1.1442798071117413
-0.472,1.1474606362823245
-0.47,1.1509659325685617
-0.468,1.1546151073379787
-0.466,1.1578505919400122
-0.464,1.1613405992885728
-0.462,1.1649113126955637
-0.46,1.1684712962792554
-0.458,1.171929536445122
-0.456,1.1752415635145124
-0.454,1.178921248778999
-0.452,1.1821679612083489
-0.45,1.185860137968262
-0.448,1.1891289161141938
-0.446,1.1927814981021663
-0.444,1.1964185178011626
-0.442,1.1996502058041336
-0.44,1.2032534368317165
-0.438,1.2068396206318066
-0.436,1.2101595212258838
-0.434,1.2138255569362693
-0.432,1.217192884424537
-0.43,1.2207238816221269
-0.428,1.224454359146185
-0.426,1.2275328367004332
-0.424,1.231240063091059
-0.422,1.2348791853006096
-0.42,1.2383306640628429
-0.418,1.2418165851785452
-0.416,1.2456109195893743
-0.414,1.2488957503123503
-0.412,1.252309761880539
-0.41,1.2560192138937032
-0.408,1.2596159262438826
-0.406,1.2633545912261446
-0.404,1.2667890959563144
-0.402,1.2704175915094034
-0.4,1.2737573270898976
-0.398,1.2775063853782997
-0.396,1.2809120356188317
-0.394,1.2843177501029261
-0.392,1.2879451983742614
-0.39,1.291604086259066
-0.388,1.2954026255684996
-0.386,1.2987944383874055
-0.384,1.3023659240911976
-0.382,1.306000726805335
-0.38,1.3096541040946355
-0.378,1.3131451645229713
-0.376,1.3167023225898644
-0.374,1.3201764633179012
-0.372,1.323772875628891
-0.37,1.3273978164754239
-0.368,1.3308523546092659
-0.366,1.3345143943919175
-0.364,1.338273277824103
-0.362,1.3418010188101286
-0.36,1.3457535585579747
-0.358,1.3491822207884916
-0.356,1.3526203180123197
-0.354,1.356122471512976
-0.352,1.3597777043062536
-0.35,1.363475903416691
-0.348,1.3671275211716576
-0.346,1.3708123071959257
-0.344,1.3742789768158867
-0.342,1.3777116425956866
-0.34,1.381449766945147
-0.338,1.3847333538958209
-0.336,1.388726465647992
-0.334,1.3922484856467936
-0.332,1.395992803384335
-0.33,1.399524801295356
-0.328,1.40295236801619
-0.326,1.406498816630014
-0.324,1.4103800808315439
-0.322,1.4139630822211982
-0.32,1.417602717090876
-0.318,1.421343284289926
-0.316,1.4248092775723458
-0.314,1.42842246699496
-0.312,1.432016391678891
-0.31,1.4358933397517557
-0.308,1.439193284801644
-0.306,1.442706327250643
-0.304,1.446369727948976
-0.302,1.4501690892430017
-0.3,1.453603463261343
-0.298,1.4571200242315507
-0.296,1.4611358131225785
-0.294,1.4644166142260142
-0.292,1.4683372437624231
-0.29,1.4717606255975408
-0.288,1.4754687607373072
-0.286,1.4794202523387754
-0.284,1.482829494737913
-0.282,1.4864029396167175
-0.28,1.4898279993179682
-0.278,1.493688697296547
-0.276,1.4974542278808405
-0.274,1.5009342020748073
-0.272,1.5045292588515544
-0.27,1.5081894454604974
-0.268,1.5115569739863803
-0.266,1.5154693962617074
-0.264,1.5190137879134988
-0.262,1.5227148755602375
-0.26,1.5265400337486068
-0.258,1.5301569813513003
-0.256,1.5334770372867368
-0.254,1.5370785681887673
-0.252,1.5407294367421993
-0.25,1.544264663540161
-0.248,1.5481599957288095
-0.246,1.5514850770198905
-0.244,1.5552145206161088
-0.242,1.5586336563349303
-0.24,1.5623138474174378
-0.238,1.5659850562806679
-0.236,1.5696046450337475
-0.234,1.5731461172328465
-0.232,1.5768759956431304
-0.23,1.5804071737135934
-0.228,1.584105303727536
-0.226,1.5874192628840382
-0.224,1.5914681264134474
-0.222,1.5950911882760712
-0.22,1.5984399896030972
-0.218,1.6019503330640057
-0.216,1.6055877955995395
-0.214,1.609117957710407
-0.212,1.6127972150154797
-0.21,1.6160234978633212
-0.208,1.6199328642247954
-0.206,1.6234624865589022
-0.204,1.6273684389515686
-0.202,1.6308376416039347
-0.2,1.6343420667272666
-0.198,1.637787611548351
-0.196,1.6415930977118292
-0.194,1.6450688569368106
-0.192,1.6484559956371598
-0.19,1.6522934246241152
-0.188,1.6555462751034886
-0.186,1.6595610924357471
-0.184,1.6628095971353212
-0.182,1.6665343690555698
-0.18,1.6702531073338187
-0.178,1.6734280010941114
-0.176,1.6767934881798636
-0.174,1.6805997494849234
-0.172,1.6841107151568697
-0.17,1.6877570474901817
-0.168,1.6912294831869807
-0.166,1.6944456634665188
-0.164,1.6984495777803434
-0.162,1.701840599030834
-0.16,1.7052025098752566
-0.158,1.7092906972259154
-0.156,1.7126774613710247
-0.154,1.7161503197622312
-0.152,1.7193013438118707
-0.15,1.7230748257830173
-0.148,1.7264368776552141
-0.146,1.7298477122336113
-0.144,1.733514187867703
-0.142,1.7367263524691752
-0.14,1.740595236376533
-0.138,1.7437556020333358
-0.136,1.7475393718633878
-0.134,1.7509204714796973
-0.132,1.7543329854167238
-0.13,1.758039139638558
-0.128,1.7613539891352314
-0.126,1.7650490492597724
-0.124,1.7685371074283052
-0.122,1.7719581551436592
-0.12,1.7750806033382138
-0.118,1.7786083068468845
-0.116,1.7820067416815253
-0.114,1.7858734442607036
-0.112,1.7889899310580237
-0.11,1.792822064502653
-0.108,1.796089542672988
-0.106,1.7993554478226232
-0.104,1.80273289414115
-0.102,1.8059924916681132
-0.1,1.8097634141861838
-0.098,1.813141978896542
-0.096,1.81664810325756
-0.094,1.8198327520897655
-0.092,1.8230257137196773
-0.09,1.8265660354073503
-0.088,1.8302187412418867
-0.086,1.8333549506489637
-0.084,1.8369297849566986
-0.082,1.8402211348324196
-0.08,1.843815339270493
-0.078,1.846791536589151
-0.076,1.8501358180696674
-0.074,1.8536070639904392
-0.072,1.856905409120013
-0.07,1.8604819887573143
-0.068,1.8635903819685102
-0.066,1.8669625273062664
-0.064,1.8703047707035
-0.062,1.8739222860955476
-0.06,1.8768134142399997
-0.058,1.8804025211958897
-0.056,1.8838041801731564
-0.054,1.8869263164902093
-0.052,1.8905858857562616
-0.05,1.8938382822826403
-0.048,1.8968557135683568
-0.046,1.9004105798137416
-0.044,1.9038663846472639
-0.042,1.9069056836415674
-0.04,1.9101048007346668
-0.038,1.913436747894882
-0.036,1.9167183996820056
-0.034,1.9201411183465993
-0.032,1.9232318844793959
-0.03,1.9266004291631993
-0.028,1.9297328980111266
-0.026,1.933018944361121
-0.024,1.9361704152842232
-0.022,1.939465045870531
-0.02,1.9423065992406472
-0.018,1.945904855316434
-0.016,1.9488592678952095
-0.014,1.9519188211078633
-0.012,1.9554571700961962
-0.01,1.9584885582156077
-0.008,1.9623514183862028
-0.006,1.965477990397655
-0.004,1.968353451859713
-0.002,1.9711543184998563
0.0,1.9746893706685786
0.002,1.9775962634754582
0.004,1.9811028699304636
0.006,1.9837090340022268
0.008,1.9873151429957232
0.01,1.9905735748251305
0.012,1.9935655841020155
0.014,1.9968491060418438
0.016,1.9996118205199738
0.018,2.0029182956039526
0.02,2.0059357562281916
0.022,2.009124289978446
0.024,2.0122732529815015
0.026,2.01503968422444
0.028,2.018486453892485
0.03,2.0214960656361574
0.032,2.024480716424196
0.034,2.0278074230921797
0.036,2.030804362095223
0.038,2.03401614533403
0.04,2.0370374909886997
0.042,2.040182062128572
0.044,2.0428668748334693
0.046,2.046218829874391
0.048,2.0489670251604326
0.05,2.051899547792169
0.052,2.0547031842177703
0.054,2.058163227940568
0.056,2.0610547088088857
0.058,2.0640591622369855
0.06,2.0669375011218643
0.062,2.0702878371277125
0.064,2.0732203804329554
0.066,2.0761521897219257
0.068,2.079364250337674
0.07,2.0822989778135828
0.072,2.085593666350911
0.074,2.087780241270222
0.076,2.0909692847569166
0.078,2.094034278866104
0.08,2.0969655182437807
0.082,2.099892618744061
0.084,2.102575774244003
0.086,2.1053684646898994
0.088,2.108641829898704
0.09,2.1116329580292654
0.092,2.1141187915646875
0.094,2.117475176842336
0.096,2.120128563454022
0.098,2.1229526162261294
0.1,2.1258864718443884
0.102,2.128551871508677
0.104,2.131400761707646
0.106,2.1345739003677027
0.108,2.1375904479661854
0.11,2.140142504546206
0.112,2.1428852356596315
0.114,2.1459471171800444
0.116,2.1486149525865796
0.118,2.151481932889364
0.12,2.154387023217976
0.122,2.157075564671707
0.124,2.1600573176010323
0.126,2.1625271480757564
0.128,2.1652418306250913
0.13,2.168146016078815
0.132,2.1709664262599784
0.134,2.1736103703776344
0.136,2.176466281734331
0.138,2.179109390304238
0.14,2.18230556108387
0.142,2.184593512605326
0.144,2.1874169000531323
0.146,2.190515928694605
0.148,2.1930900712774286
0.15,2.195855655590823
0.152,2.19858409526951
0.154,2.201117287839933
0.156,2.203474440449228
0.158,2.2068112185489794
0.16,2.209384431695114
0.162,2.212050487207221
0.164,2.2147056211396547
0.166,2.217319693206534
0.168,2.2201736686404105
0.17,2.2226885843932336
0.172,2.225196513003654
0.174,2.227645265684749
0.176,2.23033556798179
0.178,2.2333734080293697
0.18,2.2357219844014233
0.182,2.238293065733466
0.184,2.2411078983777455
0.186,2.243647133372574
0.188,2.246107654974301
0.19,2.248413027863886
0.192,2.2514357394862263
0.194,2.2540930280562343
0.196,2.2563965132196704
0.198,2.2588612325613817
0.2,2.2612286018305188
0.202,2.2643130518371075
0.204,2.267124826666604
0.206,2.2691310739412174
0.208,2.272163613867431
0.21,2.274365628951314
0.212,2.276692587328853
0.214,2.279662588303797
0.216,2.281587787524582
0.218,2.2842815525926223
0.22,2.2869434295206323
0.222,2.2893537731868387
0.224,2.292209456242254
0.226,2.294527372872328
0.228,2.297018355604343
0.23,2.299230562962067
0.232,2.3016841169378917
0.234,2.3042850386212255
0.236,2.3067446191083323
0.238,2.3090360841470057
0.24,2.3115663545497354
0.242,2.3142277299482727
0.244,2.316440502037168
0.246,2.31851749936872
0.248,2.3218639805863397
0.25,2.323870213162494
0.252,2.326488066124642
0.254,2.3281034994476753
0.256,2.3310563957169133
0.258,2.3333703689348004
0.26,2.3357368456249787
0.262,2.338403037871158
0.264,2.3408231399072466
0.266,2.342979553384775
0.268,2.3450656308303186
0.27,2.3476221902220207
0.272,2.3498470855348583
0.274,2.352533192460837
0.276,2.354798477040255
0.278,2.3569859598320706
0.28,2.3591802485296767
0.282,2.36206656487982
0.284,2.364047437351071
0.286,2.3664283931051493
0.288,2.3689917625306083
0.29,2.3708511998964052
0.292,2.373167974386541
0.294,2.375800185308928
0.296,2.3775561801202025
0.298,2.379757988670225
0.3,2.3823384501264653
0.302,2.3848472617642673
0.304,2.3867650943690073
0.306,2.3892208290620167
0.308,2.3911802882209328
0.31,2.3937452059452085
0.312,2.3959384590160466
0.314,2.3986025806574323
0.316,2.4002985068338165
0.318,2.402413553754123
0.32,2.405056365270354
0.322,2.4072377237610905
0.324,2.4091586523481663
0.326,2.4112785411822424
0.328,2.4133822761634707
0.33,2.415786674066568
0.332,2.4177293910142965
0.334,2.4202105553404096
0.336,2.422840694988296
0.338,2.424672462976466
0.34,2.4268133820943736
0.342,2.428929644152057
0.344,2.430819971232113
0.346,2.433196545963468
0.348,2.435300501047944
0.35,2.437283114588042
0.352,2.4393328887218844
0.354,2.4414884686864804
0.356,2.444161656100218
0.358,2.446047421057134
0.36,2.4481416351834806
0.362,2.4500238212778216
0.364,2.45252072426511
0.366,2.454296682417152
0.368,2.456443329703344
0.37,2.4585493153644684
0.372,2.460686211682835
0.374,2.4625029527075917
0.376,2.4651558955325195
0.378,2.467134812896268
0.38,2.469361986355664
0.382,2.470953978690429
0.384,2.4731593362710473
0.386,2.4748151019873337
0.388,2.477457805918509
0.39,2.479350559758729
0.392,2.4810029920514722
0.394,2.482965186496076
0.396,2.4858521678056125
0.398,2.487594328926701
0.4,2.4895772149669124
0.402,2.4917508620787814
0.404,2.4941743306916866
0.406,2.4955722178331894
0.408,2.497506948103405
0.41,2.4998468011356736
0.412,2.501756884302326
0.414,2.503694490149838
0.416,2.505717871795566
0.418,2.5072674783289677
0.42,2.509482994242127
0.422,2.511479596578035
0.424,2.5139595887091706
0.426,2.5152594040777294
0.428,2.5175454337851786
0.43,2.5192403812297806
0.432,2.520975310585944
0.434,2.523556941724065
0.436,2.5251684220795667
0.438,2.5273943829801073
0.44,2.529195329628462
0.442,2.5311911782884082
0.444,2.5330349082053774
0.446,2.534834301065566
0.448,2.536892546045113
0.45,2.538978360966411
0.452,2.540780687355643
0.454,2.5426314902494576
0.456,2.5446471072555026
0.458,2.5462553208385286
0.46,2.5480734960727762
0.462,2.5506802788748
0.464,2.5519495887878896
0.466,2.5541151866116927
0.468,2.556218746073183
0.47,2.5576648305961713
0.472,2.5599605128733027
0.474,2.561693784934876
0.476,2.5638609405107604
0.478,2.5651202141712606
0.48,2.5669032052875385
0.482,2.56867910852782
0.484,2.5708316842249626
0.486,2.572611933855727
0.488,2.5751958447443664
0.49,2.5766078436855695
0.492,2.5781929591844963
0.494,2.580007922433115
0.496,2.5821053171763184
0.498,2.584109373261631
0.5,2.5859626685545862
0.502,2.5871972989580123
0.504,2.5900620136845482
0.506,2.59158554283374
0.508,2.592671855143118
0.51,2.59480576034426
0.512,2.5966718458694813
0.514,2.598736941548352
0.516,2.600181918796304
0.518,2.6020485626760657
0.52,2.6041452595143517
0.522,2.605888589226706
0.524,2.6070012144337618
0.526,2.6092757006261267
0.528,2.6107308642801166
0.53,2.612866226228623
0.532,2.6142256776897983
0.534,2.6162001665969696
0.536,2.618230999774495
0.538,2.6199036465882095
0.54,2.621646472472664
0.542,2.6233475080113293
0.544,2.625399580048983
0.546,2.62709931984112
0.548,2.6283065337845803
0.55,2.6300268582431623
0.552,2.6320677857777053
0.554,2.6340577514218233
0.556,2.6358490505159327
0.558,2.63688619150946
0.56,2.6392204368647625
0.562,2.6410648510457673
0.564,2.642497274281911
0.566,2.6443628409735287
0.568,2.6462278953770175
0.57,2.647805372632213
0.572,2.649870437682935
0.574,2.6510943735892347
0.576,2.6530619379310973
0.578,2.65421155669069
0.58,2.656689151378042
0.582,2.657671375218572
0.584,2.6596594513090714
0.586,2.661437653812561
0.588,2.6631839090841463
0.59,2.6646034610087943
0.592,2.6668438994721435
0.594,2.6680136633180074
0.596,2.6692475897861363
0.598,2.672088022036092
0.6,2.6738289303441363
0.602,2.6747243133885856
0.604,2.676356267299845
0.606,2.678000465970136
0.608,2.6798726742968464
0.61,2.6815963062530352
0.612,2.683783820146588
0.614,2.685116645997701
0.616,2.686395208430639
0.618,2.687973144984072
0.62,2.6901510789558913
0.622,2.6915333954435545
0.624,2.6935298825962493
0.626,2.6943576110514584
0.628,2.6962245842825565
0.63,2.6979691406205353
0.632,2.6994316939862704
0.634,2.701315113509531
0.636,2.702883734635032
0.638,2.705125365333487
0.64,2.7061953239276395
0.642,2.7076934300939617
0.644,2.709333563208051
0.646,2.7110088425970873
0.648,2.712896742729988
0.65,2.7144392901352425
0.652,2.715876076838973
0.654,2.717430742392456
0.656,2.7191690363915257
0.658,2.7208088359169165
0.66,2.7226001051722073
0.662,2.724025420335345
0.664,2.7257544702835017
0.666,2.727380112705528
0.668,2.7287841011189578
0.67,2.7302120378348254
0.672,2.7316285125519872
0.674,2.734065561655939
0.676,2.7350101105945757
0.678,2.736375061100143
0.68,2.738935637975793
0.682,2.7398164727782417
0.684,2.7416263112008727
0.686,2.743727327038037
0.688,2.7445225431539026
0.69,2.746378443958295
0.692,2.7479633570889512
0.694,2.749584304053943
0.696,2.751304941557278
0.698,2.7524900601182147
0.7,2.7545786395733995
0.702,2.755986715156478
0.704,2.7576834417105296
0.706,2.758841700478513
0.708,2.7602397826034895
0.71,2.761905334017671
0.712,2.762987086254274
0.714,2.765029487654798
0.716,2.7671601127780745
0.718,2.7688097229882014
0.72,2.7693533693780066
0.722,2.7712233122893295
0.724,2.7724982904304816
0.726,2.773967868037251
0.728,2.7760177887502624
0.73,2.7774290517165805
0.732,2.779274161824575
0.734,2.780701589535296
0.736,2.782213966275409
0.738,2.7835731366521395
0.74,2.78547252071165
0.742,2.7872064604567233
0.744,2.7880489691170465
0.746,2.7902291511790334
0.748,2.7909950955617617
0.75,2.79325915094353
0.752,2.794237824776934
0.754,2.795956739796382
0.756,2.797076377682178
0.758,2.799509513105392
0.76,2.799762171106643
0.762,2.8024532143294425
0.764,2.803170396515566
0.766,2.804983829867234
0.768,2.8065880815814914
0.77,2.808202840796061
0.772,2.8092699109589825
0.774,2.811351185674751
0.776,2.812908955558001
0.778,2.813899884886377
0.78,2.8155868937299546
0.782,2.817184073162169
0.784,2.818998973831296
0.786,2.820031240557894
0.788,2.8213968334940427
0.79,2.823397274616336
0.792,2.824802340612106
0.794,2.8262680577322294
0.796,2.827794403108959
0.798,2.8292757929813077
0.8,2.830540404153023
0.802,2.832803788299909
0.804,2.8332924474589114
0.806,2.834878684981288
0.808,2.8361555702245003
0.81,2.8377980734884822
0.812,2.839217676389345
0.814,2.841307830908379
0.816,2.842527401945218
0.818,2.84417964358682
0.82,2.845844199617067
0.822,2.8464709095812415
0.824,2.8488983192264095
0.826,2.8499915003037692
0.828,2.851634361605812
0.83,2.852607696999813
0.832,2.854064365634249
0.834,2.8552057294696414
0.836,2.8571510143344403
0.838,2.8589309286245856
0.84,2.8608411451168423
0.842,2.861752772407593
0.844,2.863043460404998
0.846,2.8644085610929766
0.848,2.866106465894394
0.85,2.867531078898346
0.852,2.8691809215334407
0.854,2.8704248555467893
0.856,2.8719416983481474
0.858,2.8734020323472147
0.86,2.8744788515527535
0.862,2.8766246365669694
0.864,2.8779036567278538
0.866,2.8789445744099944
0.868,2.8806110065565007
0.87,2.882076267908518
0.872,2.88316207389464
0.874,2.885063470421055
0.876,2.8865857611383006
0.878,2.888015636193782
0.88,2.8898546073312272
0.882,2.890892922590516
0.884,2.892105573360826
0.886,2.894118974095533
0.888,2.8949648279172964
0.89,2.8960451177542783
0.892,2.8983556654865326
0.894,2.899704148076767
0.896,2.9005227682516055
0.898,2.902308995042065
0.9,2.904245468253153
0.902,2.9051140675001603
0.904,2.906517726662001
0.906,2.9082030291446115
0.908,2.9094978327736287
0.91,2.911145697068458
0.912,2.912304477258562
0.914,2.9140427721402142
0.916,2.9151925366129143
0.918,2.916189853571504
0.92,2.9178911699152428
0.922,2.9196002592171575
0.924,2.9210553152138994
0.926,2.922621123495483
0.928,2.9237181079025127
0.93,2.924931819972021
0.932,2.9274038076133904
0.934,2.9277571372188924
0.936,2.9292481263773817
0.938,2.9311047022395025
0.94,2.931885568361996
0.942,2.9339392961363164
0.944,2.9345982905854657
0.946,2.936459268576149
0.948,2.938122301043333
0.95,2.939647693823659
0.952,2.9411565214649693
0.954,2.942115369879918
0.956,2.944157447728747
0.958,2.945110414077829
0.96,2.946272301659357
0.962,2.947903355167712
0.964,2.9493424155970978
0.966,2.9510614112028137
0.968,2.9522176566631226
0.97,2.9536602704546593
0.972,2.954816133100366
0.974,2.956448448462627
0.976,2.957536142639794
0.978,2.95957129790674
0.98,2.9606129183769343
0.982,2.9622392572432323
0.984,2.963260524058147
0.986,2.9645740385363712
0.988,2.96591755181135
0.99,2.96757247301211
0.992,2.9690937187149578
0.994,2.97057928299822
0.996,2.971812623114181
0.998,2.9734758432957906
1.0,2.9745886604041676
